Date,Description,Original Description,Amount,Type,Parent Category,Category,Account,Tags,Memo,Pending
12/31/2025,Transfer from Account 0072,Transfer from Share 0072,750.00,Credit,Transfer,Transfer,SHARE SAVINGS,,Transfer from Share 0072,FALSE
12/31/2025,Transfer To Share,Transfer To Share 0001,750.00,Debit,Transfer,Transfer,FREE CHECKING,,Transfer To Share 0001,FALSE
12/31/2025,Riverside Quick Stop,Debit Card DEBIT TRAN RIVERSIDE QUICK STOP LAKEVIEW OH,4.48,Debit,Food & Dining,Convenience,FREE CHECKING,,Debit Card DEBIT TRAN RIVERSIDE QUICK STOP LAKEVIEW OH,FALSE
12/31/2025,Fourth Street Market,Debit Card DEBIT TRAN FOURTH STREET MARKET LAKEVIEW OH,1.34,Debit,Food & Dining,Convenience,FREE CHECKING,,Debit Card DEBIT TRAN FOURTH STREET MARKET LAKEVIEW OH,FALSE
12/31/2025,Fourth Street Market,Debit Card DEBIT TRAN FOURTH STREET MARKET LAKEVIEW OH,3.48,Debit,Food & Dining,Convenience,FREE CHECKING,,Debit Card DEBIT TRAN FOURTH STREET MARKET LAKEVIEW OH,FALSE
12/31/2025,Blue Line Snacks,Debit Card DEBIT TRAN BLUE LINE SNACKS LAKEVIEW OH,2.36,Debit,Food & Dining,Convenience,FREE CHECKING,,Debit Card DEBIT TRAN BLUE LINE SNACKS LAKEVIEW OH,FALSE
12/30/2025,Northgate Express Mart,Debit Card DEBIT TRAN NORTHGATE EXPRESS MART LAKEVIEW OH,4.98,Debit,Food & Dining,Convenience,FREE CHECKING,,Debit Card DEBIT TRAN NORTHGATE EXPRESS MART LAKEVIEW OH,FALSE
12/29/2025,Lakeview Farmers Market,Debit Card DEBIT TRAN LAKEVIEW FARMERS MARKET LAKEVIEW OH,10.17,Debit,Food & Dining,Groceries,FREE CHECKING,,Debit Card DEBIT TRAN LAKEVIEW FARMERS MARKET LAKEVIEW OH,FALSE
12/29/2025,Fourth Street Market,Debit Card DEBIT TRAN FOURTH STREET MARKET LAKEVIEW OH,3.48,Debit,Food & Dining,Convenience,FREE CHECKING,,Debit Card DEBIT TRAN FOURTH STREET MARKET LAKEVIEW OH,FALSE
12/29/2025,Campus Corner Deli,Debit Card DEBIT TRAN CAMPUS CORNER DELI LAKEVIEW OH,4.88,Debit,Food & Dining,Convenience,FREE CHECKING,,Debit Card DEBIT TRAN CAMPUS CORNER DELI LAKEVIEW OH,FALSE
12/28/2025,Lyft *Ride Sun 1Pm,Debit Card DEBIT TRAN LYFT *RIDE SUN 1PM LAKEVIEW OH,18.29,Debit,Auto & Transport,Rideshare,FREE CHECKING,,Debit Card DEBIT TRAN LYFT *RIDE SUN 1PM LAKEVIEW OH,FALSE
12/28/2025,Lakeview Transit Auth,Debit Card DEBIT TRAN LAKEVIEW TRANSIT AUTH LAKEVIEW OH,2.75,Debit,Auto & Transport,Public Transit,FREE CHECKING,,Debit Card DEBIT TRAN LAKEVIEW TRANSIT AUTH LAKEVIEW OH,FALSE
12/28/2025,Lakeview Transit Auth,Debit Card DEBIT TRAN LAKEVIEW TRANSIT AUTH LAKEVIEW OH,2.75,Debit,Auto & Transport,Public Transit,FREE CHECKING,,Debit Card DEBIT TRAN LAKEVIEW TRANSIT AUTH LAKEVIEW OH,FALSE
12/28/2025,Fourth Street Market,Debit Card DEBIT TRAN FOURTH STREET MARKET LAKEVIEW OH,6.96,Debit,Food & Dining,Convenience,FREE CHECKING,,Debit Card DEBIT TRAN FOURTH STREET MARKET LAKEVIEW OH,FALSE
12/27/2025,Vantel Fiber,Withdrawal VANTEL FIBER / TYPE: INTERNET CO: VANTEL FIBER %% ACH ECC WEB,45.00,Debit,Bills & Utilities,Internet,FREE CHECKING,,TYPE: INTERNET CO: VANTEL FIBER %% ACH ECC WEB,FALSE
12/27/2025,Chipotle,Debit Card DEBIT TRAN CHIPOTLE 2291 LAKEVIEW OH,10.59,Debit,Food & Dining,Restaurants,FREE CHECKING,,Debit Card DEBIT TRAN CHIPOTLE 2291 LAKEVIEW OH,FALSE
12/26/2025,Transfer to Venmo,Withdrawal VENMO / TYPE: PAYMENT CO: VENMO %% ACH ECC WEB,23.50,Debit,Transfer,Venmo,FREE CHECKING,,TYPE: PAYMENT CO: VENMO %% ACH ECC WEB,FALSE
12/26/2025,Trader Joe's,Debit Card DEBIT TRAN TRADER JOE'S #712 LAKEVIEW OH,31.82,Debit,Food & Dining,Groceries,FREE CHECKING,,Debit Card DEBIT TRAN TRADER JOE'S #712 LAKEVIEW OH,FALSE
12/26/2025,Lakeview County Payroll,Deposit LAKEVIEW COUNTY PAYROLL / TYPE: DIRECT DEP ID: XXXXXX4410 CO: LAKEVIEW COUNTY %% ACH ECC PPD,1970.68,Credit,Income,Paycheck,FREE CHECKING,,TYPE: DIRECT DEP ID: XXXXXX4410 CO: LAKEVIEW COUNTY %% ACH ECC PPD,FALSE
12/26/2025,Fourth Street Market,Debit Card DEBIT TRAN FOURTH STREET MARKET LAKEVIEW OH,5.35,Debit,Food & Dining,Convenience,FREE CHECKING,,Debit Card DEBIT TRAN FOURTH STREET MARKET LAKEVIEW OH,FALSE
12/26/2025,Fourth Street Market,Debit Card DEBIT TRAN FOURTH STREET MARKET LAKEVIEW OH,1.34,Debit,Food & Dining,Convenience,FREE CHECKING,,Debit Card DEBIT TRAN FOURTH STREET MARKET LAKEVIEW OH,FALSE
12/26/2025,Fourth Street Market,Debit Card DEBIT TRAN FOURTH STREET MARKET LAKEVIEW OH,3.48,Debit,Food & Dining,Convenience,FREE CHECKING,,Debit Card DEBIT TRAN FOURTH STREET MARKET LAKEVIEW OH,FALSE
12/26/2025,Elm & 9Th Convenience,Debit Card DEBIT TRAN ELM & 9TH CONVENIENCE LAKEVIEW OH,7.16,Debit,Food & Dining,Convenience,FREE CHECKING,,Debit Card DEBIT TRAN ELM & 9TH CONVENIENCE LAKEVIEW OH,FALSE
12/25/2025,Northline Gas,Withdrawal NORTHLINE GAS / TYPE: GAS BILL CO: NORTHLINE GAS %% ACH ECC CCD,27.44,Debit,Bills & Utilities,Utilities,FREE CHECKING,,TYPE: GAS BILL CO: NORTHLINE GAS %% ACH ECC CCD,FALSE
12/25/2025,Fourth Street Market,Debit Card DEBIT TRAN FOURTH STREET MARKET LAKEVIEW OH,6.96,Debit,Food & Dining,Convenience,FREE CHECKING,,Debit Card DEBIT TRAN FOURTH STREET MARKET LAKEVIEW OH,FALSE
12/24/2025,Fourth Street Market,Debit Card DEBIT TRAN FOURTH STREET MARKET LAKEVIEW OH,3.48,Debit,Food & Dining,Convenience,FREE CHECKING,,Debit Card DEBIT TRAN FOURTH STREET MARKET LAKEVIEW OH,FALSE
12/20/2025,Transfer to Venmo,Withdrawal VENMO / TYPE: PAYMENT CO: VENMO %% ACH ECC WEB,8.00,Debit,Transfer,Venmo,FREE CHECKING,,TYPE: PAYMENT CO: VENMO %% ACH ECC WEB,FALSE
12/20/2025,Lakeview Power & Light,Withdrawal LAKEVIEW PWR & LIGHT / TYPE: ELECTRIC ID: XXXXXX7002 CO: LAKEVIEW PWR LT %% ACH ECC CCD,60.85,Debit,Bills & Utilities,Utilities,FREE CHECKING,,TYPE: ELECTRIC ID: XXXXXX7002 CO: LAKEVIEW PWR LT %% ACH ECC CCD,FALSE
12/20/2025,Chipotle,Debit Card DEBIT TRAN CHIPOTLE 2291 LAKEVIEW OH,14.37,Debit,Food & Dining,Restaurants,FREE CHECKING,,Debit Card DEBIT TRAN CHIPOTLE 2291 LAKEVIEW OH,FALSE
12/19/2025,Wendy's,Debit Card DEBIT TRAN WENDY'S #4471 LAKEVIEW OH,8.43,Debit,Food & Dining,Restaurants,FREE CHECKING,,Debit Card DEBIT TRAN WENDY'S #4471 LAKEVIEW OH,FALSE
12/19/2025,Elm & 9Th Convenience,Debit Card DEBIT TRAN ELM & 9TH CONVENIENCE LAKEVIEW OH,3.01,Debit,Food & Dining,Convenience,FREE CHECKING,,Debit Card DEBIT TRAN ELM & 9TH CONVENIENCE LAKEVIEW OH,FALSE
12/19/2025,Cafe Lumen,Debit Card DEBIT TRAN CAFE LUMEN LAKEVIEW OH,6.04,Debit,Food & Dining,Restaurants,FREE CHECKING,,Debit Card DEBIT TRAN CAFE LUMEN LAKEVIEW OH,FALSE
12/18/2025,Starbucks,Debit Card DEBIT TRAN STARBUCKS #22910 LAKEVIEW OH,6.45,Debit,Food & Dining,Restaurants,FREE CHECKING,,Debit Card DEBIT TRAN STARBUCKS #22910 LAKEVIEW OH,FALSE
12/18/2025,Riverside Quick Stop,Debit Card DEBIT TRAN RIVERSIDE QUICK STOP LAKEVIEW OH,5.95,Debit,Food & Dining,Convenience,FREE CHECKING,,Debit Card DEBIT TRAN RIVERSIDE QUICK STOP LAKEVIEW OH,FALSE
12/18/2025,Lakeview Parking,Debit Card DEBIT TRAN LAKEVIEW PARKING LAKEVIEW OH,9.21,Debit,Auto & Transport,Rideshare,FREE CHECKING,,Debit Card DEBIT TRAN LAKEVIEW PARKING LAKEVIEW OH,FALSE
12/18/2025,Golden Wok,Debit Card DEBIT TRAN GOLDEN WOK LAKEVIEW OH,15.44,Debit,Food & Dining,Restaurants,FREE CHECKING,,Debit Card DEBIT TRAN GOLDEN WOK LAKEVIEW OH,FALSE
12/17/2025,Riverside Quick Stop,Debit Card DEBIT TRAN RIVERSIDE QUICK STOP LAKEVIEW OH,6.79,Debit,Food & Dining,Convenience,FREE CHECKING,,Debit Card DEBIT TRAN RIVERSIDE QUICK STOP LAKEVIEW OH,FALSE
12/16/2025,Granite State Servicing,Withdrawal GRANITE STATE SERVICING / TYPE: STUDENT LN ID: XXXXXX2007 CO: GRANITE STATE SVC %% ACH ECC PPD,78.20,Debit,Education,Student Loan,FREE CHECKING,,TYPE: STUDENT LN ID: XXXXXX2007 CO: GRANITE STATE SVC %% ACH ECC PPD,FALSE
12/16/2025,Fourth Street Market,Debit Card DEBIT TRAN FOURTH STREET MARKET LAKEVIEW OH,5.35,Debit,Food & Dining,Convenience,FREE CHECKING,,Debit Card DEBIT TRAN FOURTH STREET MARKET LAKEVIEW OH,FALSE
12/16/2025,Chase Credit Card,Withdrawal CHASE CREDIT CRD / TYPE: AUTOPAY ID: XXXXXX4417 CO: CHASE CREDIT CRD %% ACH ECC WEB,267.47,Debit,Transfer,Credit Card Payment,FREE CHECKING,,TYPE: AUTOPAY ID: XXXXXX4417 CO: CHASE CREDIT CRD %% ACH ECC WEB,FALSE
12/15/2025,Fourth Street Market,Debit Card DEBIT TRAN FOURTH STREET MARKET LAKEVIEW OH,3.48,Debit,Food & Dining,Convenience,FREE CHECKING,,Debit Card DEBIT TRAN FOURTH STREET MARKET LAKEVIEW OH,FALSE
12/15/2025,Blue Line Snacks,Debit Card DEBIT TRAN BLUE LINE SNACKS LAKEVIEW OH,5.30,Debit,Food & Dining,Convenience,FREE CHECKING,,Debit Card DEBIT TRAN BLUE LINE SNACKS LAKEVIEW OH,FALSE
12/14/2025,Starbucks,Debit Card DEBIT TRAN STARBUCKS #22910 LAKEVIEW OH,5.15,Debit,Food & Dining,Restaurants,FREE CHECKING,,Debit Card DEBIT TRAN STARBUCKS #22910 LAKEVIEW OH,FALSE
12/14/2025,Starbucks,Debit Card DEBIT TRAN STARBUCKS #22910 LAKEVIEW OH,5.64,Debit,Food & Dining,Restaurants,FREE CHECKING,,Debit Card DEBIT TRAN STARBUCKS #22910 LAKEVIEW OH,FALSE
12/13/2025,Sunrise Bodega,Debit Card DEBIT TRAN SUNRISE BODEGA LAKEVIEW OH,8.73,Debit,Food & Dining,Convenience,FREE CHECKING,,Debit Card DEBIT TRAN SUNRISE BODEGA LAKEVIEW OH,FALSE
12/13/2025,Starbucks,Debit Card DEBIT TRAN STARBUCKS #22910 LAKEVIEW OH,4.69,Debit,Food & Dining,Restaurants,FREE CHECKING,,Debit Card DEBIT TRAN STARBUCKS #22910 LAKEVIEW OH,FALSE
12/13/2025,Aldi,Debit Card DEBIT TRAN ALDI 71034 LAKEVIEW OH,25.10,Debit,Food & Dining,Groceries,FREE CHECKING,,Debit Card DEBIT TRAN ALDI 71034 LAKEVIEW OH,FALSE
12/12/2025,Lakeview County Payroll,Deposit LAKEVIEW COUNTY PAYROLL / TYPE: DIRECT DEP ID: XXXXXX4410 CO: LAKEVIEW COUNTY %% ACH ECC PPD,1970.68,Credit,Income,Paycheck,FREE CHECKING,,TYPE: DIRECT DEP ID: XXXXXX4410 CO: LAKEVIEW COUNTY %% ACH ECC PPD,FALSE
12/11/2025,Fourth Street Market,Debit Card DEBIT TRAN FOURTH STREET MARKET LAKEVIEW OH,6.69,Debit,Food & Dining,Convenience,FREE CHECKING,,Debit Card DEBIT TRAN FOURTH STREET MARKET LAKEVIEW OH,FALSE
12/10/2025,Riverside Quick Stop,Debit Card DEBIT TRAN RIVERSIDE QUICK STOP LAKEVIEW OH,2.84,Debit,Food & Dining,Convenience,FREE CHECKING,,Debit Card DEBIT TRAN RIVERSIDE QUICK STOP LAKEVIEW OH,FALSE
12/09/2025,Riverside Quick Stop,Debit Card DEBIT TRAN RIVERSIDE QUICK STOP LAKEVIEW OH,4.01,Debit,Food & Dining,Convenience,FREE CHECKING,,Debit Card DEBIT TRAN RIVERSIDE QUICK STOP LAKEVIEW OH,FALSE
12/09/2025,Fourth Street Market,Debit Card DEBIT TRAN FOURTH STREET MARKET LAKEVIEW OH,3.48,Debit,Food & Dining,Convenience,FREE CHECKING,,Debit Card DEBIT TRAN FOURTH STREET MARKET LAKEVIEW OH,FALSE
12/08/2025,Riverside Quick Stop,Debit Card DEBIT TRAN RIVERSIDE QUICK STOP LAKEVIEW OH,6.25,Debit,Food & Dining,Convenience,FREE CHECKING,,Debit Card DEBIT TRAN RIVERSIDE QUICK STOP LAKEVIEW OH,FALSE
12/08/2025,Riverside Quick Stop,Debit Card DEBIT TRAN RIVERSIDE QUICK STOP LAKEVIEW OH,7.27,Debit,Food & Dining,Convenience,FREE CHECKING,,Debit Card DEBIT TRAN RIVERSIDE QUICK STOP LAKEVIEW OH,FALSE
12/07/2025,Riverside Quick Stop,Debit Card DEBIT TRAN RIVERSIDE QUICK STOP LAKEVIEW OH,3.39,Debit,Food & Dining,Convenience,FREE CHECKING,,Debit Card DEBIT TRAN RIVERSIDE QUICK STOP LAKEVIEW OH,FALSE
12/07/2025,Panera Bread,Debit Card DEBIT TRAN PANERA BREAD #601442 LAKEVIEW OH,9.16,Debit,Food & Dining,Restaurants,FREE CHECKING,,Debit Card DEBIT TRAN PANERA BREAD #601442 LAKEVIEW OH,FALSE
12/07/2025,Fourth Street Market,Debit Card DEBIT TRAN FOURTH STREET MARKET LAKEVIEW OH,5.35,Debit,Food & Dining,Convenience,FREE CHECKING,,Debit Card DEBIT TRAN FOURTH STREET MARKET LAKEVIEW OH,FALSE
12/07/2025,Elm & 9Th Convenience,Debit Card DEBIT TRAN ELM & 9TH CONVENIENCE LAKEVIEW OH,7.91,Debit,Food & Dining,Convenience,FREE CHECKING,,Debit Card DEBIT TRAN ELM & 9TH CONVENIENCE LAKEVIEW OH,FALSE
12/07/2025,Chase Credit Card,Withdrawal CHASE CREDIT CRD / TYPE: AUTOPAY ID: XXXXXX8802 CO: CHASE CREDIT CRD %% ACH ECC WEB,613.77,Debit,Transfer,Credit Card Payment,FREE CHECKING,,TYPE: AUTOPAY ID: XXXXXX8802 CO: CHASE CREDIT CRD %% ACH ECC WEB,FALSE
12/06/2025,Vanguard Buy,Withdrawal VANGUARD BUY / TYPE: INVESTMENT CO: VMC %% ACH ECC WEB,1000.00,Debit,Investments,Investment,SHARE SAVINGS,,TYPE: INVESTMENT CO: VMC %% ACH ECC WEB,FALSE
12/06/2025,Riverside Quick Stop,Debit Card DEBIT TRAN RIVERSIDE QUICK STOP LAKEVIEW OH,2.19,Debit,Food & Dining,Convenience,FREE CHECKING,,Debit Card DEBIT TRAN RIVERSIDE QUICK STOP LAKEVIEW OH,FALSE
12/06/2025,Bandcamp,Debit Card DEBIT TRAN BANDCAMP LAKEVIEW OH,6.12,Debit,Entertainment,Movies & Music,FREE CHECKING,,Debit Card DEBIT TRAN BANDCAMP LAKEVIEW OH,FALSE
12/05/2025,Zelle to Linda Morgan,Withdrawal ZELLE TO LINDA MORGAN / TYPE: P2P CO: ZELLE %% ACH ECC WEB,240.00,Debit,Transfer,Zelle,FREE CHECKING,,TYPE: P2P CO: ZELLE %% ACH ECC WEB,FALSE
12/05/2025,LaundryCard Reload,Withdrawal LAUNDRYCARD RELOAD / TYPE: PURCHASE CO: LAUNDRYCARD,16.00,Debit,Home,Laundry,FREE CHECKING,,TYPE: PURCHASE CO: LAUNDRYCARD,FALSE
12/05/2025,Fourth Street Market,Debit Card DEBIT TRAN FOURTH STREET MARKET LAKEVIEW OH,3.48,Debit,Food & Dining,Convenience,FREE CHECKING,,Debit Card DEBIT TRAN FOURTH STREET MARKET LAKEVIEW OH,FALSE
12/05/2025,Fourth Street Market,Debit Card DEBIT TRAN FOURTH STREET MARKET LAKEVIEW OH,5.35,Debit,Food & Dining,Convenience,FREE CHECKING,,Debit Card DEBIT TRAN FOURTH STREET MARKET LAKEVIEW OH,FALSE
12/05/2025,Fourth Street Market,Debit Card DEBIT TRAN FOURTH STREET MARKET LAKEVIEW OH,3.48,Debit,Food & Dining,Convenience,FREE CHECKING,,Debit Card DEBIT TRAN FOURTH STREET MARKET LAKEVIEW OH,FALSE
12/05/2025,Blue Line Snacks,Debit Card DEBIT TRAN BLUE LINE SNACKS LAKEVIEW OH,2.98,Debit,Food & Dining,Convenience,FREE CHECKING,,Debit Card DEBIT TRAN BLUE LINE SNACKS LAKEVIEW OH,FALSE
12/04/2025,Wendy's,Debit Card DEBIT TRAN WENDY'S #4471 LAKEVIEW OH,6.62,Debit,Food & Dining,Restaurants,FREE CHECKING,,Debit Card DEBIT TRAN WENDY'S #4471 LAKEVIEW OH,FALSE
12/04/2025,Sunrise Bodega,Debit Card DEBIT TRAN SUNRISE BODEGA LAKEVIEW OH,8.31,Debit,Food & Dining,Convenience,FREE CHECKING,,Debit Card DEBIT TRAN SUNRISE BODEGA LAKEVIEW OH,FALSE
12/04/2025,Riverside Quick Stop,Debit Card DEBIT TRAN RIVERSIDE QUICK STOP LAKEVIEW OH,6.37,Debit,Food & Dining,Convenience,FREE CHECKING,,Debit Card DEBIT TRAN RIVERSIDE QUICK STOP LAKEVIEW OH,FALSE
12/04/2025,Elm & 9Th Convenience,Debit Card DEBIT TRAN ELM & 9TH CONVENIENCE LAKEVIEW OH,6.40,Debit,Food & Dining,Convenience,FREE CHECKING,,Debit Card DEBIT TRAN ELM & 9TH CONVENIENCE LAKEVIEW OH,FALSE
12/03/2025,Kroger,Debit Card DEBIT TRAN KROGER #445 LAKEVIEW OH,29.61,Debit,Food & Dining,Groceries,FREE CHECKING,,Debit Card DEBIT TRAN KROGER #445 LAKEVIEW OH,FALSE
12/03/2025,Fourth Street Market,Debit Card DEBIT TRAN FOURTH STREET MARKET LAKEVIEW OH,1.87,Debit,Food & Dining,Convenience,FREE CHECKING,,Debit Card DEBIT TRAN FOURTH STREET MARKET LAKEVIEW OH,FALSE
12/03/2025,Elm & 9Th Convenience,Debit Card DEBIT TRAN ELM & 9TH CONVENIENCE LAKEVIEW OH,5.60,Debit,Food & Dining,Convenience,FREE CHECKING,,Debit Card DEBIT TRAN ELM & 9TH CONVENIENCE LAKEVIEW OH,FALSE
12/02/2025,Riverside Cinema,Debit Card DEBIT TRAN RIVERSIDE CINEMA LAKEVIEW OH,18.32,Debit,Entertainment,Movies & Music,FREE CHECKING,,Debit Card DEBIT TRAN RIVERSIDE CINEMA LAKEVIEW OH,FALSE
12/02/2025,Fourth Street Market,Debit Card DEBIT TRAN FOURTH STREET MARKET LAKEVIEW OH,5.35,Debit,Food & Dining,Convenience,FREE CHECKING,,Debit Card DEBIT TRAN FOURTH STREET MARKET LAKEVIEW OH,FALSE
12/01/2025,Riverside Quick Stop,Debit Card DEBIT TRAN RIVERSIDE QUICK STOP LAKEVIEW OH,3.18,Debit,Food & Dining,Convenience,FREE CHECKING,,Debit Card DEBIT TRAN RIVERSIDE QUICK STOP LAKEVIEW OH,FALSE
12/01/2025,Havenbrook Residential,Withdrawal HAVENBROOK RESIDENTIAL / TYPE: RENT ID: XXXXXX2210 CO: HAVENBROOK RES %% ACH ECC PPD,1285.00,Debit,Home,Rent,FREE CHECKING,,TYPE: RENT ID: XXXXXX2210 CO: HAVENBROOK RES %% ACH ECC PPD,FALSE
11/30/2025,Walgreens,Debit Card DEBIT TRAN WALGREENS #3310 LAKEVIEW OH,9.53,Debit,Health & Fitness,Pharmacy,FREE CHECKING,,Debit Card DEBIT TRAN WALGREENS #3310 LAKEVIEW OH,FALSE
11/30/2025,Transfer to Venmo,Withdrawal VENMO / TYPE: PAYMENT CO: VENMO %% ACH ECC WEB,6.00,Debit,Transfer,Venmo,FREE CHECKING,,TYPE: PAYMENT CO: VENMO %% ACH ECC WEB,FALSE
11/30/2025,Transfer from Account 0072,Transfer from Share 0072,750.00,Credit,Transfer,Transfer,SHARE SAVINGS,,Transfer from Share 0072,FALSE
11/30/2025,Transfer To Share,Transfer To Share 0001,750.00,Debit,Transfer,Transfer,FREE CHECKING,,Transfer To Share 0001,FALSE
11/30/2025,Riverside Quick Stop,Debit Card DEBIT TRAN RIVERSIDE QUICK STOP LAKEVIEW OH,5.06,Debit,Food & Dining,Convenience,FREE CHECKING,,Debit Card DEBIT TRAN RIVERSIDE QUICK STOP LAKEVIEW OH,FALSE
11/29/2025,Trader Joe's,Debit Card DEBIT TRAN TRADER JOE'S #712 LAKEVIEW OH,34.37,Debit,Food & Dining,Groceries,FREE CHECKING,,Debit Card DEBIT TRAN TRADER JOE'S #712 LAKEVIEW OH,FALSE
11/29/2025,Lakeview Farmers Market,Debit Card DEBIT TRAN LAKEVIEW FARMERS MARKET LAKEVIEW OH,16.28,Debit,Food & Dining,Groceries,FREE CHECKING,,Debit Card DEBIT TRAN LAKEVIEW FARMERS MARKET LAKEVIEW OH,FALSE
11/29/2025,Kroger,Debit Card DEBIT TRAN KROGER #445 LAKEVIEW OH,29.31,Debit,Food & Dining,Groceries,FREE CHECKING,,Debit Card DEBIT TRAN KROGER #445 LAKEVIEW OH,FALSE
11/29/2025,Campus Corner Deli,Debit Card DEBIT TRAN CAMPUS CORNER DELI LAKEVIEW OH,4.70,Debit,Food & Dining,Convenience,FREE CHECKING,,Debit Card DEBIT TRAN CAMPUS CORNER DELI LAKEVIEW OH,FALSE
11/29/2025,Amc Theatres,Debit Card DEBIT TRAN AMC THEATRES #2255 LAKEVIEW OH,15.11,Debit,Entertainment,Movies & Music,FREE CHECKING,,Debit Card DEBIT TRAN AMC THEATRES #2255 LAKEVIEW OH,FALSE
11/28/2025,Lakeview County Payroll,Deposit LAKEVIEW COUNTY PAYROLL / TYPE: DIRECT DEP ID: XXXXXX4410 CO: LAKEVIEW COUNTY %% ACH ECC PPD,1970.68,Credit,Income,Paycheck,FREE CHECKING,,TYPE: DIRECT DEP ID: XXXXXX4410 CO: LAKEVIEW COUNTY %% ACH ECC PPD,FALSE
11/27/2025,Vantel Fiber,Withdrawal VANTEL FIBER / TYPE: INTERNET CO: VANTEL FIBER %% ACH ECC WEB,45.00,Debit,Bills & Utilities,Internet,FREE CHECKING,,TYPE: INTERNET CO: VANTEL FIBER %% ACH ECC WEB,FALSE
11/27/2025,Panera Bread,Debit Card DEBIT TRAN PANERA BREAD #601442 LAKEVIEW OH,9.78,Debit,Food & Dining,Restaurants,FREE CHECKING,,Debit Card DEBIT TRAN PANERA BREAD #601442 LAKEVIEW OH,FALSE
11/27/2025,Golden Wok,Debit Card DEBIT TRAN GOLDEN WOK LAKEVIEW OH,13.99,Debit,Food & Dining,Restaurants,FREE CHECKING,,Debit Card DEBIT TRAN GOLDEN WOK LAKEVIEW OH,FALSE
11/27/2025,Fourth Street Market,Debit Card DEBIT TRAN FOURTH STREET MARKET LAKEVIEW OH,1.87,Debit,Food & Dining,Convenience,FREE CHECKING,,Debit Card DEBIT TRAN FOURTH STREET MARKET LAKEVIEW OH,FALSE
11/25/2025,Northline Gas,Withdrawal NORTHLINE GAS / TYPE: GAS BILL CO: NORTHLINE GAS %% ACH ECC CCD,25.12,Debit,Bills & Utilities,Utilities,FREE CHECKING,,TYPE: GAS BILL CO: NORTHLINE GAS %% ACH ECC CCD,FALSE
11/24/2025,Riverside Quick Stop,Debit Card DEBIT TRAN RIVERSIDE QUICK STOP LAKEVIEW OH,6.95,Debit,Food & Dining,Convenience,FREE CHECKING,,Debit Card DEBIT TRAN RIVERSIDE QUICK STOP LAKEVIEW OH,FALSE
11/24/2025,Discover Card Payment,Withdrawal DISCOVER / TYPE: E-PAYMENT CO: DISCOVER %% ACH ECC WEB,96.40,Debit,Transfer,Credit Card Payment,FREE CHECKING,,TYPE: E-PAYMENT CO: DISCOVER %% ACH ECC WEB,FALSE
11/23/2025,Lakeview Gas & Go,Debit Card DEBIT TRAN LAKEVIEW GAS & GO LAKEVIEW OH,3.01,Debit,Food & Dining,Convenience,FREE CHECKING,,Debit Card DEBIT TRAN LAKEVIEW GAS & GO LAKEVIEW OH,FALSE
11/22/2025,Riverside Quick Stop,Debit Card DEBIT TRAN RIVERSIDE QUICK STOP LAKEVIEW OH,3.42,Debit,Food & Dining,Convenience,FREE CHECKING,,Debit Card DEBIT TRAN RIVERSIDE QUICK STOP LAKEVIEW OH,FALSE
11/21/2025,Kroger,Debit Card DEBIT TRAN KROGER #445 LAKEVIEW OH,41.83,Debit,Food & Dining,Groceries,FREE CHECKING,,Debit Card DEBIT TRAN KROGER #445 LAKEVIEW OH,FALSE
11/20/2025,Lakeview Power & Light,Withdrawal LAKEVIEW PWR & LIGHT / TYPE: ELECTRIC ID: XXXXXX7002 CO: LAKEVIEW PWR LT %% ACH ECC CCD,69.29,Debit,Bills & Utilities,Utilities,FREE CHECKING,,TYPE: ELECTRIC ID: XXXXXX7002 CO: LAKEVIEW PWR LT %% ACH ECC CCD,FALSE
11/19/2025,Transfer to Venmo,Withdrawal VENMO / TYPE: PAYMENT CO: VENMO %% ACH ECC WEB,23.50,Debit,Transfer,Venmo,FREE CHECKING,,TYPE: PAYMENT CO: VENMO %% ACH ECC WEB,FALSE
11/19/2025,Lakeview Parking,Debit Card DEBIT TRAN LAKEVIEW PARKING LAKEVIEW OH,8.21,Debit,Auto & Transport,Rideshare,FREE CHECKING,,Debit Card DEBIT TRAN LAKEVIEW PARKING LAKEVIEW OH,FALSE
11/19/2025,Kroger,Debit Card DEBIT TRAN KROGER #445 LAKEVIEW OH,27.86,Debit,Food & Dining,Groceries,FREE CHECKING,,Debit Card DEBIT TRAN KROGER #445 LAKEVIEW OH,FALSE
11/18/2025,Starbucks,Debit Card DEBIT TRAN STARBUCKS #22910 LAKEVIEW OH,6.54,Debit,Food & Dining,Restaurants,FREE CHECKING,,Debit Card DEBIT TRAN STARBUCKS #22910 LAKEVIEW OH,FALSE
11/17/2025,Fourth Street Market,Debit Card DEBIT TRAN FOURTH STREET MARKET LAKEVIEW OH,5.35,Debit,Food & Dining,Convenience,FREE CHECKING,,Debit Card DEBIT TRAN FOURTH STREET MARKET LAKEVIEW OH,FALSE
11/16/2025,Kroger,Debit Card DEBIT TRAN KROGER #445 LAKEVIEW OH,47.54,Debit,Food & Dining,Groceries,FREE CHECKING,,Debit Card DEBIT TRAN KROGER #445 LAKEVIEW OH,FALSE
11/16/2025,Granite State Servicing,Withdrawal GRANITE STATE SERVICING / TYPE: STUDENT LN ID: XXXXXX2007 CO: GRANITE STATE SVC %% ACH ECC PPD,78.20,Debit,Education,Student Loan,FREE CHECKING,,TYPE: STUDENT LN ID: XXXXXX2007 CO: GRANITE STATE SVC %% ACH ECC PPD,FALSE
11/16/2025,Chase Credit Card,Withdrawal CHASE CREDIT CRD / TYPE: AUTOPAY ID: XXXXXX4417 CO: CHASE CREDIT CRD %% ACH ECC WEB,390.23,Debit,Transfer,Credit Card Payment,FREE CHECKING,,TYPE: AUTOPAY ID: XXXXXX4417 CO: CHASE CREDIT CRD %% ACH ECC WEB,FALSE
11/16/2025,Bandcamp,Debit Card DEBIT TRAN BANDCAMP LAKEVIEW OH,8.11,Debit,Entertainment,Movies & Music,FREE CHECKING,,Debit Card DEBIT TRAN BANDCAMP LAKEVIEW OH,FALSE
11/14/2025,Lakeview Parking,Debit Card DEBIT TRAN LAKEVIEW PARKING LAKEVIEW OH,6.23,Debit,Auto & Transport,Rideshare,FREE CHECKING,,Debit Card DEBIT TRAN LAKEVIEW PARKING LAKEVIEW OH,FALSE
11/14/2025,Lakeview County Payroll,Deposit LAKEVIEW COUNTY PAYROLL / TYPE: DIRECT DEP ID: XXXXXX4410 CO: LAKEVIEW COUNTY %% ACH ECC PPD,1970.68,Credit,Income,Paycheck,FREE CHECKING,,TYPE: DIRECT DEP ID: XXXXXX4410 CO: LAKEVIEW COUNTY %% ACH ECC PPD,FALSE
11/13/2025,Fourth Street Market,Debit Card DEBIT TRAN FOURTH STREET MARKET LAKEVIEW OH,3.48,Debit,Food & Dining,Convenience,FREE CHECKING,,Debit Card DEBIT TRAN FOURTH STREET MARKET LAKEVIEW OH,FALSE
11/12/2025,Lakeview Transit Auth,Debit Card DEBIT TRAN LAKEVIEW TRANSIT AUTH LAKEVIEW OH,2.75,Debit,Auto & Transport,Public Transit,FREE CHECKING,,Debit Card DEBIT TRAN LAKEVIEW TRANSIT AUTH LAKEVIEW OH,FALSE
11/12/2025,Lakeview Transit Auth,Debit Card DEBIT TRAN LAKEVIEW TRANSIT AUTH LAKEVIEW OH,2.75,Debit,Auto & Transport,Public Transit,FREE CHECKING,,Debit Card DEBIT TRAN LAKEVIEW TRANSIT AUTH LAKEVIEW OH,FALSE
11/12/2025,Lakeview Parking,Debit Card DEBIT TRAN LAKEVIEW PARKING LAKEVIEW OH,9.61,Debit,Auto & Transport,Rideshare,FREE CHECKING,,Debit Card DEBIT TRAN LAKEVIEW PARKING LAKEVIEW OH,FALSE
11/12/2025,Cvs/Pharmacy,Debit Card DEBIT TRAN CVS/PHARMACY #8812 LAKEVIEW OH,19.16,Debit,Health & Fitness,Pharmacy,FREE CHECKING,,Debit Card DEBIT TRAN CVS/PHARMACY #8812 LAKEVIEW OH,FALSE
11/11/2025,Northgate Express Mart,Debit Card DEBIT TRAN NORTHGATE EXPRESS MART LAKEVIEW OH,7.08,Debit,Food & Dining,Convenience,FREE CHECKING,,Debit Card DEBIT TRAN NORTHGATE EXPRESS MART LAKEVIEW OH,FALSE
11/11/2025,Kroger,Debit Card DEBIT TRAN KROGER #445 LAKEVIEW OH,47.13,Debit,Food & Dining,Groceries,FREE CHECKING,,Debit Card DEBIT TRAN KROGER #445 LAKEVIEW OH,FALSE
11/11/2025,Fourth Street Market,Debit Card DEBIT TRAN FOURTH STREET MARKET LAKEVIEW OH,3.48,Debit,Food & Dining,Convenience,FREE CHECKING,,Debit Card DEBIT TRAN FOURTH STREET MARKET LAKEVIEW OH,FALSE
11/09/2025,Target,Debit Card DEBIT TRAN TARGET 00028215 LAKEVIEW OH,55.12,Debit,Shopping,General Merchandise,FREE CHECKING,,Debit Card DEBIT TRAN TARGET 00028215 LAKEVIEW OH,FALSE
11/09/2025,Fourth Street Market,Debit Card DEBIT TRAN FOURTH STREET MARKET LAKEVIEW OH,3.48,Debit,Food & Dining,Convenience,FREE CHECKING,,Debit Card DEBIT TRAN FOURTH STREET MARKET LAKEVIEW OH,FALSE
11/08/2025,Fourth Street Market,Debit Card DEBIT TRAN FOURTH STREET MARKET LAKEVIEW OH,3.48,Debit,Food & Dining,Convenience,FREE CHECKING,,Debit Card DEBIT TRAN FOURTH STREET MARKET LAKEVIEW OH,FALSE
11/08/2025,Fourth Street Market,Debit Card DEBIT TRAN FOURTH STREET MARKET LAKEVIEW OH,1.61,Debit,Food & Dining,Convenience,FREE CHECKING,,Debit Card DEBIT TRAN FOURTH STREET MARKET LAKEVIEW OH,FALSE
11/07/2025,Fourth Street Market,Debit Card DEBIT TRAN FOURTH STREET MARKET LAKEVIEW OH,3.48,Debit,Food & Dining,Convenience,FREE CHECKING,,Debit Card DEBIT TRAN FOURTH STREET MARKET LAKEVIEW OH,FALSE
11/07/2025,Chase Credit Card,Withdrawal CHASE CREDIT CRD / TYPE: AUTOPAY ID: XXXXXX8802 CO: CHASE CREDIT CRD %% ACH ECC WEB,156.14,Debit,Transfer,Credit Card Payment,FREE CHECKING,,TYPE: AUTOPAY ID: XXXXXX8802 CO: CHASE CREDIT CRD %% ACH ECC WEB,FALSE
11/06/2025,Vanguard Buy,Withdrawal VANGUARD BUY / TYPE: INVESTMENT CO: VMC %% ACH ECC WEB,1200.00,Debit,Investments,Investment,SHARE SAVINGS,,TYPE: INVESTMENT CO: VMC %% ACH ECC WEB,FALSE
11/05/2025,Zelle to Linda Morgan,Withdrawal ZELLE TO LINDA MORGAN / TYPE: P2P CO: ZELLE %% ACH ECC WEB,120.00,Debit,Transfer,Zelle,FREE CHECKING,,TYPE: P2P CO: ZELLE %% ACH ECC WEB,FALSE
11/05/2025,Riverside Quick Stop,Debit Card DEBIT TRAN RIVERSIDE QUICK STOP LAKEVIEW OH,6.60,Debit,Food & Dining,Convenience,FREE CHECKING,,Debit Card DEBIT TRAN RIVERSIDE QUICK STOP LAKEVIEW OH,FALSE
11/05/2025,LaundryCard Reload,Withdrawal LAUNDRYCARD RELOAD / TYPE: PURCHASE CO: LAUNDRYCARD,16.00,Debit,Home,Laundry,FREE CHECKING,,TYPE: PURCHASE CO: LAUNDRYCARD,FALSE
11/05/2025,Kroger,Debit Card DEBIT TRAN KROGER #445 LAKEVIEW OH,45.67,Debit,Food & Dining,Groceries,FREE CHECKING,,Debit Card DEBIT TRAN KROGER #445 LAKEVIEW OH,FALSE
11/05/2025,Fourth Street Market,Debit Card DEBIT TRAN FOURTH STREET MARKET LAKEVIEW OH,3.48,Debit,Food & Dining,Convenience,FREE CHECKING,,Debit Card DEBIT TRAN FOURTH STREET MARKET LAKEVIEW OH,FALSE
11/04/2025,Riverside Quick Stop,Debit Card DEBIT TRAN RIVERSIDE QUICK STOP LAKEVIEW OH,3.22,Debit,Food & Dining,Convenience,FREE CHECKING,,Debit Card DEBIT TRAN RIVERSIDE QUICK STOP LAKEVIEW OH,FALSE
11/04/2025,Fourth Street Market,Debit Card DEBIT TRAN FOURTH STREET MARKET LAKEVIEW OH,3.48,Debit,Food & Dining,Convenience,FREE CHECKING,,Debit Card DEBIT TRAN FOURTH STREET MARKET LAKEVIEW OH,FALSE
11/03/2025,Sunfire Taqueria,Debit Card DEBIT TRAN SUNFIRE TAQUERIA LAKEVIEW OH,17.82,Debit,Food & Dining,Restaurants,FREE CHECKING,,Debit Card DEBIT TRAN SUNFIRE TAQUERIA LAKEVIEW OH,FALSE
11/02/2025,Cafe Lumen,Debit Card DEBIT TRAN CAFE LUMEN LAKEVIEW OH,6.77,Debit,Food & Dining,Restaurants,FREE CHECKING,,Debit Card DEBIT TRAN CAFE LUMEN LAKEVIEW OH,FALSE
11/01/2025,Riverside Quick Stop,Debit Card DEBIT TRAN RIVERSIDE QUICK STOP LAKEVIEW OH,6.78,Debit,Food & Dining,Convenience,FREE CHECKING,,Debit Card DEBIT TRAN RIVERSIDE QUICK STOP LAKEVIEW OH,FALSE
11/01/2025,Havenbrook Residential,Withdrawal HAVENBROOK RESIDENTIAL / TYPE: RENT ID: XXXXXX2210 CO: HAVENBROOK RES %% ACH ECC PPD,1285.00,Debit,Home,Rent,FREE CHECKING,,TYPE: RENT ID: XXXXXX2210 CO: HAVENBROOK RES %% ACH ECC PPD,FALSE
11/01/2025,Fourth Street Market,Debit Card DEBIT TRAN FOURTH STREET MARKET LAKEVIEW OH,3.48,Debit,Food & Dining,Convenience,FREE CHECKING,,Debit Card DEBIT TRAN FOURTH STREET MARKET LAKEVIEW OH,FALSE
10/31/2025,Transfer from Account 0072,Transfer from Share 0072,500.00,Credit,Transfer,Transfer,SHARE SAVINGS,,Transfer from Share 0072,FALSE
10/31/2025,Transfer To Share,Transfer To Share 0001,500.00,Debit,Transfer,Transfer,FREE CHECKING,,Transfer To Share 0001,FALSE
10/31/2025,Lakeview County Payroll,Deposit LAKEVIEW COUNTY PAYROLL / TYPE: DIRECT DEP ID: XXXXXX4410 CO: LAKEVIEW COUNTY %% ACH ECC PPD,1970.68,Credit,Income,Paycheck,FREE CHECKING,,TYPE: DIRECT DEP ID: XXXXXX4410 CO: LAKEVIEW COUNTY %% ACH ECC PPD,FALSE
10/31/2025,Kroger,Debit Card DEBIT TRAN KROGER #445 LAKEVIEW OH,49.96,Debit,Food & Dining,Groceries,FREE CHECKING,,Debit Card DEBIT TRAN KROGER #445 LAKEVIEW OH,FALSE
10/30/2025,Riverside Quick Stop,Debit Card DEBIT TRAN RIVERSIDE QUICK STOP LAKEVIEW OH,7.06,Debit,Food & Dining,Convenience,FREE CHECKING,,Debit Card DEBIT TRAN RIVERSIDE QUICK STOP LAKEVIEW OH,FALSE
10/29/2025,Transfer to Venmo,Withdrawal VENMO / TYPE: PAYMENT CO: VENMO %% ACH ECC WEB,6.00,Debit,Transfer,Venmo,FREE CHECKING,,TYPE: PAYMENT CO: VENMO %% ACH ECC WEB,FALSE
10/27/2025,Vantel Fiber,Withdrawal VANTEL FIBER / TYPE: INTERNET CO: VANTEL FIBER %% ACH ECC WEB,45.00,Debit,Bills & Utilities,Internet,FREE CHECKING,,TYPE: INTERNET CO: VANTEL FIBER %% ACH ECC WEB,FALSE
10/27/2025,Kroger,Debit Card DEBIT TRAN KROGER #445 LAKEVIEW OH,49.25,Debit,Food & Dining,Groceries,FREE CHECKING,,Debit Card DEBIT TRAN KROGER #445 LAKEVIEW OH,FALSE
10/26/2025,Trader Joe's,Debit Card DEBIT TRAN TRADER JOE'S #712 LAKEVIEW OH,19.22,Debit,Food & Dining,Groceries,FREE CHECKING,,Debit Card DEBIT TRAN TRADER JOE'S #712 LAKEVIEW OH,FALSE
10/25/2025,Northline Gas,Withdrawal NORTHLINE GAS / TYPE: GAS BILL CO: NORTHLINE GAS %% ACH ECC CCD,26.46,Debit,Bills & Utilities,Utilities,FREE CHECKING,,TYPE: GAS BILL CO: NORTHLINE GAS %% ACH ECC CCD,FALSE
10/24/2025,Riverside Quick Stop,Debit Card DEBIT TRAN RIVERSIDE QUICK STOP LAKEVIEW OH,6.69,Debit,Food & Dining,Convenience,FREE CHECKING,,Debit Card DEBIT TRAN RIVERSIDE QUICK STOP LAKEVIEW OH,FALSE
10/24/2025,Fourth Street Market,Debit Card DEBIT TRAN FOURTH STREET MARKET LAKEVIEW OH,3.48,Debit,Food & Dining,Convenience,FREE CHECKING,,Debit Card DEBIT TRAN FOURTH STREET MARKET LAKEVIEW OH,FALSE
10/23/2025,Starbucks,Debit Card DEBIT TRAN STARBUCKS #22910 LAKEVIEW OH,6.54,Debit,Food & Dining,Restaurants,FREE CHECKING,,Debit Card DEBIT TRAN STARBUCKS #22910 LAKEVIEW OH,FALSE
10/23/2025,Riverside Quick Stop,Debit Card DEBIT TRAN RIVERSIDE QUICK STOP LAKEVIEW OH,3.73,Debit,Food & Dining,Convenience,FREE CHECKING,,Debit Card DEBIT TRAN RIVERSIDE QUICK STOP LAKEVIEW OH,FALSE
10/23/2025,Lakeview Transit Auth,Debit Card DEBIT TRAN LAKEVIEW TRANSIT AUTH LAKEVIEW OH,2.75,Debit,Auto & Transport,Public Transit,FREE CHECKING,,Debit Card DEBIT TRAN LAKEVIEW TRANSIT AUTH LAKEVIEW OH,FALSE
10/23/2025,Lakeview Transit Auth,Debit Card DEBIT TRAN LAKEVIEW TRANSIT AUTH LAKEVIEW OH,2.75,Debit,Auto & Transport,Public Transit,FREE CHECKING,,Debit Card DEBIT TRAN LAKEVIEW TRANSIT AUTH LAKEVIEW OH,FALSE
10/22/2025,Target,Debit Card DEBIT TRAN TARGET 00028215 LAKEVIEW OH,30.65,Debit,Shopping,General Merchandise,FREE CHECKING,,Debit Card DEBIT TRAN TARGET 00028215 LAKEVIEW OH,FALSE
10/22/2025,Lyft *Ride Sat 2Pm,Debit Card DEBIT TRAN LYFT *RIDE SAT 2PM LAKEVIEW OH,16.70,Debit,Auto & Transport,Rideshare,FREE CHECKING,,Debit Card DEBIT TRAN LYFT *RIDE SAT 2PM LAKEVIEW OH,FALSE
10/21/2025,Lakeview Transit Auth,Debit Card DEBIT TRAN LAKEVIEW TRANSIT AUTH LAKEVIEW OH,2.75,Debit,Auto & Transport,Public Transit,FREE CHECKING,,Debit Card DEBIT TRAN LAKEVIEW TRANSIT AUTH LAKEVIEW OH,FALSE
10/21/2025,Lakeview Transit Auth,Debit Card DEBIT TRAN LAKEVIEW TRANSIT AUTH LAKEVIEW OH,2.75,Debit,Auto & Transport,Public Transit,FREE CHECKING,,Debit Card DEBIT TRAN LAKEVIEW TRANSIT AUTH LAKEVIEW OH,FALSE
10/21/2025,Lakeview Gas & Go,Debit Card DEBIT TRAN LAKEVIEW GAS & GO LAKEVIEW OH,5.95,Debit,Food & Dining,Convenience,FREE CHECKING,,Debit Card DEBIT TRAN LAKEVIEW GAS & GO LAKEVIEW OH,FALSE
10/20/2025,Northgate Express Mart,Debit Card DEBIT TRAN NORTHGATE EXPRESS MART LAKEVIEW OH,7.72,Debit,Food & Dining,Convenience,FREE CHECKING,,Debit Card DEBIT TRAN NORTHGATE EXPRESS MART LAKEVIEW OH,FALSE
10/20/2025,Lyft *Ride Sun 1Pm,Debit Card DEBIT TRAN LYFT *RIDE SUN 1PM LAKEVIEW OH,16.84,Debit,Auto & Transport,Rideshare,FREE CHECKING,,Debit Card DEBIT TRAN LYFT *RIDE SUN 1PM LAKEVIEW OH,FALSE
10/20/2025,Lakeview Power & Light,Withdrawal LAKEVIEW PWR & LIGHT / TYPE: ELECTRIC ID: XXXXXX7002 CO: LAKEVIEW PWR LT %% ACH ECC CCD,79.01,Debit,Bills & Utilities,Utilities,FREE CHECKING,,TYPE: ELECTRIC ID: XXXXXX7002 CO: LAKEVIEW PWR LT %% ACH ECC CCD,FALSE
10/20/2025,Fourth Street Market,Debit Card DEBIT TRAN FOURTH STREET MARKET LAKEVIEW OH,5.35,Debit,Food & Dining,Convenience,FREE CHECKING,,Debit Card DEBIT TRAN FOURTH STREET MARKET LAKEVIEW OH,FALSE
10/20/2025,Fourth Street Market,Debit Card DEBIT TRAN FOURTH STREET MARKET LAKEVIEW OH,5.35,Debit,Food & Dining,Convenience,FREE CHECKING,,Debit Card DEBIT TRAN FOURTH STREET MARKET LAKEVIEW OH,FALSE
10/20/2025,Cornerstone Life Ins Prem,Withdrawal CORNERSTONE LIFE INS PREM / TYPE: PREMIUM CO: CORNERSTONE LIFE %% ACH ECC PPD,93.00,Debit,Financial,Life Insurance,FREE CHECKING,,TYPE: PREMIUM CO: CORNERSTONE LIFE %% ACH ECC PPD,FALSE
10/19/2025,Sunfire Taqueria,Debit Card DEBIT TRAN SUNFIRE TAQUERIA LAKEVIEW OH,21.52,Debit,Food & Dining,Restaurants,FREE CHECKING,,Debit Card DEBIT TRAN SUNFIRE TAQUERIA LAKEVIEW OH,FALSE
10/19/2025,Starbucks,Debit Card DEBIT TRAN STARBUCKS #22910 LAKEVIEW OH,6.14,Debit,Food & Dining,Restaurants,FREE CHECKING,,Debit Card DEBIT TRAN STARBUCKS #22910 LAKEVIEW OH,FALSE
10/19/2025,Shake Shack,Debit Card DEBIT TRAN SHAKE SHACK 1120 LAKEVIEW OH,15.07,Debit,Food & Dining,Restaurants,FREE CHECKING,,Debit Card DEBIT TRAN SHAKE SHACK 1120 LAKEVIEW OH,FALSE
10/19/2025,Lakeview Transit Auth,Debit Card DEBIT TRAN LAKEVIEW TRANSIT AUTH LAKEVIEW OH,2.75,Debit,Auto & Transport,Public Transit,FREE CHECKING,,Debit Card DEBIT TRAN LAKEVIEW TRANSIT AUTH LAKEVIEW OH,FALSE
10/19/2025,Lakeview Transit Auth,Debit Card DEBIT TRAN LAKEVIEW TRANSIT AUTH LAKEVIEW OH,2.75,Debit,Auto & Transport,Public Transit,FREE CHECKING,,Debit Card DEBIT TRAN LAKEVIEW TRANSIT AUTH LAKEVIEW OH,FALSE
10/18/2025,Lyft *Ride Tue 8Am,Debit Card DEBIT TRAN LYFT *RIDE TUE 8AM LAKEVIEW OH,14.24,Debit,Auto & Transport,Rideshare,FREE CHECKING,,Debit Card DEBIT TRAN LYFT *RIDE TUE 8AM LAKEVIEW OH,FALSE
10/18/2025,Fourth Street Market,Debit Card DEBIT TRAN FOURTH STREET MARKET LAKEVIEW OH,1.34,Debit,Food & Dining,Convenience,FREE CHECKING,,Debit Card DEBIT TRAN FOURTH STREET MARKET LAKEVIEW OH,FALSE
10/17/2025,Trader Joe's,Debit Card DEBIT TRAN TRADER JOE'S #712 LAKEVIEW OH,34.38,Debit,Food & Dining,Groceries,FREE CHECKING,,Debit Card DEBIT TRAN TRADER JOE'S #712 LAKEVIEW OH,FALSE
10/17/2025,Lyft *Ride Sun 1Pm,Debit Card DEBIT TRAN LYFT *RIDE SUN 1PM LAKEVIEW OH,11.28,Debit,Auto & Transport,Rideshare,FREE CHECKING,,Debit Card DEBIT TRAN LYFT *RIDE SUN 1PM LAKEVIEW OH,FALSE
10/17/2025,Lakeview County Payroll,Deposit LAKEVIEW COUNTY PAYROLL / TYPE: DIRECT DEP ID: XXXXXX4410 CO: LAKEVIEW COUNTY %% ACH ECC PPD,1970.68,Credit,Income,Paycheck,FREE CHECKING,,TYPE: DIRECT DEP ID: XXXXXX4410 CO: LAKEVIEW COUNTY %% ACH ECC PPD,FALSE
10/17/2025,Chipotle,Debit Card DEBIT TRAN CHIPOTLE 2291 LAKEVIEW OH,15.47,Debit,Food & Dining,Restaurants,FREE CHECKING,,Debit Card DEBIT TRAN CHIPOTLE 2291 LAKEVIEW OH,FALSE
10/16/2025,Lyft *Ride Sat 2Pm,Debit Card DEBIT TRAN LYFT *RIDE SAT 2PM LAKEVIEW OH,11.61,Debit,Auto & Transport,Rideshare,FREE CHECKING,,Debit Card DEBIT TRAN LYFT *RIDE SAT 2PM LAKEVIEW OH,FALSE
10/16/2025,Granite State Servicing,Withdrawal GRANITE STATE SERVICING / TYPE: STUDENT LN ID: XXXXXX2007 CO: GRANITE STATE SVC %% ACH ECC PPD,78.20,Debit,Education,Student Loan,FREE CHECKING,,TYPE: STUDENT LN ID: XXXXXX2007 CO: GRANITE STATE SVC %% ACH ECC PPD,FALSE
10/16/2025,Chase Credit Card,Withdrawal CHASE CREDIT CRD / TYPE: AUTOPAY ID: XXXXXX4417 CO: CHASE CREDIT CRD %% ACH ECC WEB,278.89,Debit,Transfer,Credit Card Payment,FREE CHECKING,,TYPE: AUTOPAY ID: XXXXXX4417 CO: CHASE CREDIT CRD %% ACH ECC WEB,FALSE
10/16/2025,Aldi,Debit Card DEBIT TRAN ALDI 71034 LAKEVIEW OH,15.25,Debit,Food & Dining,Groceries,FREE CHECKING,,Debit Card DEBIT TRAN ALDI 71034 LAKEVIEW OH,FALSE
10/15/2025,Trader Joe's,Debit Card DEBIT TRAN TRADER JOE'S #712 LAKEVIEW OH,37.67,Debit,Food & Dining,Groceries,FREE CHECKING,,Debit Card DEBIT TRAN TRADER JOE'S #712 LAKEVIEW OH,FALSE
10/15/2025,Elm & 9Th Convenience,Debit Card DEBIT TRAN ELM & 9TH CONVENIENCE LAKEVIEW OH,6.04,Debit,Food & Dining,Convenience,FREE CHECKING,,Debit Card DEBIT TRAN ELM & 9TH CONVENIENCE LAKEVIEW OH,FALSE
10/15/2025,ATM Withdrawal #4471 Fourth Street,ATM Withdrawal #4471 FOURTH STREET LAKEVIEW OH,20.00,Debit,Uncategorized,Cash,FREE CHECKING,,ATM Withdrawal #4471 FOURTH STREET LAKEVIEW OH,FALSE
10/15/2025,ATM Surcharge,ATM Surcharge FOURTH STREET,3.00,Debit,Fees & Charges,ATM Fee,FREE CHECKING,,ATM Surcharge FOURTH STREET,FALSE
10/14/2025,Sunrise Bodega,Debit Card DEBIT TRAN SUNRISE BODEGA LAKEVIEW OH,4.11,Debit,Food & Dining,Convenience,FREE CHECKING,,Debit Card DEBIT TRAN SUNRISE BODEGA LAKEVIEW OH,FALSE
10/14/2025,Fourth Street Market,Debit Card DEBIT TRAN FOURTH STREET MARKET LAKEVIEW OH,5.35,Debit,Food & Dining,Convenience,FREE CHECKING,,Debit Card DEBIT TRAN FOURTH STREET MARKET LAKEVIEW OH,FALSE
10/12/2025,Transfer to Venmo,Withdrawal VENMO / TYPE: PAYMENT CO: VENMO %% ACH ECC WEB,27.00,Debit,Transfer,Venmo,FREE CHECKING,,TYPE: PAYMENT CO: VENMO %% ACH ECC WEB,FALSE
10/12/2025,Chipotle,Debit Card DEBIT TRAN CHIPOTLE 2291 LAKEVIEW OH,15.23,Debit,Food & Dining,Restaurants,FREE CHECKING,,Debit Card DEBIT TRAN CHIPOTLE 2291 LAKEVIEW OH,FALSE
10/12/2025,Aldi,Debit Card DEBIT TRAN ALDI 71034 LAKEVIEW OH,31.62,Debit,Food & Dining,Groceries,FREE CHECKING,,Debit Card DEBIT TRAN ALDI 71034 LAKEVIEW OH,FALSE
10/12/2025,Aldi,Debit Card DEBIT TRAN ALDI 71034 LAKEVIEW OH,14.74,Debit,Food & Dining,Groceries,FREE CHECKING,,Debit Card DEBIT TRAN ALDI 71034 LAKEVIEW OH,FALSE
10/11/2025,Cafe Lumen,Debit Card DEBIT TRAN CAFE LUMEN LAKEVIEW OH,4.50,Debit,Food & Dining,Restaurants,FREE CHECKING,,Debit Card DEBIT TRAN CAFE LUMEN LAKEVIEW OH,FALSE
10/10/2025,Golden Wok,Debit Card DEBIT TRAN GOLDEN WOK LAKEVIEW OH,12.21,Debit,Food & Dining,Restaurants,FREE CHECKING,,Debit Card DEBIT TRAN GOLDEN WOK LAKEVIEW OH,FALSE
10/08/2025,Wendy's,Debit Card DEBIT TRAN WENDY'S #4471 LAKEVIEW OH,7.87,Debit,Food & Dining,Restaurants,FREE CHECKING,,Debit Card DEBIT TRAN WENDY'S #4471 LAKEVIEW OH,FALSE
10/08/2025,Riverside Quick Stop,Debit Card DEBIT TRAN RIVERSIDE QUICK STOP LAKEVIEW OH,6.35,Debit,Food & Dining,Convenience,FREE CHECKING,,Debit Card DEBIT TRAN RIVERSIDE QUICK STOP LAKEVIEW OH,FALSE
10/08/2025,Lakeview Transit Auth,Debit Card DEBIT TRAN LAKEVIEW TRANSIT AUTH LAKEVIEW OH,2.75,Debit,Auto & Transport,Public Transit,FREE CHECKING,,Debit Card DEBIT TRAN LAKEVIEW TRANSIT AUTH LAKEVIEW OH,FALSE
10/08/2025,Lakeview Transit Auth,Debit Card DEBIT TRAN LAKEVIEW TRANSIT AUTH LAKEVIEW OH,2.75,Debit,Auto & Transport,Public Transit,FREE CHECKING,,Debit Card DEBIT TRAN LAKEVIEW TRANSIT AUTH LAKEVIEW OH,FALSE
10/08/2025,Kroger,Debit Card DEBIT TRAN KROGER #445 LAKEVIEW OH,48.98,Debit,Food & Dining,Groceries,FREE CHECKING,,Debit Card DEBIT TRAN KROGER #445 LAKEVIEW OH,FALSE
10/08/2025,Fourth Street Market,Debit Card DEBIT TRAN FOURTH STREET MARKET LAKEVIEW OH,5.35,Debit,Food & Dining,Convenience,FREE CHECKING,,Debit Card DEBIT TRAN FOURTH STREET MARKET LAKEVIEW OH,FALSE
10/08/2025,Domino's,Debit Card DEBIT TRAN DOMINO'S 5512 LAKEVIEW OH,15.19,Debit,Food & Dining,Restaurants,FREE CHECKING,,Debit Card DEBIT TRAN DOMINO'S 5512 LAKEVIEW OH,FALSE
10/08/2025,Chipotle,Debit Card DEBIT TRAN CHIPOTLE 2291 LAKEVIEW OH,15.16,Debit,Food & Dining,Restaurants,FREE CHECKING,,Debit Card DEBIT TRAN CHIPOTLE 2291 LAKEVIEW OH,FALSE
10/07/2025,Fourth Street Market,Debit Card DEBIT TRAN FOURTH STREET MARKET LAKEVIEW OH,5.35,Debit,Food & Dining,Convenience,FREE CHECKING,,Debit Card DEBIT TRAN FOURTH STREET MARKET LAKEVIEW OH,FALSE
10/07/2025,Chase Credit Card,Withdrawal CHASE CREDIT CRD / TYPE: AUTOPAY ID: XXXXXX8802 CO: CHASE CREDIT CRD %% ACH ECC WEB,147.89,Debit,Transfer,Credit Card Payment,FREE CHECKING,,TYPE: AUTOPAY ID: XXXXXX8802 CO: CHASE CREDIT CRD %% ACH ECC WEB,FALSE
10/06/2025,Walgreens,Debit Card DEBIT TRAN WALGREENS #3310 LAKEVIEW OH,10.27,Debit,Health & Fitness,Pharmacy,FREE CHECKING,,Debit Card DEBIT TRAN WALGREENS #3310 LAKEVIEW OH,FALSE
10/06/2025,Panera Bread,Debit Card DEBIT TRAN PANERA BREAD #601442 LAKEVIEW OH,8.99,Debit,Food & Dining,Restaurants,FREE CHECKING,,Debit Card DEBIT TRAN PANERA BREAD #601442 LAKEVIEW OH,FALSE
10/06/2025,Fourth Street Market,Debit Card DEBIT TRAN FOURTH STREET MARKET LAKEVIEW OH,1.61,Debit,Food & Dining,Convenience,FREE CHECKING,,Debit Card DEBIT TRAN FOURTH STREET MARKET LAKEVIEW OH,FALSE
10/06/2025,Amc Theatres,Debit Card DEBIT TRAN AMC THEATRES #2255 LAKEVIEW OH,14.83,Debit,Entertainment,Movies & Music,FREE CHECKING,,Debit Card DEBIT TRAN AMC THEATRES #2255 LAKEVIEW OH,FALSE
10/05/2025,Zelle to Linda Morgan,Withdrawal ZELLE TO LINDA MORGAN / TYPE: P2P CO: ZELLE %% ACH ECC WEB,120.00,Debit,Transfer,Zelle,FREE CHECKING,,TYPE: P2P CO: ZELLE %% ACH ECC WEB,FALSE
10/05/2025,LaundryCard Reload,Withdrawal LAUNDRYCARD RELOAD / TYPE: PURCHASE CO: LAUNDRYCARD,16.00,Debit,Home,Laundry,FREE CHECKING,,TYPE: PURCHASE CO: LAUNDRYCARD,FALSE
10/04/2025,Elm & 9Th Convenience,Debit Card DEBIT TRAN ELM & 9TH CONVENIENCE LAKEVIEW OH,5.03,Debit,Food & Dining,Convenience,FREE CHECKING,,Debit Card DEBIT TRAN ELM & 9TH CONVENIENCE LAKEVIEW OH,FALSE
10/03/2025,Vanguard Buy,Withdrawal VANGUARD BUY / TYPE: INVESTMENT CO: VMC %% ACH ECC WEB,1000.00,Debit,Investments,Investment,SHARE SAVINGS,,TYPE: INVESTMENT CO: VMC %% ACH ECC WEB,FALSE
10/03/2025,Lakeview Transit Auth,Debit Card DEBIT TRAN LAKEVIEW TRANSIT AUTH LAKEVIEW OH,2.75,Debit,Auto & Transport,Public Transit,FREE CHECKING,,Debit Card DEBIT TRAN LAKEVIEW TRANSIT AUTH LAKEVIEW OH,FALSE
10/03/2025,Lakeview Transit Auth,Debit Card DEBIT TRAN LAKEVIEW TRANSIT AUTH LAKEVIEW OH,2.75,Debit,Auto & Transport,Public Transit,FREE CHECKING,,Debit Card DEBIT TRAN LAKEVIEW TRANSIT AUTH LAKEVIEW OH,FALSE
10/03/2025,Lakeview County Payroll,Deposit LAKEVIEW COUNTY PAYROLL / TYPE: DIRECT DEP ID: XXXXXX4410 CO: LAKEVIEW COUNTY %% ACH ECC PPD,1970.68,Credit,Income,Paycheck,FREE CHECKING,,TYPE: DIRECT DEP ID: XXXXXX4410 CO: LAKEVIEW COUNTY %% ACH ECC PPD,FALSE
10/02/2025,Fourth Street Market,Debit Card DEBIT TRAN FOURTH STREET MARKET LAKEVIEW OH,1.61,Debit,Food & Dining,Convenience,FREE CHECKING,,Debit Card DEBIT TRAN FOURTH STREET MARKET LAKEVIEW OH,FALSE
10/01/2025,Havenbrook Residential,Withdrawal HAVENBROOK RESIDENTIAL / TYPE: RENT ID: XXXXXX2210 CO: HAVENBROOK RES %% ACH ECC PPD,1285.00,Debit,Home,Rent,FREE CHECKING,,TYPE: RENT ID: XXXXXX2210 CO: HAVENBROOK RES %% ACH ECC PPD,FALSE
10/01/2025,Fourth Street Market,Debit Card DEBIT TRAN FOURTH STREET MARKET LAKEVIEW OH,5.35,Debit,Food & Dining,Convenience,FREE CHECKING,,Debit Card DEBIT TRAN FOURTH STREET MARKET LAKEVIEW OH,FALSE
10/01/2025,Fourth Street Market,Debit Card DEBIT TRAN FOURTH STREET MARKET LAKEVIEW OH,2.41,Debit,Food & Dining,Convenience,FREE CHECKING,,Debit Card DEBIT TRAN FOURTH STREET MARKET LAKEVIEW OH,FALSE
09/30/2025,Transfer from Account 0072,Transfer from Share 0072,500.00,Credit,Transfer,Transfer,SHARE SAVINGS,,Transfer from Share 0072,FALSE
09/30/2025,Transfer To Share,Transfer To Share 0001,500.00,Debit,Transfer,Transfer,FREE CHECKING,,Transfer To Share 0001,FALSE
09/30/2025,Sunrise Bodega,Debit Card DEBIT TRAN SUNRISE BODEGA LAKEVIEW OH,11.13,Debit,Food & Dining,Convenience,FREE CHECKING,,Debit Card DEBIT TRAN SUNRISE BODEGA LAKEVIEW OH,FALSE
09/29/2025,Fourth Street Market,Debit Card DEBIT TRAN FOURTH STREET MARKET LAKEVIEW OH,3.48,Debit,Food & Dining,Convenience,FREE CHECKING,,Debit Card DEBIT TRAN FOURTH STREET MARKET LAKEVIEW OH,FALSE
09/28/2025,Fourth Street Market,Debit Card DEBIT TRAN FOURTH STREET MARKET LAKEVIEW OH,5.35,Debit,Food & Dining,Convenience,FREE CHECKING,,Debit Card DEBIT TRAN FOURTH STREET MARKET LAKEVIEW OH,FALSE
09/27/2025,Vantel Fiber,Withdrawal VANTEL FIBER / TYPE: INTERNET CO: VANTEL FIBER %% ACH ECC WEB,45.00,Debit,Bills & Utilities,Internet,FREE CHECKING,,TYPE: INTERNET CO: VANTEL FIBER %% ACH ECC WEB,FALSE
09/27/2025,Riverside Quick Stop,Debit Card DEBIT TRAN RIVERSIDE QUICK STOP LAKEVIEW OH,4.01,Debit,Food & Dining,Convenience,FREE CHECKING,,Debit Card DEBIT TRAN RIVERSIDE QUICK STOP LAKEVIEW OH,FALSE
09/27/2025,Riverside Quick Stop,Debit Card DEBIT TRAN RIVERSIDE QUICK STOP LAKEVIEW OH,4.62,Debit,Food & Dining,Convenience,FREE CHECKING,,Debit Card DEBIT TRAN RIVERSIDE QUICK STOP LAKEVIEW OH,FALSE
09/27/2025,Fourth Street Market,Debit Card DEBIT TRAN FOURTH STREET MARKET LAKEVIEW OH,1.87,Debit,Food & Dining,Convenience,FREE CHECKING,,Debit Card DEBIT TRAN FOURTH STREET MARKET LAKEVIEW OH,FALSE
09/27/2025,Amc Theatres,Debit Card DEBIT TRAN AMC THEATRES #2255 LAKEVIEW OH,16.61,Debit,Entertainment,Movies & Music,FREE CHECKING,,Debit Card DEBIT TRAN AMC THEATRES #2255 LAKEVIEW OH,FALSE
09/26/2025,Northgate Express Mart,Debit Card DEBIT TRAN NORTHGATE EXPRESS MART LAKEVIEW OH,7.18,Debit,Food & Dining,Convenience,FREE CHECKING,,Debit Card DEBIT TRAN NORTHGATE EXPRESS MART LAKEVIEW OH,FALSE
09/26/2025,Lakeview Farmers Market,Debit Card DEBIT TRAN LAKEVIEW FARMERS MARKET LAKEVIEW OH,11.77,Debit,Food & Dining,Groceries,FREE CHECKING,,Debit Card DEBIT TRAN LAKEVIEW FARMERS MARKET LAKEVIEW OH,FALSE
09/26/2025,Fourth Street Market,Debit Card DEBIT TRAN FOURTH STREET MARKET LAKEVIEW OH,5.35,Debit,Food & Dining,Convenience,FREE CHECKING,,Debit Card DEBIT TRAN FOURTH STREET MARKET LAKEVIEW OH,FALSE
09/26/2025,Fourth Street Market,Debit Card DEBIT TRAN FOURTH STREET MARKET LAKEVIEW OH,3.48,Debit,Food & Dining,Convenience,FREE CHECKING,,Debit Card DEBIT TRAN FOURTH STREET MARKET LAKEVIEW OH,FALSE
09/25/2025,Northline Gas,Withdrawal NORTHLINE GAS / TYPE: GAS BILL CO: NORTHLINE GAS %% ACH ECC CCD,24.99,Debit,Bills & Utilities,Utilities,FREE CHECKING,,TYPE: GAS BILL CO: NORTHLINE GAS %% ACH ECC CCD,FALSE
09/24/2025,Lakeview Pho House,Debit Card DEBIT TRAN LAKEVIEW PHO HOUSE LAKEVIEW OH,19.31,Debit,Food & Dining,Restaurants,FREE CHECKING,,Debit Card DEBIT TRAN LAKEVIEW PHO HOUSE LAKEVIEW OH,FALSE
09/24/2025,Fourth Street Market,Debit Card DEBIT TRAN FOURTH STREET MARKET LAKEVIEW OH,5.35,Debit,Food & Dining,Convenience,FREE CHECKING,,Debit Card DEBIT TRAN FOURTH STREET MARKET LAKEVIEW OH,FALSE
09/24/2025,Blue Line Snacks,Debit Card DEBIT TRAN BLUE LINE SNACKS LAKEVIEW OH,5.41,Debit,Food & Dining,Convenience,FREE CHECKING,,Debit Card DEBIT TRAN BLUE LINE SNACKS LAKEVIEW OH,FALSE
09/23/2025,Elm & 9Th Convenience,Debit Card DEBIT TRAN ELM & 9TH CONVENIENCE LAKEVIEW OH,7.88,Debit,Food & Dining,Convenience,FREE CHECKING,,Debit Card DEBIT TRAN ELM & 9TH CONVENIENCE LAKEVIEW OH,FALSE
09/22/2025,Lakeview Parking,Debit Card DEBIT TRAN LAKEVIEW PARKING LAKEVIEW OH,6.40,Debit,Auto & Transport,Rideshare,FREE CHECKING,,Debit Card DEBIT TRAN LAKEVIEW PARKING LAKEVIEW OH,FALSE
09/22/2025,Chipotle,Debit Card DEBIT TRAN CHIPOTLE 2291 LAKEVIEW OH,12.45,Debit,Food & Dining,Restaurants,FREE CHECKING,,Debit Card DEBIT TRAN CHIPOTLE 2291 LAKEVIEW OH,FALSE
09/21/2025,Lakeview Parking,Debit Card DEBIT TRAN LAKEVIEW PARKING LAKEVIEW OH,7.90,Debit,Auto & Transport,Rideshare,FREE CHECKING,,Debit Card DEBIT TRAN LAKEVIEW PARKING LAKEVIEW OH,FALSE
09/21/2025,Kroger,Debit Card DEBIT TRAN KROGER #445 LAKEVIEW OH,38.08,Debit,Food & Dining,Groceries,FREE CHECKING,,Debit Card DEBIT TRAN KROGER #445 LAKEVIEW OH,FALSE
09/21/2025,Fourth Street Market,Debit Card DEBIT TRAN FOURTH STREET MARKET LAKEVIEW OH,5.35,Debit,Food & Dining,Convenience,FREE CHECKING,,Debit Card DEBIT TRAN FOURTH STREET MARKET LAKEVIEW OH,FALSE
09/20/2025,Trader Joe's,Debit Card DEBIT TRAN TRADER JOE'S #712 LAKEVIEW OH,29.36,Debit,Food & Dining,Groceries,FREE CHECKING,,Debit Card DEBIT TRAN TRADER JOE'S #712 LAKEVIEW OH,FALSE
09/20/2025,Riverside Quick Stop,Debit Card DEBIT TRAN RIVERSIDE QUICK STOP LAKEVIEW OH,5.87,Debit,Food & Dining,Convenience,FREE CHECKING,,Debit Card DEBIT TRAN RIVERSIDE QUICK STOP LAKEVIEW OH,FALSE
09/20/2025,Lakeview Power & Light,Withdrawal LAKEVIEW PWR & LIGHT / TYPE: ELECTRIC ID: XXXXXX7002 CO: LAKEVIEW PWR LT %% ACH ECC CCD,79.01,Debit,Bills & Utilities,Utilities,FREE CHECKING,,TYPE: ELECTRIC ID: XXXXXX7002 CO: LAKEVIEW PWR LT %% ACH ECC CCD,FALSE
09/20/2025,Fourth Street Market,Debit Card DEBIT TRAN FOURTH STREET MARKET LAKEVIEW OH,3.48,Debit,Food & Dining,Convenience,FREE CHECKING,,Debit Card DEBIT TRAN FOURTH STREET MARKET LAKEVIEW OH,FALSE
09/20/2025,Fourth Street Market,Debit Card DEBIT TRAN FOURTH STREET MARKET LAKEVIEW OH,1.61,Debit,Food & Dining,Convenience,FREE CHECKING,,Debit Card DEBIT TRAN FOURTH STREET MARKET LAKEVIEW OH,FALSE
09/20/2025,Elm & 9Th Convenience,Debit Card DEBIT TRAN ELM & 9TH CONVENIENCE LAKEVIEW OH,7.55,Debit,Food & Dining,Convenience,FREE CHECKING,,Debit Card DEBIT TRAN ELM & 9TH CONVENIENCE LAKEVIEW OH,FALSE
09/19/2025,Riverside Quick Stop,Debit Card DEBIT TRAN RIVERSIDE QUICK STOP LAKEVIEW OH,2.50,Debit,Food & Dining,Convenience,FREE CHECKING,,Debit Card DEBIT TRAN RIVERSIDE QUICK STOP LAKEVIEW OH,FALSE
09/19/2025,Panera Bread,Debit Card DEBIT TRAN PANERA BREAD #601442 LAKEVIEW OH,11.39,Debit,Food & Dining,Restaurants,FREE CHECKING,,Debit Card DEBIT TRAN PANERA BREAD #601442 LAKEVIEW OH,FALSE
09/19/2025,Lakeview County Payroll,Deposit LAKEVIEW COUNTY PAYROLL / TYPE: DIRECT DEP ID: XXXXXX4410 CO: LAKEVIEW COUNTY %% ACH ECC PPD,1970.68,Credit,Income,Paycheck,FREE CHECKING,,TYPE: DIRECT DEP ID: XXXXXX4410 CO: LAKEVIEW COUNTY %% ACH ECC PPD,FALSE
09/19/2025,Campus Corner Deli,Debit Card DEBIT TRAN CAMPUS CORNER DELI LAKEVIEW OH,5.58,Debit,Food & Dining,Convenience,FREE CHECKING,,Debit Card DEBIT TRAN CAMPUS CORNER DELI LAKEVIEW OH,FALSE
09/18/2025,Bandcamp,Debit Card DEBIT TRAN BANDCAMP LAKEVIEW OH,9.07,Debit,Entertainment,Movies & Music,FREE CHECKING,,Debit Card DEBIT TRAN BANDCAMP LAKEVIEW OH,FALSE
09/17/2025,Riverside Quick Stop,Debit Card DEBIT TRAN RIVERSIDE QUICK STOP LAKEVIEW OH,4.97,Debit,Food & Dining,Convenience,FREE CHECKING,,Debit Card DEBIT TRAN RIVERSIDE QUICK STOP LAKEVIEW OH,FALSE
09/17/2025,Lakeview Transit Auth,Debit Card DEBIT TRAN LAKEVIEW TRANSIT AUTH LAKEVIEW OH,2.75,Debit,Auto & Transport,Public Transit,FREE CHECKING,,Debit Card DEBIT TRAN LAKEVIEW TRANSIT AUTH LAKEVIEW OH,FALSE
09/17/2025,Lakeview Transit Auth,Debit Card DEBIT TRAN LAKEVIEW TRANSIT AUTH LAKEVIEW OH,2.75,Debit,Auto & Transport,Public Transit,FREE CHECKING,,Debit Card DEBIT TRAN LAKEVIEW TRANSIT AUTH LAKEVIEW OH,FALSE
09/17/2025,Kroger,Debit Card DEBIT TRAN KROGER #445 LAKEVIEW OH,37.74,Debit,Food & Dining,Groceries,FREE CHECKING,,Debit Card DEBIT TRAN KROGER #445 LAKEVIEW OH,FALSE
09/16/2025,Granite State Servicing,Withdrawal GRANITE STATE SERVICING / TYPE: STUDENT LN ID: XXXXXX2007 CO: GRANITE STATE SVC %% ACH ECC PPD,78.20,Debit,Education,Student Loan,FREE CHECKING,,TYPE: STUDENT LN ID: XXXXXX2007 CO: GRANITE STATE SVC %% ACH ECC PPD,FALSE
09/16/2025,Fourth Street Market,Debit Card DEBIT TRAN FOURTH STREET MARKET LAKEVIEW OH,5.35,Debit,Food & Dining,Convenience,FREE CHECKING,,Debit Card DEBIT TRAN FOURTH STREET MARKET LAKEVIEW OH,FALSE
09/16/2025,Chase Credit Card,Withdrawal CHASE CREDIT CRD / TYPE: AUTOPAY ID: XXXXXX4417 CO: CHASE CREDIT CRD %% ACH ECC WEB,271.99,Debit,Transfer,Credit Card Payment,FREE CHECKING,,TYPE: AUTOPAY ID: XXXXXX4417 CO: CHASE CREDIT CRD %% ACH ECC WEB,FALSE
09/15/2025,Transfer to Venmo,Withdrawal VENMO / TYPE: PAYMENT CO: VENMO %% ACH ECC WEB,9.50,Debit,Transfer,Venmo,FREE CHECKING,,TYPE: PAYMENT CO: VENMO %% ACH ECC WEB,FALSE
09/15/2025,Fourth Street Market,Debit Card DEBIT TRAN FOURTH STREET MARKET LAKEVIEW OH,1.34,Debit,Food & Dining,Convenience,FREE CHECKING,,Debit Card DEBIT TRAN FOURTH STREET MARKET LAKEVIEW OH,FALSE
09/15/2025,Cvs/Pharmacy,Debit Card DEBIT TRAN CVS/PHARMACY #8812 LAKEVIEW OH,14.77,Debit,Health & Fitness,Pharmacy,FREE CHECKING,,Debit Card DEBIT TRAN CVS/PHARMACY #8812 LAKEVIEW OH,FALSE
09/15/2025,Amc Theatres,Debit Card DEBIT TRAN AMC THEATRES #2255 LAKEVIEW OH,17.69,Debit,Entertainment,Movies & Music,FREE CHECKING,,Debit Card DEBIT TRAN AMC THEATRES #2255 LAKEVIEW OH,FALSE
09/14/2025,Riverside Quick Stop,Debit Card DEBIT TRAN RIVERSIDE QUICK STOP LAKEVIEW OH,6.73,Debit,Food & Dining,Convenience,FREE CHECKING,,Debit Card DEBIT TRAN RIVERSIDE QUICK STOP LAKEVIEW OH,FALSE
09/14/2025,Chipotle,Debit Card DEBIT TRAN CHIPOTLE 2291 LAKEVIEW OH,10.97,Debit,Food & Dining,Restaurants,FREE CHECKING,,Debit Card DEBIT TRAN CHIPOTLE 2291 LAKEVIEW OH,FALSE
09/13/2025,Corner Books Lakeview,Debit Card DEBIT TRAN CORNER BOOKS LAKEVIEW LAKEVIEW OH,21.13,Debit,Entertainment,Movies & Music,FREE CHECKING,,Debit Card DEBIT TRAN CORNER BOOKS LAKEVIEW LAKEVIEW OH,FALSE
09/11/2025,Fourth Street Market,Debit Card DEBIT TRAN FOURTH STREET MARKET LAKEVIEW OH,5.35,Debit,Food & Dining,Convenience,FREE CHECKING,,Debit Card DEBIT TRAN FOURTH STREET MARKET LAKEVIEW OH,FALSE
09/09/2025,Fourth Street Market,Debit Card DEBIT TRAN FOURTH STREET MARKET LAKEVIEW OH,6.96,Debit,Food & Dining,Convenience,FREE CHECKING,,Debit Card DEBIT TRAN FOURTH STREET MARKET LAKEVIEW OH,FALSE
09/08/2025,Riverside Quick Stop,Debit Card DEBIT TRAN RIVERSIDE QUICK STOP LAKEVIEW OH,3.32,Debit,Food & Dining,Convenience,FREE CHECKING,,Debit Card DEBIT TRAN RIVERSIDE QUICK STOP LAKEVIEW OH,FALSE
09/08/2025,Fourth Street Market,Debit Card DEBIT TRAN FOURTH STREET MARKET LAKEVIEW OH,1.87,Debit,Food & Dining,Convenience,FREE CHECKING,,Debit Card DEBIT TRAN FOURTH STREET MARKET LAKEVIEW OH,FALSE
09/07/2025,Transfer to Venmo,Withdrawal VENMO / TYPE: PAYMENT CO: VENMO %% ACH ECC WEB,27.00,Debit,Transfer,Venmo,FREE CHECKING,,TYPE: PAYMENT CO: VENMO %% ACH ECC WEB,FALSE
09/07/2025,Sunrise Bodega,Debit Card DEBIT TRAN SUNRISE BODEGA LAKEVIEW OH,5.18,Debit,Food & Dining,Convenience,FREE CHECKING,,Debit Card DEBIT TRAN SUNRISE BODEGA LAKEVIEW OH,FALSE
09/07/2025,Fourth Street Market,Debit Card DEBIT TRAN FOURTH STREET MARKET LAKEVIEW OH,5.35,Debit,Food & Dining,Convenience,FREE CHECKING,,Debit Card DEBIT TRAN FOURTH STREET MARKET LAKEVIEW OH,FALSE
09/07/2025,Fourth Street Market,Debit Card DEBIT TRAN FOURTH STREET MARKET LAKEVIEW OH,2.41,Debit,Food & Dining,Convenience,FREE CHECKING,,Debit Card DEBIT TRAN FOURTH STREET MARKET LAKEVIEW OH,FALSE
09/07/2025,Fourth Street Market,Debit Card DEBIT TRAN FOURTH STREET MARKET LAKEVIEW OH,5.35,Debit,Food & Dining,Convenience,FREE CHECKING,,Debit Card DEBIT TRAN FOURTH STREET MARKET LAKEVIEW OH,FALSE
09/07/2025,Chase Credit Card,Withdrawal CHASE CREDIT CRD / TYPE: AUTOPAY ID: XXXXXX8802 CO: CHASE CREDIT CRD %% ACH ECC WEB,309.12,Debit,Transfer,Credit Card Payment,FREE CHECKING,,TYPE: AUTOPAY ID: XXXXXX8802 CO: CHASE CREDIT CRD %% ACH ECC WEB,FALSE
09/06/2025,Kroger,Debit Card DEBIT TRAN KROGER #445 LAKEVIEW OH,27.72,Debit,Food & Dining,Groceries,FREE CHECKING,,Debit Card DEBIT TRAN KROGER #445 LAKEVIEW OH,FALSE
09/06/2025,Cafe Lumen,Debit Card DEBIT TRAN CAFE LUMEN LAKEVIEW OH,7.13,Debit,Food & Dining,Restaurants,FREE CHECKING,,Debit Card DEBIT TRAN CAFE LUMEN LAKEVIEW OH,FALSE
09/05/2025,Zelle to Linda Morgan,Withdrawal ZELLE TO LINDA MORGAN / TYPE: P2P CO: ZELLE %% ACH ECC WEB,120.00,Debit,Transfer,Zelle,FREE CHECKING,,TYPE: P2P CO: ZELLE %% ACH ECC WEB,FALSE
09/05/2025,Vanguard Buy,Withdrawal VANGUARD BUY / TYPE: INVESTMENT CO: VMC %% ACH ECC WEB,1000.00,Debit,Investments,Investment,SHARE SAVINGS,,TYPE: INVESTMENT CO: VMC %% ACH ECC WEB,FALSE
09/05/2025,Transfer to Venmo,Withdrawal VENMO / TYPE: PAYMENT CO: VENMO %% ACH ECC WEB,36.84,Debit,Transfer,Venmo,FREE CHECKING,,TYPE: PAYMENT CO: VENMO %% ACH ECC WEB,FALSE
09/05/2025,LaundryCard Reload,Withdrawal LAUNDRYCARD RELOAD / TYPE: PURCHASE CO: LAUNDRYCARD,16.00,Debit,Home,Laundry,FREE CHECKING,,TYPE: PURCHASE CO: LAUNDRYCARD,FALSE
09/05/2025,Lakeview County Payroll,Deposit LAKEVIEW COUNTY PAYROLL / TYPE: DIRECT DEP ID: XXXXXX4410 CO: LAKEVIEW COUNTY %% ACH ECC PPD,1970.68,Credit,Income,Paycheck,FREE CHECKING,,TYPE: DIRECT DEP ID: XXXXXX4410 CO: LAKEVIEW COUNTY %% ACH ECC PPD,FALSE
09/05/2025,Fourth Street Market,Debit Card DEBIT TRAN FOURTH STREET MARKET LAKEVIEW OH,5.35,Debit,Food & Dining,Convenience,FREE CHECKING,,Debit Card DEBIT TRAN FOURTH STREET MARKET LAKEVIEW OH,FALSE
09/04/2025,Riverside Quick Stop,Debit Card DEBIT TRAN RIVERSIDE QUICK STOP LAKEVIEW OH,4.30,Debit,Food & Dining,Convenience,FREE CHECKING,,Debit Card DEBIT TRAN RIVERSIDE QUICK STOP LAKEVIEW OH,FALSE
09/03/2025,Sunfire Taqueria,Debit Card DEBIT TRAN SUNFIRE TAQUERIA LAKEVIEW OH,19.60,Debit,Food & Dining,Restaurants,FREE CHECKING,,Debit Card DEBIT TRAN SUNFIRE TAQUERIA LAKEVIEW OH,FALSE
09/03/2025,Sunfire Taqueria,Debit Card DEBIT TRAN SUNFIRE TAQUERIA LAKEVIEW OH,13.89,Debit,Food & Dining,Restaurants,FREE CHECKING,,Debit Card DEBIT TRAN SUNFIRE TAQUERIA LAKEVIEW OH,FALSE
09/02/2025,Lakeview Transit Auth,Debit Card DEBIT TRAN LAKEVIEW TRANSIT AUTH LAKEVIEW OH,2.75,Debit,Auto & Transport,Public Transit,FREE CHECKING,,Debit Card DEBIT TRAN LAKEVIEW TRANSIT AUTH LAKEVIEW OH,FALSE
09/02/2025,Lakeview Transit Auth,Debit Card DEBIT TRAN LAKEVIEW TRANSIT AUTH LAKEVIEW OH,2.75,Debit,Auto & Transport,Public Transit,FREE CHECKING,,Debit Card DEBIT TRAN LAKEVIEW TRANSIT AUTH LAKEVIEW OH,FALSE
09/02/2025,Kroger,Debit Card DEBIT TRAN KROGER #445 LAKEVIEW OH,27.33,Debit,Food & Dining,Groceries,FREE CHECKING,,Debit Card DEBIT TRAN KROGER #445 LAKEVIEW OH,FALSE
09/02/2025,Fourth Street Market,Debit Card DEBIT TRAN FOURTH STREET MARKET LAKEVIEW OH,3.48,Debit,Food & Dining,Convenience,FREE CHECKING,,Debit Card DEBIT TRAN FOURTH STREET MARKET LAKEVIEW OH,FALSE
09/01/2025,Havenbrook Residential,Withdrawal HAVENBROOK RESIDENTIAL / TYPE: RENT ID: XXXXXX2210 CO: HAVENBROOK RES %% ACH ECC PPD,1285.00,Debit,Home,Rent,FREE CHECKING,,TYPE: RENT ID: XXXXXX2210 CO: HAVENBROOK RES %% ACH ECC PPD,FALSE
08/31/2025,Transfer from Account 0072,Transfer from Share 0072,750.00,Credit,Transfer,Transfer,SHARE SAVINGS,,Transfer from Share 0072,FALSE
08/31/2025,Transfer To Share,Transfer To Share 0001,750.00,Debit,Transfer,Transfer,FREE CHECKING,,Transfer To Share 0001,FALSE
08/31/2025,Kroger,Debit Card DEBIT TRAN KROGER #445 LAKEVIEW OH,34.98,Debit,Food & Dining,Groceries,FREE CHECKING,,Debit Card DEBIT TRAN KROGER #445 LAKEVIEW OH,FALSE
08/31/2025,Fourth Street Market,Debit Card DEBIT TRAN FOURTH STREET MARKET LAKEVIEW OH,3.48,Debit,Food & Dining,Convenience,FREE CHECKING,,Debit Card DEBIT TRAN FOURTH STREET MARKET LAKEVIEW OH,FALSE
08/30/2025,Fourth Street Market,Debit Card DEBIT TRAN FOURTH STREET MARKET LAKEVIEW OH,6.96,Debit,Food & Dining,Convenience,FREE CHECKING,,Debit Card DEBIT TRAN FOURTH STREET MARKET LAKEVIEW OH,FALSE
08/30/2025,Fourth Street Market,Debit Card DEBIT TRAN FOURTH STREET MARKET LAKEVIEW OH,3.48,Debit,Food & Dining,Convenience,FREE CHECKING,,Debit Card DEBIT TRAN FOURTH STREET MARKET LAKEVIEW OH,FALSE
08/29/2025,Fourth Street Market,Debit Card DEBIT TRAN FOURTH STREET MARKET LAKEVIEW OH,3.48,Debit,Food & Dining,Convenience,FREE CHECKING,,Debit Card DEBIT TRAN FOURTH STREET MARKET LAKEVIEW OH,FALSE
08/28/2025,Riverside Cinema,Debit Card DEBIT TRAN RIVERSIDE CINEMA LAKEVIEW OH,14.05,Debit,Entertainment,Movies & Music,FREE CHECKING,,Debit Card DEBIT TRAN RIVERSIDE CINEMA LAKEVIEW OH,FALSE
08/27/2025,Vantel Fiber,Withdrawal VANTEL FIBER / TYPE: INTERNET CO: VANTEL FIBER %% ACH ECC WEB,45.00,Debit,Bills & Utilities,Internet,FREE CHECKING,,TYPE: INTERNET CO: VANTEL FIBER %% ACH ECC WEB,FALSE
08/27/2025,Riverside Quick Stop,Debit Card DEBIT TRAN RIVERSIDE QUICK STOP LAKEVIEW OH,4.11,Debit,Food & Dining,Convenience,FREE CHECKING,,Debit Card DEBIT TRAN RIVERSIDE QUICK STOP LAKEVIEW OH,FALSE
08/27/2025,Fourth Street Market,Debit Card DEBIT TRAN FOURTH STREET MARKET LAKEVIEW OH,1.34,Debit,Food & Dining,Convenience,FREE CHECKING,,Debit Card DEBIT TRAN FOURTH STREET MARKET LAKEVIEW OH,FALSE
08/27/2025,Elm & 9Th Convenience,Debit Card DEBIT TRAN ELM & 9TH CONVENIENCE LAKEVIEW OH,3.44,Debit,Food & Dining,Convenience,FREE CHECKING,,Debit Card DEBIT TRAN ELM & 9TH CONVENIENCE LAKEVIEW OH,FALSE
08/27/2025,Cvs/Pharmacy,Debit Card DEBIT TRAN CVS/PHARMACY #8812 LAKEVIEW OH,8.29,Debit,Health & Fitness,Pharmacy,FREE CHECKING,,Debit Card DEBIT TRAN CVS/PHARMACY #8812 LAKEVIEW OH,FALSE
08/27/2025,ATM Withdrawal #4471 Fourth Street,ATM Withdrawal #4471 FOURTH STREET LAKEVIEW OH,20.00,Debit,Uncategorized,Cash,FREE CHECKING,,ATM Withdrawal #4471 FOURTH STREET LAKEVIEW OH,FALSE
08/27/2025,ATM Surcharge,ATM Surcharge FOURTH STREET,3.00,Debit,Fees & Charges,ATM Fee,FREE CHECKING,,ATM Surcharge FOURTH STREET,FALSE
08/26/2025,Corner Books Lakeview,Debit Card DEBIT TRAN CORNER BOOKS LAKEVIEW LAKEVIEW OH,19.51,Debit,Entertainment,Movies & Music,FREE CHECKING,,Debit Card DEBIT TRAN CORNER BOOKS LAKEVIEW LAKEVIEW OH,FALSE
08/25/2025,Walgreens,Debit Card DEBIT TRAN WALGREENS #3310 LAKEVIEW OH,21.33,Debit,Health & Fitness,Pharmacy,FREE CHECKING,,Debit Card DEBIT TRAN WALGREENS #3310 LAKEVIEW OH,FALSE
08/25/2025,Transfer to Venmo,Withdrawal VENMO / TYPE: PAYMENT CO: VENMO %% ACH ECC WEB,47.34,Debit,Transfer,Venmo,FREE CHECKING,,TYPE: PAYMENT CO: VENMO %% ACH ECC WEB,FALSE
08/25/2025,Northline Gas,Withdrawal NORTHLINE GAS / TYPE: GAS BILL CO: NORTHLINE GAS %% ACH ECC CCD,21.55,Debit,Bills & Utilities,Utilities,FREE CHECKING,,TYPE: GAS BILL CO: NORTHLINE GAS %% ACH ECC CCD,FALSE
08/25/2025,Lyft *Ride Tue 8Am,Debit Card DEBIT TRAN LYFT *RIDE TUE 8AM LAKEVIEW OH,17.85,Debit,Auto & Transport,Rideshare,FREE CHECKING,,Debit Card DEBIT TRAN LYFT *RIDE TUE 8AM LAKEVIEW OH,FALSE
08/24/2025,Lyft *Ride Sat 2Pm,Debit Card DEBIT TRAN LYFT *RIDE SAT 2PM LAKEVIEW OH,14.04,Debit,Auto & Transport,Rideshare,FREE CHECKING,,Debit Card DEBIT TRAN LYFT *RIDE SAT 2PM LAKEVIEW OH,FALSE
08/23/2025,Sunfire Taqueria,Debit Card DEBIT TRAN SUNFIRE TAQUERIA LAKEVIEW OH,17.66,Debit,Food & Dining,Restaurants,FREE CHECKING,,Debit Card DEBIT TRAN SUNFIRE TAQUERIA LAKEVIEW OH,FALSE
08/22/2025,Wendy's,Debit Card DEBIT TRAN WENDY'S #4471 LAKEVIEW OH,6.76,Debit,Food & Dining,Restaurants,FREE CHECKING,,Debit Card DEBIT TRAN WENDY'S #4471 LAKEVIEW OH,FALSE
08/22/2025,Riverside Cinema,Debit Card DEBIT TRAN RIVERSIDE CINEMA LAKEVIEW OH,18.52,Debit,Entertainment,Movies & Music,FREE CHECKING,,Debit Card DEBIT TRAN RIVERSIDE CINEMA LAKEVIEW OH,FALSE
08/22/2025,Lakeview County Payroll,Deposit LAKEVIEW COUNTY PAYROLL / TYPE: DIRECT DEP ID: XXXXXX4410 CO: LAKEVIEW COUNTY %% ACH ECC PPD,1970.68,Credit,Income,Paycheck,FREE CHECKING,,TYPE: DIRECT DEP ID: XXXXXX4410 CO: LAKEVIEW COUNTY %% ACH ECC PPD,FALSE
08/22/2025,Fourth Street Market,Debit Card DEBIT TRAN FOURTH STREET MARKET LAKEVIEW OH,1.61,Debit,Food & Dining,Convenience,FREE CHECKING,,Debit Card DEBIT TRAN FOURTH STREET MARKET LAKEVIEW OH,FALSE
08/22/2025,Fourth Street Market,Debit Card DEBIT TRAN FOURTH STREET MARKET LAKEVIEW OH,5.35,Debit,Food & Dining,Convenience,FREE CHECKING,,Debit Card DEBIT TRAN FOURTH STREET MARKET LAKEVIEW OH,FALSE
08/22/2025,Corner Books Lakeview,Debit Card DEBIT TRAN CORNER BOOKS LAKEVIEW LAKEVIEW OH,12.98,Debit,Entertainment,Movies & Music,FREE CHECKING,,Debit Card DEBIT TRAN CORNER BOOKS LAKEVIEW LAKEVIEW OH,FALSE
08/21/2025,Lyft *Ride Sun 1Pm,Debit Card DEBIT TRAN LYFT *RIDE SUN 1PM LAKEVIEW OH,12.00,Debit,Auto & Transport,Rideshare,FREE CHECKING,,Debit Card DEBIT TRAN LYFT *RIDE SUN 1PM LAKEVIEW OH,FALSE
08/21/2025,Fourth Street Market,Debit Card DEBIT TRAN FOURTH STREET MARKET LAKEVIEW OH,5.35,Debit,Food & Dining,Convenience,FREE CHECKING,,Debit Card DEBIT TRAN FOURTH STREET MARKET LAKEVIEW OH,FALSE
08/21/2025,Campus Corner Deli,Debit Card DEBIT TRAN CAMPUS CORNER DELI LAKEVIEW OH,6.36,Debit,Food & Dining,Convenience,FREE CHECKING,,Debit Card DEBIT TRAN CAMPUS CORNER DELI LAKEVIEW OH,FALSE
08/20/2025,Lakeview Power & Light,Withdrawal LAKEVIEW PWR & LIGHT / TYPE: ELECTRIC ID: XXXXXX7002 CO: LAKEVIEW PWR LT %% ACH ECC CCD,92.85,Debit,Bills & Utilities,Utilities,FREE CHECKING,,TYPE: ELECTRIC ID: XXXXXX7002 CO: LAKEVIEW PWR LT %% ACH ECC CCD,FALSE
08/18/2025,Fourth Street Market,Debit Card DEBIT TRAN FOURTH STREET MARKET LAKEVIEW OH,1.61,Debit,Food & Dining,Convenience,FREE CHECKING,,Debit Card DEBIT TRAN FOURTH STREET MARKET LAKEVIEW OH,FALSE
08/18/2025,Chipotle,Debit Card DEBIT TRAN CHIPOTLE 2291 LAKEVIEW OH,11.98,Debit,Food & Dining,Restaurants,FREE CHECKING,,Debit Card DEBIT TRAN CHIPOTLE 2291 LAKEVIEW OH,FALSE
08/17/2025,Riverside Quick Stop,Debit Card DEBIT TRAN RIVERSIDE QUICK STOP LAKEVIEW OH,7.21,Debit,Food & Dining,Convenience,FREE CHECKING,,Debit Card DEBIT TRAN RIVERSIDE QUICK STOP LAKEVIEW OH,FALSE
08/17/2025,Lakeview Pho House,Debit Card DEBIT TRAN LAKEVIEW PHO HOUSE LAKEVIEW OH,23.86,Debit,Food & Dining,Restaurants,FREE CHECKING,,Debit Card DEBIT TRAN LAKEVIEW PHO HOUSE LAKEVIEW OH,FALSE
08/17/2025,Fourth Street Market,Debit Card DEBIT TRAN FOURTH STREET MARKET LAKEVIEW OH,5.35,Debit,Food & Dining,Convenience,FREE CHECKING,,Debit Card DEBIT TRAN FOURTH STREET MARKET LAKEVIEW OH,FALSE
08/16/2025,Riverside Quick Stop,Debit Card DEBIT TRAN RIVERSIDE QUICK STOP LAKEVIEW OH,4.48,Debit,Food & Dining,Convenience,FREE CHECKING,,Debit Card DEBIT TRAN RIVERSIDE QUICK STOP LAKEVIEW OH,FALSE
08/16/2025,Granite State Servicing,Withdrawal GRANITE STATE SERVICING / TYPE: STUDENT LN ID: XXXXXX2007 CO: GRANITE STATE SVC %% ACH ECC PPD,78.20,Debit,Education,Student Loan,FREE CHECKING,,TYPE: STUDENT LN ID: XXXXXX2007 CO: GRANITE STATE SVC %% ACH ECC PPD,FALSE
08/16/2025,Fourth Street Market,Debit Card DEBIT TRAN FOURTH STREET MARKET LAKEVIEW OH,5.35,Debit,Food & Dining,Convenience,FREE CHECKING,,Debit Card DEBIT TRAN FOURTH STREET MARKET LAKEVIEW OH,FALSE
08/16/2025,Fourth Street Market,Debit Card DEBIT TRAN FOURTH STREET MARKET LAKEVIEW OH,3.48,Debit,Food & Dining,Convenience,FREE CHECKING,,Debit Card DEBIT TRAN FOURTH STREET MARKET LAKEVIEW OH,FALSE
08/16/2025,Chase Credit Card,Withdrawal CHASE CREDIT CRD / TYPE: AUTOPAY ID: XXXXXX4417 CO: CHASE CREDIT CRD %% ACH ECC WEB,309.79,Debit,Transfer,Credit Card Payment,FREE CHECKING,,TYPE: AUTOPAY ID: XXXXXX4417 CO: CHASE CREDIT CRD %% ACH ECC WEB,FALSE
08/16/2025,Cafe Lumen,Debit Card DEBIT TRAN CAFE LUMEN LAKEVIEW OH,7.32,Debit,Food & Dining,Restaurants,FREE CHECKING,,Debit Card DEBIT TRAN CAFE LUMEN LAKEVIEW OH,FALSE
08/15/2025,Starbucks,Debit Card DEBIT TRAN STARBUCKS #22910 LAKEVIEW OH,5.09,Debit,Food & Dining,Restaurants,FREE CHECKING,,Debit Card DEBIT TRAN STARBUCKS #22910 LAKEVIEW OH,FALSE
08/13/2025,Fourth Street Market,Debit Card DEBIT TRAN FOURTH STREET MARKET LAKEVIEW OH,5.62,Debit,Food & Dining,Convenience,FREE CHECKING,,Debit Card DEBIT TRAN FOURTH STREET MARKET LAKEVIEW OH,FALSE
08/12/2025,Trader Joe's,Debit Card DEBIT TRAN TRADER JOE'S #712 LAKEVIEW OH,33.66,Debit,Food & Dining,Groceries,FREE CHECKING,,Debit Card DEBIT TRAN TRADER JOE'S #712 LAKEVIEW OH,FALSE
08/12/2025,Lakeview Transit Auth,Debit Card DEBIT TRAN LAKEVIEW TRANSIT AUTH LAKEVIEW OH,2.75,Debit,Auto & Transport,Public Transit,FREE CHECKING,,Debit Card DEBIT TRAN LAKEVIEW TRANSIT AUTH LAKEVIEW OH,FALSE
08/12/2025,Lakeview Transit Auth,Debit Card DEBIT TRAN LAKEVIEW TRANSIT AUTH LAKEVIEW OH,2.75,Debit,Auto & Transport,Public Transit,FREE CHECKING,,Debit Card DEBIT TRAN LAKEVIEW TRANSIT AUTH LAKEVIEW OH,FALSE
08/12/2025,Chipotle,Debit Card DEBIT TRAN CHIPOTLE 2291 LAKEVIEW OH,11.68,Debit,Food & Dining,Restaurants,FREE CHECKING,,Debit Card DEBIT TRAN CHIPOTLE 2291 LAKEVIEW OH,FALSE
08/10/2025,Campus Corner Deli,Debit Card DEBIT TRAN CAMPUS CORNER DELI LAKEVIEW OH,7.04,Debit,Food & Dining,Convenience,FREE CHECKING,,Debit Card DEBIT TRAN CAMPUS CORNER DELI LAKEVIEW OH,FALSE
08/09/2025,Shake Shack,Debit Card DEBIT TRAN SHAKE SHACK 1120 LAKEVIEW OH,17.60,Debit,Food & Dining,Restaurants,FREE CHECKING,,Debit Card DEBIT TRAN SHAKE SHACK 1120 LAKEVIEW OH,FALSE
08/09/2025,Lyft *Ride Tue 8Am,Debit Card DEBIT TRAN LYFT *RIDE TUE 8AM LAKEVIEW OH,13.06,Debit,Auto & Transport,Rideshare,FREE CHECKING,,Debit Card DEBIT TRAN LYFT *RIDE TUE 8AM LAKEVIEW OH,FALSE
08/08/2025,Trader Joe's,Debit Card DEBIT TRAN TRADER JOE'S #712 LAKEVIEW OH,40.59,Debit,Food & Dining,Groceries,FREE CHECKING,,Debit Card DEBIT TRAN TRADER JOE'S #712 LAKEVIEW OH,FALSE
08/08/2025,Riverside Cinema,Debit Card DEBIT TRAN RIVERSIDE CINEMA LAKEVIEW OH,12.85,Debit,Entertainment,Movies & Music,FREE CHECKING,,Debit Card DEBIT TRAN RIVERSIDE CINEMA LAKEVIEW OH,FALSE
08/08/2025,Northgate Express Mart,Debit Card DEBIT TRAN NORTHGATE EXPRESS MART LAKEVIEW OH,7.30,Debit,Food & Dining,Convenience,FREE CHECKING,,Debit Card DEBIT TRAN NORTHGATE EXPRESS MART LAKEVIEW OH,FALSE
08/08/2025,Lakeview County Payroll,Deposit LAKEVIEW COUNTY PAYROLL / TYPE: DIRECT DEP ID: XXXXXX4410 CO: LAKEVIEW COUNTY %% ACH ECC PPD,1970.68,Credit,Income,Paycheck,FREE CHECKING,,TYPE: DIRECT DEP ID: XXXXXX4410 CO: LAKEVIEW COUNTY %% ACH ECC PPD,FALSE
08/07/2025,Chase Credit Card,Withdrawal CHASE CREDIT CRD / TYPE: AUTOPAY ID: XXXXXX8802 CO: CHASE CREDIT CRD %% ACH ECC WEB,239.64,Debit,Transfer,Credit Card Payment,FREE CHECKING,,TYPE: AUTOPAY ID: XXXXXX8802 CO: CHASE CREDIT CRD %% ACH ECC WEB,FALSE
08/07/2025,Campus Corner Deli,Debit Card DEBIT TRAN CAMPUS CORNER DELI LAKEVIEW OH,3.55,Debit,Food & Dining,Convenience,FREE CHECKING,,Debit Card DEBIT TRAN CAMPUS CORNER DELI LAKEVIEW OH,FALSE
08/06/2025,Target,Debit Card DEBIT TRAN TARGET 00028215 LAKEVIEW OH,30.09,Debit,Shopping,General Merchandise,FREE CHECKING,,Debit Card DEBIT TRAN TARGET 00028215 LAKEVIEW OH,FALSE
08/05/2025,LaundryCard Reload,Withdrawal LAUNDRYCARD RELOAD / TYPE: PURCHASE CO: LAUNDRYCARD,16.00,Debit,Home,Laundry,FREE CHECKING,,TYPE: PURCHASE CO: LAUNDRYCARD,FALSE
08/04/2025,Vanguard Buy,Withdrawal VANGUARD BUY / TYPE: INVESTMENT CO: VMC %% ACH ECC WEB,1000.00,Debit,Investments,Investment,SHARE SAVINGS,,TYPE: INVESTMENT CO: VMC %% ACH ECC WEB,FALSE
08/04/2025,Kroger,Debit Card DEBIT TRAN KROGER #445 LAKEVIEW OH,40.03,Debit,Food & Dining,Groceries,FREE CHECKING,,Debit Card DEBIT TRAN KROGER #445 LAKEVIEW OH,FALSE
08/03/2025,Target,Debit Card DEBIT TRAN TARGET 00028215 LAKEVIEW OH,50.14,Debit,Shopping,General Merchandise,FREE CHECKING,,Debit Card DEBIT TRAN TARGET 00028215 LAKEVIEW OH,FALSE
08/03/2025,Fourth Street Market,Debit Card DEBIT TRAN FOURTH STREET MARKET LAKEVIEW OH,1.34,Debit,Food & Dining,Convenience,FREE CHECKING,,Debit Card DEBIT TRAN FOURTH STREET MARKET LAKEVIEW OH,FALSE
08/02/2025,Target,Debit Card DEBIT TRAN TARGET 00028215 LAKEVIEW OH,37.99,Debit,Shopping,General Merchandise,FREE CHECKING,,Debit Card DEBIT TRAN TARGET 00028215 LAKEVIEW OH,FALSE
08/02/2025,Fourth Street Market,Debit Card DEBIT TRAN FOURTH STREET MARKET LAKEVIEW OH,5.35,Debit,Food & Dining,Convenience,FREE CHECKING,,Debit Card DEBIT TRAN FOURTH STREET MARKET LAKEVIEW OH,FALSE
08/02/2025,Chipotle,Debit Card DEBIT TRAN CHIPOTLE 2291 LAKEVIEW OH,13.87,Debit,Food & Dining,Restaurants,FREE CHECKING,,Debit Card DEBIT TRAN CHIPOTLE 2291 LAKEVIEW OH,FALSE
08/01/2025,Havenbrook Residential,Withdrawal HAVENBROOK RESIDENTIAL / TYPE: RENT ID: XXXXXX2210 CO: HAVENBROOK RES %% ACH ECC PPD,1285.00,Debit,Home,Rent,FREE CHECKING,,TYPE: RENT ID: XXXXXX2210 CO: HAVENBROOK RES %% ACH ECC PPD,FALSE
07/31/2025,Transfer from Account 0072,Transfer from Share 0072,400.00,Credit,Transfer,Transfer,SHARE SAVINGS,,Transfer from Share 0072,FALSE
07/31/2025,Transfer To Share,Transfer To Share 0001,400.00,Debit,Transfer,Transfer,FREE CHECKING,,Transfer To Share 0001,FALSE
07/31/2025,Lakeview Transit Auth,Debit Card DEBIT TRAN LAKEVIEW TRANSIT AUTH LAKEVIEW OH,2.75,Debit,Auto & Transport,Public Transit,FREE CHECKING,,Debit Card DEBIT TRAN LAKEVIEW TRANSIT AUTH LAKEVIEW OH,FALSE
07/31/2025,Lakeview Transit Auth,Debit Card DEBIT TRAN LAKEVIEW TRANSIT AUTH LAKEVIEW OH,2.75,Debit,Auto & Transport,Public Transit,FREE CHECKING,,Debit Card DEBIT TRAN LAKEVIEW TRANSIT AUTH LAKEVIEW OH,FALSE
07/30/2025,Lakeview Farmers Market,Debit Card DEBIT TRAN LAKEVIEW FARMERS MARKET LAKEVIEW OH,16.57,Debit,Food & Dining,Groceries,FREE CHECKING,,Debit Card DEBIT TRAN LAKEVIEW FARMERS MARKET LAKEVIEW OH,FALSE
07/30/2025,ATM Withdrawal Lakeshore CU,ATM Withdrawal LAKESHORE CU MAIN ST LAKEVIEW OH,20.00,Debit,Uncategorized,Cash,FREE CHECKING,,ATM Withdrawal LAKESHORE CU MAIN ST LAKEVIEW OH,FALSE
07/29/2025,ATM Withdrawal Lakeshore CU,ATM Withdrawal LAKESHORE CU MAIN ST LAKEVIEW OH,40.00,Debit,Uncategorized,Cash,FREE CHECKING,,ATM Withdrawal LAKESHORE CU MAIN ST LAKEVIEW OH,FALSE
07/28/2025,Starbucks,Debit Card DEBIT TRAN STARBUCKS #22910 LAKEVIEW OH,5.29,Debit,Food & Dining,Restaurants,FREE CHECKING,,Debit Card DEBIT TRAN STARBUCKS #22910 LAKEVIEW OH,FALSE
07/28/2025,Fourth Street Market,Debit Card DEBIT TRAN FOURTH STREET MARKET LAKEVIEW OH,3.48,Debit,Food & Dining,Convenience,FREE CHECKING,,Debit Card DEBIT TRAN FOURTH STREET MARKET LAKEVIEW OH,FALSE
07/27/2025,Vantel Fiber,Withdrawal VANTEL FIBER / TYPE: INTERNET CO: VANTEL FIBER %% ACH ECC WEB,45.00,Debit,Bills & Utilities,Internet,FREE CHECKING,,TYPE: INTERNET CO: VANTEL FIBER %% ACH ECC WEB,FALSE
07/27/2025,Transfer to Venmo,Withdrawal VENMO / TYPE: PAYMENT CO: VENMO %% ACH ECC WEB,44.26,Debit,Transfer,Venmo,FREE CHECKING,,TYPE: PAYMENT CO: VENMO %% ACH ECC WEB,FALSE
07/27/2025,Fourth Street Market,Debit Card DEBIT TRAN FOURTH STREET MARKET LAKEVIEW OH,3.48,Debit,Food & Dining,Convenience,FREE CHECKING,,Debit Card DEBIT TRAN FOURTH STREET MARKET LAKEVIEW OH,FALSE
07/26/2025,Kroger,Debit Card DEBIT TRAN KROGER #445 LAKEVIEW OH,18.83,Debit,Food & Dining,Groceries,FREE CHECKING,,Debit Card DEBIT TRAN KROGER #445 LAKEVIEW OH,FALSE
07/25/2025,Riverside Quick Stop,Debit Card DEBIT TRAN RIVERSIDE QUICK STOP LAKEVIEW OH,3.66,Debit,Food & Dining,Convenience,FREE CHECKING,,Debit Card DEBIT TRAN RIVERSIDE QUICK STOP LAKEVIEW OH,FALSE
07/25/2025,Northline Gas,Withdrawal NORTHLINE GAS / TYPE: GAS BILL CO: NORTHLINE GAS %% ACH ECC CCD,17.32,Debit,Bills & Utilities,Utilities,FREE CHECKING,,TYPE: GAS BILL CO: NORTHLINE GAS %% ACH ECC CCD,FALSE
07/25/2025,Lakeview County Payroll,Deposit LAKEVIEW COUNTY PAYROLL / TYPE: DIRECT DEP ID: XXXXXX4410 CO: LAKEVIEW COUNTY %% ACH ECC PPD,1970.68,Credit,Income,Paycheck,FREE CHECKING,,TYPE: DIRECT DEP ID: XXXXXX4410 CO: LAKEVIEW COUNTY %% ACH ECC PPD,FALSE
07/25/2025,Blue Line Snacks,Debit Card DEBIT TRAN BLUE LINE SNACKS LAKEVIEW OH,4.58,Debit,Food & Dining,Convenience,FREE CHECKING,,Debit Card DEBIT TRAN BLUE LINE SNACKS LAKEVIEW OH,FALSE
07/24/2025,Transfer to Venmo,Withdrawal VENMO / TYPE: PAYMENT CO: VENMO %% ACH ECC WEB,8.00,Debit,Transfer,Venmo,FREE CHECKING,,TYPE: PAYMENT CO: VENMO %% ACH ECC WEB,FALSE
07/24/2025,Riverside Quick Stop,Debit Card DEBIT TRAN RIVERSIDE QUICK STOP LAKEVIEW OH,7.89,Debit,Food & Dining,Convenience,FREE CHECKING,,Debit Card DEBIT TRAN RIVERSIDE QUICK STOP LAKEVIEW OH,FALSE
07/23/2025,Transfer to Venmo,Withdrawal VENMO / TYPE: PAYMENT CO: VENMO %% ACH ECC WEB,38.34,Debit,Transfer,Venmo,FREE CHECKING,,TYPE: PAYMENT CO: VENMO %% ACH ECC WEB,FALSE
07/23/2025,Kroger,Debit Card DEBIT TRAN KROGER #445 LAKEVIEW OH,42.80,Debit,Food & Dining,Groceries,FREE CHECKING,,Debit Card DEBIT TRAN KROGER #445 LAKEVIEW OH,FALSE
07/22/2025,Riverside Quick Stop,Debit Card DEBIT TRAN RIVERSIDE QUICK STOP LAKEVIEW OH,7.54,Debit,Food & Dining,Convenience,FREE CHECKING,,Debit Card DEBIT TRAN RIVERSIDE QUICK STOP LAKEVIEW OH,FALSE
07/22/2025,Fourth Street Market,Debit Card DEBIT TRAN FOURTH STREET MARKET LAKEVIEW OH,3.48,Debit,Food & Dining,Convenience,FREE CHECKING,,Debit Card DEBIT TRAN FOURTH STREET MARKET LAKEVIEW OH,FALSE
07/20/2025,Lakeview Power & Light,Withdrawal LAKEVIEW PWR & LIGHT / TYPE: ELECTRIC ID: XXXXXX7002 CO: LAKEVIEW PWR LT %% ACH ECC CCD,102.14,Debit,Bills & Utilities,Utilities,FREE CHECKING,,TYPE: ELECTRIC ID: XXXXXX7002 CO: LAKEVIEW PWR LT %% ACH ECC CCD,FALSE
07/20/2025,Cornerstone Life Ins Prem,Withdrawal CORNERSTONE LIFE INS PREM / TYPE: PREMIUM CO: CORNERSTONE LIFE %% ACH ECC PPD,93.00,Debit,Financial,Life Insurance,FREE CHECKING,,TYPE: PREMIUM CO: CORNERSTONE LIFE %% ACH ECC PPD,FALSE
07/19/2025,Trader Joe's,Debit Card DEBIT TRAN TRADER JOE'S #712 LAKEVIEW OH,20.64,Debit,Food & Dining,Groceries,FREE CHECKING,,Debit Card DEBIT TRAN TRADER JOE'S #712 LAKEVIEW OH,FALSE
07/19/2025,Fourth Street Market,Debit Card DEBIT TRAN FOURTH STREET MARKET LAKEVIEW OH,6.96,Debit,Food & Dining,Convenience,FREE CHECKING,,Debit Card DEBIT TRAN FOURTH STREET MARKET LAKEVIEW OH,FALSE
07/17/2025,Shake Shack,Debit Card DEBIT TRAN SHAKE SHACK 1120 LAKEVIEW OH,16.30,Debit,Food & Dining,Restaurants,FREE CHECKING,,Debit Card DEBIT TRAN SHAKE SHACK 1120 LAKEVIEW OH,FALSE
07/17/2025,Fourth Street Market,Debit Card DEBIT TRAN FOURTH STREET MARKET LAKEVIEW OH,3.48,Debit,Food & Dining,Convenience,FREE CHECKING,,Debit Card DEBIT TRAN FOURTH STREET MARKET LAKEVIEW OH,FALSE
07/17/2025,Amc Theatres,Debit Card DEBIT TRAN AMC THEATRES #2255 LAKEVIEW OH,20.97,Debit,Entertainment,Movies & Music,FREE CHECKING,,Debit Card DEBIT TRAN AMC THEATRES #2255 LAKEVIEW OH,FALSE
07/16/2025,Panera Bread,Debit Card DEBIT TRAN PANERA BREAD #601442 LAKEVIEW OH,10.17,Debit,Food & Dining,Restaurants,FREE CHECKING,,Debit Card DEBIT TRAN PANERA BREAD #601442 LAKEVIEW OH,FALSE
07/16/2025,Kroger,Debit Card DEBIT TRAN KROGER #445 LAKEVIEW OH,33.71,Debit,Food & Dining,Groceries,FREE CHECKING,,Debit Card DEBIT TRAN KROGER #445 LAKEVIEW OH,FALSE
07/16/2025,Granite State Servicing,Withdrawal GRANITE STATE SERVICING / TYPE: STUDENT LN ID: XXXXXX2007 CO: GRANITE STATE SVC %% ACH ECC PPD,78.20,Debit,Education,Student Loan,FREE CHECKING,,TYPE: STUDENT LN ID: XXXXXX2007 CO: GRANITE STATE SVC %% ACH ECC PPD,FALSE
07/16/2025,Chase Credit Card,Withdrawal CHASE CREDIT CRD / TYPE: AUTOPAY ID: XXXXXX4417 CO: CHASE CREDIT CRD %% ACH ECC WEB,458.16,Debit,Transfer,Credit Card Payment,FREE CHECKING,,TYPE: AUTOPAY ID: XXXXXX4417 CO: CHASE CREDIT CRD %% ACH ECC WEB,FALSE
07/16/2025,Cafe Lumen,Debit Card DEBIT TRAN CAFE LUMEN LAKEVIEW OH,5.43,Debit,Food & Dining,Restaurants,FREE CHECKING,,Debit Card DEBIT TRAN CAFE LUMEN LAKEVIEW OH,FALSE
07/15/2025,Sunrise Bodega,Debit Card DEBIT TRAN SUNRISE BODEGA LAKEVIEW OH,5.31,Debit,Food & Dining,Convenience,FREE CHECKING,,Debit Card DEBIT TRAN SUNRISE BODEGA LAKEVIEW OH,FALSE
07/15/2025,Fourth Street Market,Debit Card DEBIT TRAN FOURTH STREET MARKET LAKEVIEW OH,5.35,Debit,Food & Dining,Convenience,FREE CHECKING,,Debit Card DEBIT TRAN FOURTH STREET MARKET LAKEVIEW OH,FALSE
07/13/2025,Northgate Express Mart,Debit Card DEBIT TRAN NORTHGATE EXPRESS MART LAKEVIEW OH,3.15,Debit,Food & Dining,Convenience,FREE CHECKING,,Debit Card DEBIT TRAN NORTHGATE EXPRESS MART LAKEVIEW OH,FALSE
07/13/2025,Lyft *Ride Tue 8Am,Debit Card DEBIT TRAN LYFT *RIDE TUE 8AM LAKEVIEW OH,12.59,Debit,Auto & Transport,Rideshare,FREE CHECKING,,Debit Card DEBIT TRAN LYFT *RIDE TUE 8AM LAKEVIEW OH,FALSE
07/13/2025,Lakeview Transit Auth,Debit Card DEBIT TRAN LAKEVIEW TRANSIT AUTH LAKEVIEW OH,2.75,Debit,Auto & Transport,Public Transit,FREE CHECKING,,Debit Card DEBIT TRAN LAKEVIEW TRANSIT AUTH LAKEVIEW OH,FALSE
07/13/2025,Lakeview Transit Auth,Debit Card DEBIT TRAN LAKEVIEW TRANSIT AUTH LAKEVIEW OH,2.75,Debit,Auto & Transport,Public Transit,FREE CHECKING,,Debit Card DEBIT TRAN LAKEVIEW TRANSIT AUTH LAKEVIEW OH,FALSE
07/13/2025,Fourth Street Market,Debit Card DEBIT TRAN FOURTH STREET MARKET LAKEVIEW OH,1.61,Debit,Food & Dining,Convenience,FREE CHECKING,,Debit Card DEBIT TRAN FOURTH STREET MARKET LAKEVIEW OH,FALSE
07/12/2025,Sunfire Taqueria,Debit Card DEBIT TRAN SUNFIRE TAQUERIA LAKEVIEW OH,14.64,Debit,Food & Dining,Restaurants,FREE CHECKING,,Debit Card DEBIT TRAN SUNFIRE TAQUERIA LAKEVIEW OH,FALSE
07/11/2025,Lakeview County Payroll,Deposit LAKEVIEW COUNTY PAYROLL / TYPE: DIRECT DEP ID: XXXXXX4410 CO: LAKEVIEW COUNTY %% ACH ECC PPD,1970.68,Credit,Income,Paycheck,FREE CHECKING,,TYPE: DIRECT DEP ID: XXXXXX4410 CO: LAKEVIEW COUNTY %% ACH ECC PPD,FALSE
07/10/2025,Cafe Lumen,Debit Card DEBIT TRAN CAFE LUMEN LAKEVIEW OH,6.48,Debit,Food & Dining,Restaurants,FREE CHECKING,,Debit Card DEBIT TRAN CAFE LUMEN LAKEVIEW OH,FALSE
07/09/2025,Wendy's,Debit Card DEBIT TRAN WENDY'S #4471 LAKEVIEW OH,7.16,Debit,Food & Dining,Restaurants,FREE CHECKING,,Debit Card DEBIT TRAN WENDY'S #4471 LAKEVIEW OH,FALSE
07/08/2025,Starbucks,Debit Card DEBIT TRAN STARBUCKS #22910 LAKEVIEW OH,4.44,Debit,Food & Dining,Restaurants,FREE CHECKING,,Debit Card DEBIT TRAN STARBUCKS #22910 LAKEVIEW OH,FALSE
07/08/2025,Fourth Street Market,Debit Card DEBIT TRAN FOURTH STREET MARKET LAKEVIEW OH,5.35,Debit,Food & Dining,Convenience,FREE CHECKING,,Debit Card DEBIT TRAN FOURTH STREET MARKET LAKEVIEW OH,FALSE
07/07/2025,Starbucks,Debit Card DEBIT TRAN STARBUCKS #22910 LAKEVIEW OH,6.18,Debit,Food & Dining,Restaurants,FREE CHECKING,,Debit Card DEBIT TRAN STARBUCKS #22910 LAKEVIEW OH,FALSE
07/07/2025,Starbucks,Debit Card DEBIT TRAN STARBUCKS #22910 LAKEVIEW OH,4.64,Debit,Food & Dining,Restaurants,FREE CHECKING,,Debit Card DEBIT TRAN STARBUCKS #22910 LAKEVIEW OH,FALSE
07/07/2025,Lakeview Farmers Market,Debit Card DEBIT TRAN LAKEVIEW FARMERS MARKET LAKEVIEW OH,11.25,Debit,Food & Dining,Groceries,FREE CHECKING,,Debit Card DEBIT TRAN LAKEVIEW FARMERS MARKET LAKEVIEW OH,FALSE
07/07/2025,Chase Credit Card,Withdrawal CHASE CREDIT CRD / TYPE: AUTOPAY ID: XXXXXX8802 CO: CHASE CREDIT CRD %% ACH ECC WEB,466.35,Debit,Transfer,Credit Card Payment,FREE CHECKING,,TYPE: AUTOPAY ID: XXXXXX8802 CO: CHASE CREDIT CRD %% ACH ECC WEB,FALSE
07/06/2025,Riverside Quick Stop,Debit Card DEBIT TRAN RIVERSIDE QUICK STOP LAKEVIEW OH,6.05,Debit,Food & Dining,Convenience,FREE CHECKING,,Debit Card DEBIT TRAN RIVERSIDE QUICK STOP LAKEVIEW OH,FALSE
07/06/2025,Lakeview Transit Auth,Debit Card DEBIT TRAN LAKEVIEW TRANSIT AUTH LAKEVIEW OH,2.75,Debit,Auto & Transport,Public Transit,FREE CHECKING,,Debit Card DEBIT TRAN LAKEVIEW TRANSIT AUTH LAKEVIEW OH,FALSE
07/06/2025,Lakeview Transit Auth,Debit Card DEBIT TRAN LAKEVIEW TRANSIT AUTH LAKEVIEW OH,2.75,Debit,Auto & Transport,Public Transit,FREE CHECKING,,Debit Card DEBIT TRAN LAKEVIEW TRANSIT AUTH LAKEVIEW OH,FALSE
07/06/2025,Lakeview Transit Auth,Debit Card DEBIT TRAN LAKEVIEW TRANSIT AUTH LAKEVIEW OH,2.75,Debit,Auto & Transport,Public Transit,FREE CHECKING,,Debit Card DEBIT TRAN LAKEVIEW TRANSIT AUTH LAKEVIEW OH,FALSE
07/06/2025,Lakeview Transit Auth,Debit Card DEBIT TRAN LAKEVIEW TRANSIT AUTH LAKEVIEW OH,2.75,Debit,Auto & Transport,Public Transit,FREE CHECKING,,Debit Card DEBIT TRAN LAKEVIEW TRANSIT AUTH LAKEVIEW OH,FALSE
07/05/2025,Zelle to Linda Morgan,Withdrawal ZELLE TO LINDA MORGAN / TYPE: P2P CO: ZELLE %% ACH ECC WEB,120.00,Debit,Transfer,Zelle,FREE CHECKING,,TYPE: P2P CO: ZELLE %% ACH ECC WEB,FALSE
07/05/2025,LaundryCard Reload,Withdrawal LAUNDRYCARD RELOAD / TYPE: PURCHASE CO: LAUNDRYCARD,16.00,Debit,Home,Laundry,FREE CHECKING,,TYPE: PURCHASE CO: LAUNDRYCARD,FALSE
07/04/2025,Lakeview Farmers Market,Debit Card DEBIT TRAN LAKEVIEW FARMERS MARKET LAKEVIEW OH,13.01,Debit,Food & Dining,Groceries,FREE CHECKING,,Debit Card DEBIT TRAN LAKEVIEW FARMERS MARKET LAKEVIEW OH,FALSE
07/03/2025,Fourth Street Market,Debit Card DEBIT TRAN FOURTH STREET MARKET LAKEVIEW OH,3.48,Debit,Food & Dining,Convenience,FREE CHECKING,,Debit Card DEBIT TRAN FOURTH STREET MARKET LAKEVIEW OH,FALSE
07/03/2025,Fourth Street Market,Debit Card DEBIT TRAN FOURTH STREET MARKET LAKEVIEW OH,5.35,Debit,Food & Dining,Convenience,FREE CHECKING,,Debit Card DEBIT TRAN FOURTH STREET MARKET LAKEVIEW OH,FALSE
07/03/2025,ATM Withdrawal Lakeshore CU,ATM Withdrawal LAKESHORE CU MAIN ST LAKEVIEW OH,60.00,Debit,Uncategorized,Cash,FREE CHECKING,,ATM Withdrawal LAKESHORE CU MAIN ST LAKEVIEW OH,FALSE
07/02/2025,Vanguard Buy,Withdrawal VANGUARD BUY / TYPE: INVESTMENT CO: VMC %% ACH ECC WEB,1000.00,Debit,Investments,Investment,SHARE SAVINGS,,TYPE: INVESTMENT CO: VMC %% ACH ECC WEB,FALSE
07/02/2025,Riverside Quick Stop,Debit Card DEBIT TRAN RIVERSIDE QUICK STOP LAKEVIEW OH,7.15,Debit,Food & Dining,Convenience,FREE CHECKING,,Debit Card DEBIT TRAN RIVERSIDE QUICK STOP LAKEVIEW OH,FALSE
07/02/2025,Fourth Street Market,Debit Card DEBIT TRAN FOURTH STREET MARKET LAKEVIEW OH,5.35,Debit,Food & Dining,Convenience,FREE CHECKING,,Debit Card DEBIT TRAN FOURTH STREET MARKET LAKEVIEW OH,FALSE
07/02/2025,Cvs/Pharmacy,Debit Card DEBIT TRAN CVS/PHARMACY #8812 LAKEVIEW OH,19.73,Debit,Health & Fitness,Pharmacy,FREE CHECKING,,Debit Card DEBIT TRAN CVS/PHARMACY #8812 LAKEVIEW OH,FALSE
07/01/2025,Havenbrook Residential,Withdrawal HAVENBROOK RESIDENTIAL / TYPE: RENT ID: XXXXXX2210 CO: HAVENBROOK RES %% ACH ECC PPD,1285.00,Debit,Home,Rent,FREE CHECKING,,TYPE: RENT ID: XXXXXX2210 CO: HAVENBROOK RES %% ACH ECC PPD,FALSE
06/30/2025,Walgreens,Debit Card DEBIT TRAN WALGREENS #3310 LAKEVIEW OH,13.50,Debit,Health & Fitness,Pharmacy,FREE CHECKING,,Debit Card DEBIT TRAN WALGREENS #3310 LAKEVIEW OH,FALSE
06/30/2025,Transfer from Account 0072,Transfer from Share 0072,500.00,Credit,Transfer,Transfer,SHARE SAVINGS,,Transfer from Share 0072,FALSE
06/30/2025,Transfer To Share,Transfer To Share 0001,500.00,Debit,Transfer,Transfer,FREE CHECKING,,Transfer To Share 0001,FALSE
06/30/2025,Fourth Street Market,Debit Card DEBIT TRAN FOURTH STREET MARKET LAKEVIEW OH,5.35,Debit,Food & Dining,Convenience,FREE CHECKING,,Debit Card DEBIT TRAN FOURTH STREET MARKET LAKEVIEW OH,FALSE
06/30/2025,Fourth Street Market,Debit Card DEBIT TRAN FOURTH STREET MARKET LAKEVIEW OH,1.34,Debit,Food & Dining,Convenience,FREE CHECKING,,Debit Card DEBIT TRAN FOURTH STREET MARKET LAKEVIEW OH,FALSE
06/30/2025,Fourth Street Market,Debit Card DEBIT TRAN FOURTH STREET MARKET LAKEVIEW OH,6.96,Debit,Food & Dining,Convenience,FREE CHECKING,,Debit Card DEBIT TRAN FOURTH STREET MARKET LAKEVIEW OH,FALSE
06/30/2025,Fourth Street Market,Debit Card DEBIT TRAN FOURTH STREET MARKET LAKEVIEW OH,3.48,Debit,Food & Dining,Convenience,FREE CHECKING,,Debit Card DEBIT TRAN FOURTH STREET MARKET LAKEVIEW OH,FALSE
06/29/2025,Fourth Street Market,Debit Card DEBIT TRAN FOURTH STREET MARKET LAKEVIEW OH,5.35,Debit,Food & Dining,Convenience,FREE CHECKING,,Debit Card DEBIT TRAN FOURTH STREET MARKET LAKEVIEW OH,FALSE
06/29/2025,Corner Books Lakeview,Debit Card DEBIT TRAN CORNER BOOKS LAKEVIEW LAKEVIEW OH,17.53,Debit,Entertainment,Movies & Music,FREE CHECKING,,Debit Card DEBIT TRAN CORNER BOOKS LAKEVIEW LAKEVIEW OH,FALSE
06/28/2025,Riverside Cinema,Debit Card DEBIT TRAN RIVERSIDE CINEMA LAKEVIEW OH,17.09,Debit,Entertainment,Movies & Music,FREE CHECKING,,Debit Card DEBIT TRAN RIVERSIDE CINEMA LAKEVIEW OH,FALSE
06/28/2025,Fourth Street Market,Debit Card DEBIT TRAN FOURTH STREET MARKET LAKEVIEW OH,5.62,Debit,Food & Dining,Convenience,FREE CHECKING,,Debit Card DEBIT TRAN FOURTH STREET MARKET LAKEVIEW OH,FALSE
06/28/2025,Domino's,Debit Card DEBIT TRAN DOMINO'S 5512 LAKEVIEW OH,16.25,Debit,Food & Dining,Restaurants,FREE CHECKING,,Debit Card DEBIT TRAN DOMINO'S 5512 LAKEVIEW OH,FALSE
06/28/2025,Basil & Rye,Debit Card DEBIT TRAN BASIL & RYE LAKEVIEW OH,17.55,Debit,Food & Dining,Restaurants,FREE CHECKING,,Debit Card DEBIT TRAN BASIL & RYE LAKEVIEW OH,FALSE
06/27/2025,Vantel Fiber,Withdrawal VANTEL FIBER / TYPE: INTERNET CO: VANTEL FIBER %% ACH ECC WEB,45.00,Debit,Bills & Utilities,Internet,FREE CHECKING,,TYPE: INTERNET CO: VANTEL FIBER %% ACH ECC WEB,FALSE
06/27/2025,Lakeview Farmers Market,Debit Card DEBIT TRAN LAKEVIEW FARMERS MARKET LAKEVIEW OH,11.77,Debit,Food & Dining,Groceries,FREE CHECKING,,Debit Card DEBIT TRAN LAKEVIEW FARMERS MARKET LAKEVIEW OH,FALSE
06/27/2025,Lakeview County Payroll,Deposit LAKEVIEW COUNTY PAYROLL / TYPE: DIRECT DEP ID: XXXXXX4410 CO: LAKEVIEW COUNTY %% ACH ECC PPD,1970.68,Credit,Income,Paycheck,FREE CHECKING,,TYPE: DIRECT DEP ID: XXXXXX4410 CO: LAKEVIEW COUNTY %% ACH ECC PPD,FALSE
06/25/2025,Northline Gas,Withdrawal NORTHLINE GAS / TYPE: GAS BILL CO: NORTHLINE GAS %% ACH ECC CCD,19.13,Debit,Bills & Utilities,Utilities,FREE CHECKING,,TYPE: GAS BILL CO: NORTHLINE GAS %% ACH ECC CCD,FALSE
06/25/2025,Kroger,Debit Card DEBIT TRAN KROGER #445 LAKEVIEW OH,29.02,Debit,Food & Dining,Groceries,FREE CHECKING,,Debit Card DEBIT TRAN KROGER #445 LAKEVIEW OH,FALSE
06/25/2025,Fourth Street Market,Debit Card DEBIT TRAN FOURTH STREET MARKET LAKEVIEW OH,1.61,Debit,Food & Dining,Convenience,FREE CHECKING,,Debit Card DEBIT TRAN FOURTH STREET MARKET LAKEVIEW OH,FALSE
06/25/2025,Cvs/Pharmacy,Debit Card DEBIT TRAN CVS/PHARMACY #8812 LAKEVIEW OH,20.25,Debit,Health & Fitness,Pharmacy,FREE CHECKING,,Debit Card DEBIT TRAN CVS/PHARMACY #8812 LAKEVIEW OH,FALSE
06/25/2025,Chipotle,Debit Card DEBIT TRAN CHIPOTLE 2291 LAKEVIEW OH,15.11,Debit,Food & Dining,Restaurants,FREE CHECKING,,Debit Card DEBIT TRAN CHIPOTLE 2291 LAKEVIEW OH,FALSE
06/25/2025,ATM Withdrawal Lakeshore CU,ATM Withdrawal LAKESHORE CU MAIN ST LAKEVIEW OH,40.00,Debit,Uncategorized,Cash,FREE CHECKING,,ATM Withdrawal LAKESHORE CU MAIN ST LAKEVIEW OH,FALSE
06/24/2025,Lakeview Transit Auth,Debit Card DEBIT TRAN LAKEVIEW TRANSIT AUTH LAKEVIEW OH,2.75,Debit,Auto & Transport,Public Transit,FREE CHECKING,,Debit Card DEBIT TRAN LAKEVIEW TRANSIT AUTH LAKEVIEW OH,FALSE
06/24/2025,Lakeview Transit Auth,Debit Card DEBIT TRAN LAKEVIEW TRANSIT AUTH LAKEVIEW OH,2.75,Debit,Auto & Transport,Public Transit,FREE CHECKING,,Debit Card DEBIT TRAN LAKEVIEW TRANSIT AUTH LAKEVIEW OH,FALSE
06/24/2025,Fourth Street Market,Debit Card DEBIT TRAN FOURTH STREET MARKET LAKEVIEW OH,5.35,Debit,Food & Dining,Convenience,FREE CHECKING,,Debit Card DEBIT TRAN FOURTH STREET MARKET LAKEVIEW OH,FALSE
06/23/2025,Northgate Express Mart,Debit Card DEBIT TRAN NORTHGATE EXPRESS MART LAKEVIEW OH,4.45,Debit,Food & Dining,Convenience,FREE CHECKING,,Debit Card DEBIT TRAN NORTHGATE EXPRESS MART LAKEVIEW OH,FALSE
06/23/2025,Kroger,Debit Card DEBIT TRAN KROGER #445 LAKEVIEW OH,34.44,Debit,Food & Dining,Groceries,FREE CHECKING,,Debit Card DEBIT TRAN KROGER #445 LAKEVIEW OH,FALSE
06/23/2025,Chipotle,Debit Card DEBIT TRAN CHIPOTLE 2291 LAKEVIEW OH,13.46,Debit,Food & Dining,Restaurants,FREE CHECKING,,Debit Card DEBIT TRAN CHIPOTLE 2291 LAKEVIEW OH,FALSE
06/22/2025,Riverside Quick Stop,Debit Card DEBIT TRAN RIVERSIDE QUICK STOP LAKEVIEW OH,3.70,Debit,Food & Dining,Convenience,FREE CHECKING,,Debit Card DEBIT TRAN RIVERSIDE QUICK STOP LAKEVIEW OH,FALSE
06/22/2025,Fourth Street Market,Debit Card DEBIT TRAN FOURTH STREET MARKET LAKEVIEW OH,3.48,Debit,Food & Dining,Convenience,FREE CHECKING,,Debit Card DEBIT TRAN FOURTH STREET MARKET LAKEVIEW OH,FALSE
06/21/2025,Riverside Quick Stop,Debit Card DEBIT TRAN RIVERSIDE QUICK STOP LAKEVIEW OH,7.64,Debit,Food & Dining,Convenience,FREE CHECKING,,Debit Card DEBIT TRAN RIVERSIDE QUICK STOP LAKEVIEW OH,FALSE
06/21/2025,Fourth Street Market,Debit Card DEBIT TRAN FOURTH STREET MARKET LAKEVIEW OH,3.48,Debit,Food & Dining,Convenience,FREE CHECKING,,Debit Card DEBIT TRAN FOURTH STREET MARKET LAKEVIEW OH,FALSE
06/20/2025,Riverside Quick Stop,Debit Card DEBIT TRAN RIVERSIDE QUICK STOP LAKEVIEW OH,2.57,Debit,Food & Dining,Convenience,FREE CHECKING,,Debit Card DEBIT TRAN RIVERSIDE QUICK STOP LAKEVIEW OH,FALSE
06/20/2025,Lakeview Transit Auth,Debit Card DEBIT TRAN LAKEVIEW TRANSIT AUTH LAKEVIEW OH,2.75,Debit,Auto & Transport,Public Transit,FREE CHECKING,,Debit Card DEBIT TRAN LAKEVIEW TRANSIT AUTH LAKEVIEW OH,FALSE
06/20/2025,Lakeview Transit Auth,Debit Card DEBIT TRAN LAKEVIEW TRANSIT AUTH LAKEVIEW OH,2.75,Debit,Auto & Transport,Public Transit,FREE CHECKING,,Debit Card DEBIT TRAN LAKEVIEW TRANSIT AUTH LAKEVIEW OH,FALSE
06/20/2025,Lakeview Power & Light,Withdrawal LAKEVIEW PWR & LIGHT / TYPE: ELECTRIC ID: XXXXXX7002 CO: LAKEVIEW PWR LT %% ACH ECC CCD,90.62,Debit,Bills & Utilities,Utilities,FREE CHECKING,,TYPE: ELECTRIC ID: XXXXXX7002 CO: LAKEVIEW PWR LT %% ACH ECC CCD,FALSE
06/20/2025,Fourth Street Market,Debit Card DEBIT TRAN FOURTH STREET MARKET LAKEVIEW OH,1.34,Debit,Food & Dining,Convenience,FREE CHECKING,,Debit Card DEBIT TRAN FOURTH STREET MARKET LAKEVIEW OH,FALSE
06/19/2025,Sunfire Taqueria,Debit Card DEBIT TRAN SUNFIRE TAQUERIA LAKEVIEW OH,17.16,Debit,Food & Dining,Restaurants,FREE CHECKING,,Debit Card DEBIT TRAN SUNFIRE TAQUERIA LAKEVIEW OH,FALSE
06/19/2025,Kroger,Debit Card DEBIT TRAN KROGER #445 LAKEVIEW OH,36.61,Debit,Food & Dining,Groceries,FREE CHECKING,,Debit Card DEBIT TRAN KROGER #445 LAKEVIEW OH,FALSE
06/19/2025,Fourth Street Market,Debit Card DEBIT TRAN FOURTH STREET MARKET LAKEVIEW OH,5.35,Debit,Food & Dining,Convenience,FREE CHECKING,,Debit Card DEBIT TRAN FOURTH STREET MARKET LAKEVIEW OH,FALSE
06/19/2025,Fourth Street Market,Debit Card DEBIT TRAN FOURTH STREET MARKET LAKEVIEW OH,5.35,Debit,Food & Dining,Convenience,FREE CHECKING,,Debit Card DEBIT TRAN FOURTH STREET MARKET LAKEVIEW OH,FALSE
06/19/2025,Fourth Street Market,Debit Card DEBIT TRAN FOURTH STREET MARKET LAKEVIEW OH,5.35,Debit,Food & Dining,Convenience,FREE CHECKING,,Debit Card DEBIT TRAN FOURTH STREET MARKET LAKEVIEW OH,FALSE
06/18/2025,Wendy's,Debit Card DEBIT TRAN WENDY'S #4471 LAKEVIEW OH,8.37,Debit,Food & Dining,Restaurants,FREE CHECKING,,Debit Card DEBIT TRAN WENDY'S #4471 LAKEVIEW OH,FALSE
06/18/2025,Cvs/Pharmacy,Debit Card DEBIT TRAN CVS/PHARMACY #8812 LAKEVIEW OH,7.85,Debit,Health & Fitness,Pharmacy,FREE CHECKING,,Debit Card DEBIT TRAN CVS/PHARMACY #8812 LAKEVIEW OH,FALSE
06/17/2025,Transfer to Venmo,Withdrawal VENMO / TYPE: PAYMENT CO: VENMO %% ACH ECC WEB,23.50,Debit,Transfer,Venmo,FREE CHECKING,,TYPE: PAYMENT CO: VENMO %% ACH ECC WEB,FALSE
06/17/2025,Shake Shack,Debit Card DEBIT TRAN SHAKE SHACK 1120 LAKEVIEW OH,17.24,Debit,Food & Dining,Restaurants,FREE CHECKING,,Debit Card DEBIT TRAN SHAKE SHACK 1120 LAKEVIEW OH,FALSE
06/17/2025,Riverside Quick Stop,Debit Card DEBIT TRAN RIVERSIDE QUICK STOP LAKEVIEW OH,5.26,Debit,Food & Dining,Convenience,FREE CHECKING,,Debit Card DEBIT TRAN RIVERSIDE QUICK STOP LAKEVIEW OH,FALSE
06/17/2025,Lakeview Transit Auth,Debit Card DEBIT TRAN LAKEVIEW TRANSIT AUTH LAKEVIEW OH,2.75,Debit,Auto & Transport,Public Transit,FREE CHECKING,,Debit Card DEBIT TRAN LAKEVIEW TRANSIT AUTH LAKEVIEW OH,FALSE
06/17/2025,Lakeview Transit Auth,Debit Card DEBIT TRAN LAKEVIEW TRANSIT AUTH LAKEVIEW OH,2.75,Debit,Auto & Transport,Public Transit,FREE CHECKING,,Debit Card DEBIT TRAN LAKEVIEW TRANSIT AUTH LAKEVIEW OH,FALSE
06/17/2025,Fourth Street Market,Debit Card DEBIT TRAN FOURTH STREET MARKET LAKEVIEW OH,1.34,Debit,Food & Dining,Convenience,FREE CHECKING,,Debit Card DEBIT TRAN FOURTH STREET MARKET LAKEVIEW OH,FALSE
06/16/2025,Northgate Express Mart,Debit Card DEBIT TRAN NORTHGATE EXPRESS MART LAKEVIEW OH,3.53,Debit,Food & Dining,Convenience,FREE CHECKING,,Debit Card DEBIT TRAN NORTHGATE EXPRESS MART LAKEVIEW OH,FALSE
06/16/2025,Granite State Servicing,Withdrawal GRANITE STATE SERVICING / TYPE: STUDENT LN ID: XXXXXX2007 CO: GRANITE STATE SVC %% ACH ECC PPD,78.20,Debit,Education,Student Loan,FREE CHECKING,,TYPE: STUDENT LN ID: XXXXXX2007 CO: GRANITE STATE SVC %% ACH ECC PPD,FALSE
06/16/2025,Chase Credit Card,Withdrawal CHASE CREDIT CRD / TYPE: AUTOPAY ID: XXXXXX4417 CO: CHASE CREDIT CRD %% ACH ECC WEB,338.08,Debit,Transfer,Credit Card Payment,FREE CHECKING,,TYPE: AUTOPAY ID: XXXXXX4417 CO: CHASE CREDIT CRD %% ACH ECC WEB,FALSE
06/14/2025,Fourth Street Market,Debit Card DEBIT TRAN FOURTH STREET MARKET LAKEVIEW OH,5.35,Debit,Food & Dining,Convenience,FREE CHECKING,,Debit Card DEBIT TRAN FOURTH STREET MARKET LAKEVIEW OH,FALSE
06/14/2025,Blue Line Snacks,Debit Card DEBIT TRAN BLUE LINE SNACKS LAKEVIEW OH,3.74,Debit,Food & Dining,Convenience,FREE CHECKING,,Debit Card DEBIT TRAN BLUE LINE SNACKS LAKEVIEW OH,FALSE
06/13/2025,Lyft *Ride Mon 6Pm,Debit Card DEBIT TRAN LYFT *RIDE MON 6PM LAKEVIEW OH,16.22,Debit,Auto & Transport,Rideshare,FREE CHECKING,,Debit Card DEBIT TRAN LYFT *RIDE MON 6PM LAKEVIEW OH,FALSE
06/13/2025,Lakeview County Payroll,Deposit LAKEVIEW COUNTY PAYROLL / TYPE: DIRECT DEP ID: XXXXXX4410 CO: LAKEVIEW COUNTY %% ACH ECC PPD,1970.68,Credit,Income,Paycheck,FREE CHECKING,,TYPE: DIRECT DEP ID: XXXXXX4410 CO: LAKEVIEW COUNTY %% ACH ECC PPD,FALSE
06/13/2025,Kroger,Debit Card DEBIT TRAN KROGER #445 LAKEVIEW OH,45.91,Debit,Food & Dining,Groceries,FREE CHECKING,,Debit Card DEBIT TRAN KROGER #445 LAKEVIEW OH,FALSE
06/13/2025,Fourth Street Market,Debit Card DEBIT TRAN FOURTH STREET MARKET LAKEVIEW OH,5.35,Debit,Food & Dining,Convenience,FREE CHECKING,,Debit Card DEBIT TRAN FOURTH STREET MARKET LAKEVIEW OH,FALSE
06/11/2025,Fourth Street Market,Debit Card DEBIT TRAN FOURTH STREET MARKET LAKEVIEW OH,3.48,Debit,Food & Dining,Convenience,FREE CHECKING,,Debit Card DEBIT TRAN FOURTH STREET MARKET LAKEVIEW OH,FALSE
06/10/2025,Trader Joe's,Debit Card DEBIT TRAN TRADER JOE'S #712 LAKEVIEW OH,44.82,Debit,Food & Dining,Groceries,FREE CHECKING,,Debit Card DEBIT TRAN TRADER JOE'S #712 LAKEVIEW OH,FALSE
06/10/2025,Target,Debit Card DEBIT TRAN TARGET 00028215 LAKEVIEW OH,37.86,Debit,Shopping,General Merchandise,FREE CHECKING,,Debit Card DEBIT TRAN TARGET 00028215 LAKEVIEW OH,FALSE
06/10/2025,Golden Wok,Debit Card DEBIT TRAN GOLDEN WOK LAKEVIEW OH,16.58,Debit,Food & Dining,Restaurants,FREE CHECKING,,Debit Card DEBIT TRAN GOLDEN WOK LAKEVIEW OH,FALSE
06/10/2025,Fourth Street Market,Debit Card DEBIT TRAN FOURTH STREET MARKET LAKEVIEW OH,1.34,Debit,Food & Dining,Convenience,FREE CHECKING,,Debit Card DEBIT TRAN FOURTH STREET MARKET LAKEVIEW OH,FALSE
06/10/2025,Fourth Street Market,Debit Card DEBIT TRAN FOURTH STREET MARKET LAKEVIEW OH,3.48,Debit,Food & Dining,Convenience,FREE CHECKING,,Debit Card DEBIT TRAN FOURTH STREET MARKET LAKEVIEW OH,FALSE
06/10/2025,Campus Corner Deli,Debit Card DEBIT TRAN CAMPUS CORNER DELI LAKEVIEW OH,4.10,Debit,Food & Dining,Convenience,FREE CHECKING,,Debit Card DEBIT TRAN CAMPUS CORNER DELI LAKEVIEW OH,FALSE
06/09/2025,Fourth Street Market,Debit Card DEBIT TRAN FOURTH STREET MARKET LAKEVIEW OH,5.35,Debit,Food & Dining,Convenience,FREE CHECKING,,Debit Card DEBIT TRAN FOURTH STREET MARKET LAKEVIEW OH,FALSE
06/08/2025,Campus Corner Deli,Debit Card DEBIT TRAN CAMPUS CORNER DELI LAKEVIEW OH,7.32,Debit,Food & Dining,Convenience,FREE CHECKING,,Debit Card DEBIT TRAN CAMPUS CORNER DELI LAKEVIEW OH,FALSE
06/07/2025,Northgate Express Mart,Debit Card DEBIT TRAN NORTHGATE EXPRESS MART LAKEVIEW OH,3.61,Debit,Food & Dining,Convenience,FREE CHECKING,,Debit Card DEBIT TRAN NORTHGATE EXPRESS MART LAKEVIEW OH,FALSE
06/07/2025,Fourth Street Market,Debit Card DEBIT TRAN FOURTH STREET MARKET LAKEVIEW OH,5.35,Debit,Food & Dining,Convenience,FREE CHECKING,,Debit Card DEBIT TRAN FOURTH STREET MARKET LAKEVIEW OH,FALSE
06/07/2025,Chase Credit Card,Withdrawal CHASE CREDIT CRD / TYPE: AUTOPAY ID: XXXXXX8802 CO: CHASE CREDIT CRD %% ACH ECC WEB,330.02,Debit,Transfer,Credit Card Payment,FREE CHECKING,,TYPE: AUTOPAY ID: XXXXXX8802 CO: CHASE CREDIT CRD %% ACH ECC WEB,FALSE
06/07/2025,Blue Line Snacks,Debit Card DEBIT TRAN BLUE LINE SNACKS LAKEVIEW OH,4.23,Debit,Food & Dining,Convenience,FREE CHECKING,,Debit Card DEBIT TRAN BLUE LINE SNACKS LAKEVIEW OH,FALSE
06/06/2025,Elm & 9Th Convenience,Debit Card DEBIT TRAN ELM & 9TH CONVENIENCE LAKEVIEW OH,6.68,Debit,Food & Dining,Convenience,FREE CHECKING,,Debit Card DEBIT TRAN ELM & 9TH CONVENIENCE LAKEVIEW OH,FALSE
06/05/2025,Zelle to Linda Morgan,Withdrawal ZELLE TO LINDA MORGAN / TYPE: P2P CO: ZELLE %% ACH ECC WEB,120.00,Debit,Transfer,Zelle,FREE CHECKING,,TYPE: P2P CO: ZELLE %% ACH ECC WEB,FALSE
06/05/2025,LaundryCard Reload,Withdrawal LAUNDRYCARD RELOAD / TYPE: PURCHASE CO: LAUNDRYCARD,16.00,Debit,Home,Laundry,FREE CHECKING,,TYPE: PURCHASE CO: LAUNDRYCARD,FALSE
06/04/2025,Target,Debit Card DEBIT TRAN TARGET 00028215 LAKEVIEW OH,47.16,Debit,Shopping,General Merchandise,FREE CHECKING,,Debit Card DEBIT TRAN TARGET 00028215 LAKEVIEW OH,FALSE
06/04/2025,Riverside Quick Stop,Debit Card DEBIT TRAN RIVERSIDE QUICK STOP LAKEVIEW OH,3.14,Debit,Food & Dining,Convenience,FREE CHECKING,,Debit Card DEBIT TRAN RIVERSIDE QUICK STOP LAKEVIEW OH,FALSE
06/04/2025,Panera Bread,Debit Card DEBIT TRAN PANERA BREAD #601442 LAKEVIEW OH,11.28,Debit,Food & Dining,Restaurants,FREE CHECKING,,Debit Card DEBIT TRAN PANERA BREAD #601442 LAKEVIEW OH,FALSE
06/03/2025,Vanguard Buy,Withdrawal VANGUARD BUY / TYPE: INVESTMENT CO: VMC %% ACH ECC WEB,1000.00,Debit,Investments,Investment,SHARE SAVINGS,,TYPE: INVESTMENT CO: VMC %% ACH ECC WEB,FALSE
06/03/2025,Fourth Street Market,Debit Card DEBIT TRAN FOURTH STREET MARKET LAKEVIEW OH,1.61,Debit,Food & Dining,Convenience,FREE CHECKING,,Debit Card DEBIT TRAN FOURTH STREET MARKET LAKEVIEW OH,FALSE
06/03/2025,Fourth Street Market,Debit Card DEBIT TRAN FOURTH STREET MARKET LAKEVIEW OH,5.35,Debit,Food & Dining,Convenience,FREE CHECKING,,Debit Card DEBIT TRAN FOURTH STREET MARKET LAKEVIEW OH,FALSE
06/03/2025,Fourth Street Market,Debit Card DEBIT TRAN FOURTH STREET MARKET LAKEVIEW OH,1.87,Debit,Food & Dining,Convenience,FREE CHECKING,,Debit Card DEBIT TRAN FOURTH STREET MARKET LAKEVIEW OH,FALSE
06/02/2025,Kroger,Debit Card DEBIT TRAN KROGER #445 LAKEVIEW OH,20.70,Debit,Food & Dining,Groceries,FREE CHECKING,,Debit Card DEBIT TRAN KROGER #445 LAKEVIEW OH,FALSE
06/01/2025,Kroger,Debit Card DEBIT TRAN KROGER #445 LAKEVIEW OH,34.43,Debit,Food & Dining,Groceries,FREE CHECKING,,Debit Card DEBIT TRAN KROGER #445 LAKEVIEW OH,FALSE
06/01/2025,Havenbrook Residential,Withdrawal HAVENBROOK RESIDENTIAL / TYPE: RENT ID: XXXXXX2210 CO: HAVENBROOK RES %% ACH ECC PPD,1285.00,Debit,Home,Rent,FREE CHECKING,,TYPE: RENT ID: XXXXXX2210 CO: HAVENBROOK RES %% ACH ECC PPD,FALSE
06/01/2025,Chipotle,Debit Card DEBIT TRAN CHIPOTLE 2291 LAKEVIEW OH,13.85,Debit,Food & Dining,Restaurants,FREE CHECKING,,Debit Card DEBIT TRAN CHIPOTLE 2291 LAKEVIEW OH,FALSE
05/31/2025,Transfer to Venmo,Withdrawal VENMO / TYPE: PAYMENT CO: VENMO %% ACH ECC WEB,6.00,Debit,Transfer,Venmo,FREE CHECKING,,TYPE: PAYMENT CO: VENMO %% ACH ECC WEB,FALSE
05/31/2025,Transfer from Account 0072,Transfer from Share 0072,750.00,Credit,Transfer,Transfer,SHARE SAVINGS,,Transfer from Share 0072,FALSE
05/31/2025,Transfer To Share,Transfer To Share 0001,750.00,Debit,Transfer,Transfer,FREE CHECKING,,Transfer To Share 0001,FALSE
05/31/2025,Starbucks,Debit Card DEBIT TRAN STARBUCKS #22910 LAKEVIEW OH,5.19,Debit,Food & Dining,Restaurants,FREE CHECKING,,Debit Card DEBIT TRAN STARBUCKS #22910 LAKEVIEW OH,FALSE
05/30/2025,Sunfire Taqueria,Debit Card DEBIT TRAN SUNFIRE TAQUERIA LAKEVIEW OH,21.35,Debit,Food & Dining,Restaurants,FREE CHECKING,,Debit Card DEBIT TRAN SUNFIRE TAQUERIA LAKEVIEW OH,FALSE
05/30/2025,Riverside Quick Stop,Debit Card DEBIT TRAN RIVERSIDE QUICK STOP LAKEVIEW OH,7.52,Debit,Food & Dining,Convenience,FREE CHECKING,,Debit Card DEBIT TRAN RIVERSIDE QUICK STOP LAKEVIEW OH,FALSE
05/30/2025,Riverside Quick Stop,Debit Card DEBIT TRAN RIVERSIDE QUICK STOP LAKEVIEW OH,7.44,Debit,Food & Dining,Convenience,FREE CHECKING,,Debit Card DEBIT TRAN RIVERSIDE QUICK STOP LAKEVIEW OH,FALSE
05/30/2025,Lakeview County Payroll,Deposit LAKEVIEW COUNTY PAYROLL / TYPE: DIRECT DEP ID: XXXXXX4410 CO: LAKEVIEW COUNTY %% ACH ECC PPD,1970.68,Credit,Income,Paycheck,FREE CHECKING,,TYPE: DIRECT DEP ID: XXXXXX4410 CO: LAKEVIEW COUNTY %% ACH ECC PPD,FALSE
05/30/2025,Fourth Street Market,Debit Card DEBIT TRAN FOURTH STREET MARKET LAKEVIEW OH,1.34,Debit,Food & Dining,Convenience,FREE CHECKING,,Debit Card DEBIT TRAN FOURTH STREET MARKET LAKEVIEW OH,FALSE
05/29/2025,Cvs/Pharmacy,Debit Card DEBIT TRAN CVS/PHARMACY #8812 LAKEVIEW OH,18.10,Debit,Health & Fitness,Pharmacy,FREE CHECKING,,Debit Card DEBIT TRAN CVS/PHARMACY #8812 LAKEVIEW OH,FALSE
05/27/2025,Vantel Fiber,Withdrawal VANTEL FIBER / TYPE: INTERNET CO: VANTEL FIBER %% ACH ECC WEB,45.00,Debit,Bills & Utilities,Internet,FREE CHECKING,,TYPE: INTERNET CO: VANTEL FIBER %% ACH ECC WEB,FALSE
05/27/2025,Riverside Quick Stop,Debit Card DEBIT TRAN RIVERSIDE QUICK STOP LAKEVIEW OH,2.95,Debit,Food & Dining,Convenience,FREE CHECKING,,Debit Card DEBIT TRAN RIVERSIDE QUICK STOP LAKEVIEW OH,FALSE
05/27/2025,Golden Wok,Debit Card DEBIT TRAN GOLDEN WOK LAKEVIEW OH,17.48,Debit,Food & Dining,Restaurants,FREE CHECKING,,Debit Card DEBIT TRAN GOLDEN WOK LAKEVIEW OH,FALSE
05/27/2025,Fourth Street Market,Debit Card DEBIT TRAN FOURTH STREET MARKET LAKEVIEW OH,5.35,Debit,Food & Dining,Convenience,FREE CHECKING,,Debit Card DEBIT TRAN FOURTH STREET MARKET LAKEVIEW OH,FALSE
05/26/2025,Riverside Quick Stop,Debit Card DEBIT TRAN RIVERSIDE QUICK STOP LAKEVIEW OH,6.05,Debit,Food & Dining,Convenience,FREE CHECKING,,Debit Card DEBIT TRAN RIVERSIDE QUICK STOP LAKEVIEW OH,FALSE
05/26/2025,Cafe Lumen,Debit Card DEBIT TRAN CAFE LUMEN LAKEVIEW OH,7.47,Debit,Food & Dining,Restaurants,FREE CHECKING,,Debit Card DEBIT TRAN CAFE LUMEN LAKEVIEW OH,FALSE
05/25/2025,Riverside Quick Stop,Debit Card DEBIT TRAN RIVERSIDE QUICK STOP LAKEVIEW OH,3.73,Debit,Food & Dining,Convenience,FREE CHECKING,,Debit Card DEBIT TRAN RIVERSIDE QUICK STOP LAKEVIEW OH,FALSE
05/25/2025,Northline Gas,Withdrawal NORTHLINE GAS / TYPE: GAS BILL CO: NORTHLINE GAS %% ACH ECC CCD,27.93,Debit,Bills & Utilities,Utilities,FREE CHECKING,,TYPE: GAS BILL CO: NORTHLINE GAS %% ACH ECC CCD,FALSE
05/24/2025,Riverside Quick Stop,Debit Card DEBIT TRAN RIVERSIDE QUICK STOP LAKEVIEW OH,5.21,Debit,Food & Dining,Convenience,FREE CHECKING,,Debit Card DEBIT TRAN RIVERSIDE QUICK STOP LAKEVIEW OH,FALSE
05/24/2025,Fourth Street Market,Debit Card DEBIT TRAN FOURTH STREET MARKET LAKEVIEW OH,5.35,Debit,Food & Dining,Convenience,FREE CHECKING,,Debit Card DEBIT TRAN FOURTH STREET MARKET LAKEVIEW OH,FALSE
05/23/2025,Target,Debit Card DEBIT TRAN TARGET 00028215 LAKEVIEW OH,26.47,Debit,Shopping,General Merchandise,FREE CHECKING,,Debit Card DEBIT TRAN TARGET 00028215 LAKEVIEW OH,FALSE
05/23/2025,Lakeview Parking,Debit Card DEBIT TRAN LAKEVIEW PARKING LAKEVIEW OH,9.68,Debit,Auto & Transport,Rideshare,FREE CHECKING,,Debit Card DEBIT TRAN LAKEVIEW PARKING LAKEVIEW OH,FALSE
05/23/2025,Blue Line Snacks,Debit Card DEBIT TRAN BLUE LINE SNACKS LAKEVIEW OH,2.41,Debit,Food & Dining,Convenience,FREE CHECKING,,Debit Card DEBIT TRAN BLUE LINE SNACKS LAKEVIEW OH,FALSE
05/22/2025,Transfer to Venmo,Withdrawal VENMO / TYPE: PAYMENT CO: VENMO %% ACH ECC WEB,40.46,Debit,Transfer,Venmo,FREE CHECKING,,TYPE: PAYMENT CO: VENMO %% ACH ECC WEB,FALSE
05/22/2025,Riverside Quick Stop,Debit Card DEBIT TRAN RIVERSIDE QUICK STOP LAKEVIEW OH,4.22,Debit,Food & Dining,Convenience,FREE CHECKING,,Debit Card DEBIT TRAN RIVERSIDE QUICK STOP LAKEVIEW OH,FALSE
05/21/2025,Fourth Street Market,Debit Card DEBIT TRAN FOURTH STREET MARKET LAKEVIEW OH,6.96,Debit,Food & Dining,Convenience,FREE CHECKING,,Debit Card DEBIT TRAN FOURTH STREET MARKET LAKEVIEW OH,FALSE
05/20/2025,Lakeview Power & Light,Withdrawal LAKEVIEW PWR & LIGHT / TYPE: ELECTRIC ID: XXXXXX7002 CO: LAKEVIEW PWR LT %% ACH ECC CCD,75.32,Debit,Bills & Utilities,Utilities,FREE CHECKING,,TYPE: ELECTRIC ID: XXXXXX7002 CO: LAKEVIEW PWR LT %% ACH ECC CCD,FALSE
05/20/2025,Campus Corner Deli,Debit Card DEBIT TRAN CAMPUS CORNER DELI LAKEVIEW OH,3.72,Debit,Food & Dining,Convenience,FREE CHECKING,,Debit Card DEBIT TRAN CAMPUS CORNER DELI LAKEVIEW OH,FALSE
05/19/2025,Panera Bread,Debit Card DEBIT TRAN PANERA BREAD #601442 LAKEVIEW OH,9.52,Debit,Food & Dining,Restaurants,FREE CHECKING,,Debit Card DEBIT TRAN PANERA BREAD #601442 LAKEVIEW OH,FALSE
05/19/2025,Fourth Street Market,Debit Card DEBIT TRAN FOURTH STREET MARKET LAKEVIEW OH,5.35,Debit,Food & Dining,Convenience,FREE CHECKING,,Debit Card DEBIT TRAN FOURTH STREET MARKET LAKEVIEW OH,FALSE
05/19/2025,Fourth Street Market,Debit Card DEBIT TRAN FOURTH STREET MARKET LAKEVIEW OH,5.35,Debit,Food & Dining,Convenience,FREE CHECKING,,Debit Card DEBIT TRAN FOURTH STREET MARKET LAKEVIEW OH,FALSE
05/18/2025,Fourth Street Market,Debit Card DEBIT TRAN FOURTH STREET MARKET LAKEVIEW OH,6.96,Debit,Food & Dining,Convenience,FREE CHECKING,,Debit Card DEBIT TRAN FOURTH STREET MARKET LAKEVIEW OH,FALSE
05/17/2025,Target,Debit Card DEBIT TRAN TARGET 00028215 LAKEVIEW OH,34.55,Debit,Shopping,General Merchandise,FREE CHECKING,,Debit Card DEBIT TRAN TARGET 00028215 LAKEVIEW OH,FALSE
05/17/2025,Riverside Quick Stop,Debit Card DEBIT TRAN RIVERSIDE QUICK STOP LAKEVIEW OH,2.86,Debit,Food & Dining,Convenience,FREE CHECKING,,Debit Card DEBIT TRAN RIVERSIDE QUICK STOP LAKEVIEW OH,FALSE
05/16/2025,Lakeview County Payroll,Deposit LAKEVIEW COUNTY PAYROLL / TYPE: DIRECT DEP ID: XXXXXX4410 CO: LAKEVIEW COUNTY %% ACH ECC PPD,1970.68,Credit,Income,Paycheck,FREE CHECKING,,TYPE: DIRECT DEP ID: XXXXXX4410 CO: LAKEVIEW COUNTY %% ACH ECC PPD,FALSE
05/16/2025,Granite State Servicing,Withdrawal GRANITE STATE SERVICING / TYPE: STUDENT LN ID: XXXXXX2007 CO: GRANITE STATE SVC %% ACH ECC PPD,78.20,Debit,Education,Student Loan,FREE CHECKING,,TYPE: STUDENT LN ID: XXXXXX2007 CO: GRANITE STATE SVC %% ACH ECC PPD,FALSE
05/16/2025,Chase Credit Card,Withdrawal CHASE CREDIT CRD / TYPE: AUTOPAY ID: XXXXXX4417 CO: CHASE CREDIT CRD %% ACH ECC WEB,314.17,Debit,Transfer,Credit Card Payment,FREE CHECKING,,TYPE: AUTOPAY ID: XXXXXX4417 CO: CHASE CREDIT CRD %% ACH ECC WEB,FALSE
05/14/2025,Transfer to Venmo,Withdrawal VENMO / TYPE: PAYMENT CO: VENMO %% ACH ECC WEB,38.67,Debit,Transfer,Venmo,FREE CHECKING,,TYPE: PAYMENT CO: VENMO %% ACH ECC WEB,FALSE
05/13/2025,Starbucks,Debit Card DEBIT TRAN STARBUCKS #22910 LAKEVIEW OH,6.82,Debit,Food & Dining,Restaurants,FREE CHECKING,,Debit Card DEBIT TRAN STARBUCKS #22910 LAKEVIEW OH,FALSE
05/13/2025,Fourth Street Market,Debit Card DEBIT TRAN FOURTH STREET MARKET LAKEVIEW OH,1.34,Debit,Food & Dining,Convenience,FREE CHECKING,,Debit Card DEBIT TRAN FOURTH STREET MARKET LAKEVIEW OH,FALSE
05/12/2025,Northgate Express Mart,Debit Card DEBIT TRAN NORTHGATE EXPRESS MART LAKEVIEW OH,8.62,Debit,Food & Dining,Convenience,FREE CHECKING,,Debit Card DEBIT TRAN NORTHGATE EXPRESS MART LAKEVIEW OH,FALSE
05/12/2025,Fourth Street Market,Debit Card DEBIT TRAN FOURTH STREET MARKET LAKEVIEW OH,5.35,Debit,Food & Dining,Convenience,FREE CHECKING,,Debit Card DEBIT TRAN FOURTH STREET MARKET LAKEVIEW OH,FALSE
05/11/2025,Walgreens,Debit Card DEBIT TRAN WALGREENS #3310 LAKEVIEW OH,19.29,Debit,Health & Fitness,Pharmacy,FREE CHECKING,,Debit Card DEBIT TRAN WALGREENS #3310 LAKEVIEW OH,FALSE
05/11/2025,Trader Joe's,Debit Card DEBIT TRAN TRADER JOE'S #712 LAKEVIEW OH,25.36,Debit,Food & Dining,Groceries,FREE CHECKING,,Debit Card DEBIT TRAN TRADER JOE'S #712 LAKEVIEW OH,FALSE
05/11/2025,Elm & 9Th Convenience,Debit Card DEBIT TRAN ELM & 9TH CONVENIENCE LAKEVIEW OH,5.52,Debit,Food & Dining,Convenience,FREE CHECKING,,Debit Card DEBIT TRAN ELM & 9TH CONVENIENCE LAKEVIEW OH,FALSE
05/10/2025,Riverside Quick Stop,Debit Card DEBIT TRAN RIVERSIDE QUICK STOP LAKEVIEW OH,6.69,Debit,Food & Dining,Convenience,FREE CHECKING,,Debit Card DEBIT TRAN RIVERSIDE QUICK STOP LAKEVIEW OH,FALSE
05/10/2025,Fourth Street Market,Debit Card DEBIT TRAN FOURTH STREET MARKET LAKEVIEW OH,5.35,Debit,Food & Dining,Convenience,FREE CHECKING,,Debit Card DEBIT TRAN FOURTH STREET MARKET LAKEVIEW OH,FALSE
05/09/2025,Fourth Street Market,Debit Card DEBIT TRAN FOURTH STREET MARKET LAKEVIEW OH,5.35,Debit,Food & Dining,Convenience,FREE CHECKING,,Debit Card DEBIT TRAN FOURTH STREET MARKET LAKEVIEW OH,FALSE
05/09/2025,Aldi,Debit Card DEBIT TRAN ALDI 71034 LAKEVIEW OH,28.60,Debit,Food & Dining,Groceries,FREE CHECKING,,Debit Card DEBIT TRAN ALDI 71034 LAKEVIEW OH,FALSE
05/08/2025,Northgate Express Mart,Debit Card DEBIT TRAN NORTHGATE EXPRESS MART LAKEVIEW OH,8.28,Debit,Food & Dining,Convenience,FREE CHECKING,,Debit Card DEBIT TRAN NORTHGATE EXPRESS MART LAKEVIEW OH,FALSE
05/08/2025,Lyft *Ride Fri 11Pm,Debit Card DEBIT TRAN LYFT *RIDE FRI 11PM LAKEVIEW OH,10.57,Debit,Auto & Transport,Rideshare,FREE CHECKING,,Debit Card DEBIT TRAN LYFT *RIDE FRI 11PM LAKEVIEW OH,FALSE
05/07/2025,Chase Credit Card,Withdrawal CHASE CREDIT CRD / TYPE: AUTOPAY ID: XXXXXX8802 CO: CHASE CREDIT CRD %% ACH ECC WEB,104.93,Debit,Transfer,Credit Card Payment,FREE CHECKING,,TYPE: AUTOPAY ID: XXXXXX8802 CO: CHASE CREDIT CRD %% ACH ECC WEB,FALSE
05/06/2025,Northgate Express Mart,Debit Card DEBIT TRAN NORTHGATE EXPRESS MART LAKEVIEW OH,7.48,Debit,Food & Dining,Convenience,FREE CHECKING,,Debit Card DEBIT TRAN NORTHGATE EXPRESS MART LAKEVIEW OH,FALSE
05/06/2025,Lakeview Pho House,Debit Card DEBIT TRAN LAKEVIEW PHO HOUSE LAKEVIEW OH,14.43,Debit,Food & Dining,Restaurants,FREE CHECKING,,Debit Card DEBIT TRAN LAKEVIEW PHO HOUSE LAKEVIEW OH,FALSE
05/06/2025,Chipotle,Debit Card DEBIT TRAN CHIPOTLE 2291 LAKEVIEW OH,13.01,Debit,Food & Dining,Restaurants,FREE CHECKING,,Debit Card DEBIT TRAN CHIPOTLE 2291 LAKEVIEW OH,FALSE
05/06/2025,Cafe Lumen,Debit Card DEBIT TRAN CAFE LUMEN LAKEVIEW OH,6.28,Debit,Food & Dining,Restaurants,FREE CHECKING,,Debit Card DEBIT TRAN CAFE LUMEN LAKEVIEW OH,FALSE
05/05/2025,Zelle to Linda Morgan,Withdrawal ZELLE TO LINDA MORGAN / TYPE: P2P CO: ZELLE %% ACH ECC WEB,120.00,Debit,Transfer,Zelle,FREE CHECKING,,TYPE: P2P CO: ZELLE %% ACH ECC WEB,FALSE
05/05/2025,Lyft *Ride Tue 8Am,Debit Card DEBIT TRAN LYFT *RIDE TUE 8AM LAKEVIEW OH,12.05,Debit,Auto & Transport,Rideshare,FREE CHECKING,,Debit Card DEBIT TRAN LYFT *RIDE TUE 8AM LAKEVIEW OH,FALSE
05/05/2025,LaundryCard Reload,Withdrawal LAUNDRYCARD RELOAD / TYPE: PURCHASE CO: LAUNDRYCARD,16.00,Debit,Home,Laundry,FREE CHECKING,,TYPE: PURCHASE CO: LAUNDRYCARD,FALSE
05/05/2025,Fourth Street Market,Debit Card DEBIT TRAN FOURTH STREET MARKET LAKEVIEW OH,3.48,Debit,Food & Dining,Convenience,FREE CHECKING,,Debit Card DEBIT TRAN FOURTH STREET MARKET LAKEVIEW OH,FALSE
05/04/2025,Sunfire Taqueria,Debit Card DEBIT TRAN SUNFIRE TAQUERIA LAKEVIEW OH,15.34,Debit,Food & Dining,Restaurants,FREE CHECKING,,Debit Card DEBIT TRAN SUNFIRE TAQUERIA LAKEVIEW OH,FALSE
05/04/2025,Fourth Street Market,Debit Card DEBIT TRAN FOURTH STREET MARKET LAKEVIEW OH,6.96,Debit,Food & Dining,Convenience,FREE CHECKING,,Debit Card DEBIT TRAN FOURTH STREET MARKET LAKEVIEW OH,FALSE
05/04/2025,ATM Withdrawal Lakeshore CU,ATM Withdrawal LAKESHORE CU MAIN ST LAKEVIEW OH,40.00,Debit,Uncategorized,Cash,FREE CHECKING,,ATM Withdrawal LAKESHORE CU MAIN ST LAKEVIEW OH,FALSE
05/03/2025,Fourth Street Market,Debit Card DEBIT TRAN FOURTH STREET MARKET LAKEVIEW OH,1.34,Debit,Food & Dining,Convenience,FREE CHECKING,,Debit Card DEBIT TRAN FOURTH STREET MARKET LAKEVIEW OH,FALSE
05/03/2025,Aldi,Debit Card DEBIT TRAN ALDI 71034 LAKEVIEW OH,20.11,Debit,Food & Dining,Groceries,FREE CHECKING,,Debit Card DEBIT TRAN ALDI 71034 LAKEVIEW OH,FALSE
05/02/2025,Vanguard Buy,Withdrawal VANGUARD BUY / TYPE: INVESTMENT CO: VMC %% ACH ECC WEB,1200.00,Debit,Investments,Investment,SHARE SAVINGS,,TYPE: INVESTMENT CO: VMC %% ACH ECC WEB,FALSE
05/02/2025,Lakeview County Payroll,Deposit LAKEVIEW COUNTY PAYROLL / TYPE: DIRECT DEP ID: XXXXXX4410 CO: LAKEVIEW COUNTY %% ACH ECC PPD,1970.68,Credit,Income,Paycheck,FREE CHECKING,,TYPE: DIRECT DEP ID: XXXXXX4410 CO: LAKEVIEW COUNTY %% ACH ECC PPD,FALSE
05/02/2025,Cafe Lumen,Debit Card DEBIT TRAN CAFE LUMEN LAKEVIEW OH,5.27,Debit,Food & Dining,Restaurants,FREE CHECKING,,Debit Card DEBIT TRAN CAFE LUMEN LAKEVIEW OH,FALSE
05/01/2025,Transfer to Venmo,Withdrawal VENMO / TYPE: PAYMENT CO: VENMO %% ACH ECC WEB,20.90,Debit,Transfer,Venmo,FREE CHECKING,,TYPE: PAYMENT CO: VENMO %% ACH ECC WEB,FALSE
05/01/2025,Lakeview Transit Auth,Debit Card DEBIT TRAN LAKEVIEW TRANSIT AUTH LAKEVIEW OH,2.75,Debit,Auto & Transport,Public Transit,FREE CHECKING,,Debit Card DEBIT TRAN LAKEVIEW TRANSIT AUTH LAKEVIEW OH,FALSE
05/01/2025,Lakeview Transit Auth,Debit Card DEBIT TRAN LAKEVIEW TRANSIT AUTH LAKEVIEW OH,2.75,Debit,Auto & Transport,Public Transit,FREE CHECKING,,Debit Card DEBIT TRAN LAKEVIEW TRANSIT AUTH LAKEVIEW OH,FALSE
05/01/2025,Havenbrook Residential,Withdrawal HAVENBROOK RESIDENTIAL / TYPE: RENT ID: XXXXXX2210 CO: HAVENBROOK RES %% ACH ECC PPD,1285.00,Debit,Home,Rent,FREE CHECKING,,TYPE: RENT ID: XXXXXX2210 CO: HAVENBROOK RES %% ACH ECC PPD,FALSE
05/01/2025,Fourth Street Market,Debit Card DEBIT TRAN FOURTH STREET MARKET LAKEVIEW OH,5.35,Debit,Food & Dining,Convenience,FREE CHECKING,,Debit Card DEBIT TRAN FOURTH STREET MARKET LAKEVIEW OH,FALSE
05/01/2025,Chipotle,Debit Card DEBIT TRAN CHIPOTLE 2291 LAKEVIEW OH,10.46,Debit,Food & Dining,Restaurants,FREE CHECKING,,Debit Card DEBIT TRAN CHIPOTLE 2291 LAKEVIEW OH,FALSE
05/01/2025,Campus Corner Deli,Debit Card DEBIT TRAN CAMPUS CORNER DELI LAKEVIEW OH,6.82,Debit,Food & Dining,Convenience,FREE CHECKING,,Debit Card DEBIT TRAN CAMPUS CORNER DELI LAKEVIEW OH,FALSE
04/30/2025,Transfer from Account 0072,Transfer from Share 0072,750.00,Credit,Transfer,Transfer,SHARE SAVINGS,,Transfer from Share 0072,FALSE
04/30/2025,Transfer To Share,Transfer To Share 0001,750.00,Debit,Transfer,Transfer,FREE CHECKING,,Transfer To Share 0001,FALSE
04/30/2025,Basil & Rye,Debit Card DEBIT TRAN BASIL & RYE LAKEVIEW OH,24.19,Debit,Food & Dining,Restaurants,FREE CHECKING,,Debit Card DEBIT TRAN BASIL & RYE LAKEVIEW OH,FALSE
04/29/2025,Northgate Express Mart,Debit Card DEBIT TRAN NORTHGATE EXPRESS MART LAKEVIEW OH,4.90,Debit,Food & Dining,Convenience,FREE CHECKING,,Debit Card DEBIT TRAN NORTHGATE EXPRESS MART LAKEVIEW OH,FALSE
04/29/2025,Fourth Street Market,Debit Card DEBIT TRAN FOURTH STREET MARKET LAKEVIEW OH,5.35,Debit,Food & Dining,Convenience,FREE CHECKING,,Debit Card DEBIT TRAN FOURTH STREET MARKET LAKEVIEW OH,FALSE
04/28/2025,Fourth Street Market,Debit Card DEBIT TRAN FOURTH STREET MARKET LAKEVIEW OH,5.35,Debit,Food & Dining,Convenience,FREE CHECKING,,Debit Card DEBIT TRAN FOURTH STREET MARKET LAKEVIEW OH,FALSE
04/28/2025,Aldi,Debit Card DEBIT TRAN ALDI 71034 LAKEVIEW OH,27.79,Debit,Food & Dining,Groceries,FREE CHECKING,,Debit Card DEBIT TRAN ALDI 71034 LAKEVIEW OH,FALSE
04/27/2025,Vantel Fiber,Withdrawal VANTEL FIBER / TYPE: INTERNET CO: VANTEL FIBER %% ACH ECC WEB,45.00,Debit,Bills & Utilities,Internet,FREE CHECKING,,TYPE: INTERNET CO: VANTEL FIBER %% ACH ECC WEB,FALSE
04/27/2025,Fourth Street Market,Debit Card DEBIT TRAN FOURTH STREET MARKET LAKEVIEW OH,6.96,Debit,Food & Dining,Convenience,FREE CHECKING,,Debit Card DEBIT TRAN FOURTH STREET MARKET LAKEVIEW OH,FALSE
04/27/2025,ATM Withdrawal #4471 Fourth Street,ATM Withdrawal #4471 FOURTH STREET LAKEVIEW OH,20.00,Debit,Uncategorized,Cash,FREE CHECKING,,ATM Withdrawal #4471 FOURTH STREET LAKEVIEW OH,FALSE
04/27/2025,ATM Surcharge,ATM Surcharge FOURTH STREET,3.00,Debit,Fees & Charges,ATM Fee,FREE CHECKING,,ATM Surcharge FOURTH STREET,FALSE
04/26/2025,Blue Line Snacks,Debit Card DEBIT TRAN BLUE LINE SNACKS LAKEVIEW OH,3.92,Debit,Food & Dining,Convenience,FREE CHECKING,,Debit Card DEBIT TRAN BLUE LINE SNACKS LAKEVIEW OH,FALSE
04/25/2025,Starbucks,Debit Card DEBIT TRAN STARBUCKS #22910 LAKEVIEW OH,6.76,Debit,Food & Dining,Restaurants,FREE CHECKING,,Debit Card DEBIT TRAN STARBUCKS #22910 LAKEVIEW OH,FALSE
04/25/2025,Northline Gas,Withdrawal NORTHLINE GAS / TYPE: GAS BILL CO: NORTHLINE GAS %% ACH ECC CCD,29.53,Debit,Bills & Utilities,Utilities,FREE CHECKING,,TYPE: GAS BILL CO: NORTHLINE GAS %% ACH ECC CCD,FALSE
04/25/2025,Blue Line Snacks,Debit Card DEBIT TRAN BLUE LINE SNACKS LAKEVIEW OH,3.51,Debit,Food & Dining,Convenience,FREE CHECKING,,Debit Card DEBIT TRAN BLUE LINE SNACKS LAKEVIEW OH,FALSE
04/24/2025,Sunfire Taqueria,Debit Card DEBIT TRAN SUNFIRE TAQUERIA LAKEVIEW OH,19.37,Debit,Food & Dining,Restaurants,FREE CHECKING,,Debit Card DEBIT TRAN SUNFIRE TAQUERIA LAKEVIEW OH,FALSE
04/24/2025,Lakeview Gas & Go,Debit Card DEBIT TRAN LAKEVIEW GAS & GO LAKEVIEW OH,10.90,Debit,Food & Dining,Convenience,FREE CHECKING,,Debit Card DEBIT TRAN LAKEVIEW GAS & GO LAKEVIEW OH,FALSE
04/24/2025,Golden Wok,Debit Card DEBIT TRAN GOLDEN WOK LAKEVIEW OH,14.70,Debit,Food & Dining,Restaurants,FREE CHECKING,,Debit Card DEBIT TRAN GOLDEN WOK LAKEVIEW OH,FALSE
04/24/2025,Elm & 9Th Convenience,Debit Card DEBIT TRAN ELM & 9TH CONVENIENCE LAKEVIEW OH,7.07,Debit,Food & Dining,Convenience,FREE CHECKING,,Debit Card DEBIT TRAN ELM & 9TH CONVENIENCE LAKEVIEW OH,FALSE
04/23/2025,Sunrise Bodega,Debit Card DEBIT TRAN SUNRISE BODEGA LAKEVIEW OH,7.64,Debit,Food & Dining,Convenience,FREE CHECKING,,Debit Card DEBIT TRAN SUNRISE BODEGA LAKEVIEW OH,FALSE
04/22/2025,Sunfire Taqueria,Debit Card DEBIT TRAN SUNFIRE TAQUERIA LAKEVIEW OH,20.85,Debit,Food & Dining,Restaurants,FREE CHECKING,,Debit Card DEBIT TRAN SUNFIRE TAQUERIA LAKEVIEW OH,FALSE
04/22/2025,Riverside Quick Stop,Debit Card DEBIT TRAN RIVERSIDE QUICK STOP LAKEVIEW OH,6.62,Debit,Food & Dining,Convenience,FREE CHECKING,,Debit Card DEBIT TRAN RIVERSIDE QUICK STOP LAKEVIEW OH,FALSE
04/20/2025,Trader Joe's,Debit Card DEBIT TRAN TRADER JOE'S #712 LAKEVIEW OH,37.71,Debit,Food & Dining,Groceries,FREE CHECKING,,Debit Card DEBIT TRAN TRADER JOE'S #712 LAKEVIEW OH,FALSE
04/20/2025,Lakeview Power & Light,Withdrawal LAKEVIEW PWR & LIGHT / TYPE: ELECTRIC ID: XXXXXX7002 CO: LAKEVIEW PWR LT %% ACH ECC CCD,62.64,Debit,Bills & Utilities,Utilities,FREE CHECKING,,TYPE: ELECTRIC ID: XXXXXX7002 CO: LAKEVIEW PWR LT %% ACH ECC CCD,FALSE
04/20/2025,Fourth Street Market,Debit Card DEBIT TRAN FOURTH STREET MARKET LAKEVIEW OH,5.35,Debit,Food & Dining,Convenience,FREE CHECKING,,Debit Card DEBIT TRAN FOURTH STREET MARKET LAKEVIEW OH,FALSE
04/20/2025,Cornerstone Life Ins Prem,Withdrawal CORNERSTONE LIFE INS PREM / TYPE: PREMIUM CO: CORNERSTONE LIFE %% ACH ECC PPD,93.00,Debit,Financial,Life Insurance,FREE CHECKING,,TYPE: PREMIUM CO: CORNERSTONE LIFE %% ACH ECC PPD,FALSE
04/19/2025,Transfer to Venmo,Withdrawal VENMO / TYPE: PAYMENT CO: VENMO %% ACH ECC WEB,27.00,Debit,Transfer,Venmo,FREE CHECKING,,TYPE: PAYMENT CO: VENMO %% ACH ECC WEB,FALSE
04/19/2025,Domino's,Debit Card DEBIT TRAN DOMINO'S 5512 LAKEVIEW OH,14.54,Debit,Food & Dining,Restaurants,FREE CHECKING,,Debit Card DEBIT TRAN DOMINO'S 5512 LAKEVIEW OH,FALSE
04/19/2025,Aldi,Debit Card DEBIT TRAN ALDI 71034 LAKEVIEW OH,29.62,Debit,Food & Dining,Groceries,FREE CHECKING,,Debit Card DEBIT TRAN ALDI 71034 LAKEVIEW OH,FALSE
04/18/2025,Riverside Quick Stop,Debit Card DEBIT TRAN RIVERSIDE QUICK STOP LAKEVIEW OH,7.54,Debit,Food & Dining,Convenience,FREE CHECKING,,Debit Card DEBIT TRAN RIVERSIDE QUICK STOP LAKEVIEW OH,FALSE
04/18/2025,Riverside Quick Stop,Debit Card DEBIT TRAN RIVERSIDE QUICK STOP LAKEVIEW OH,2.75,Debit,Food & Dining,Convenience,FREE CHECKING,,Debit Card DEBIT TRAN RIVERSIDE QUICK STOP LAKEVIEW OH,FALSE
04/18/2025,Lakeview County Payroll,Deposit LAKEVIEW COUNTY PAYROLL / TYPE: DIRECT DEP ID: XXXXXX4410 CO: LAKEVIEW COUNTY %% ACH ECC PPD,1970.68,Credit,Income,Paycheck,FREE CHECKING,,TYPE: DIRECT DEP ID: XXXXXX4410 CO: LAKEVIEW COUNTY %% ACH ECC PPD,FALSE
04/18/2025,Fourth Street Market,Debit Card DEBIT TRAN FOURTH STREET MARKET LAKEVIEW OH,2.41,Debit,Food & Dining,Convenience,FREE CHECKING,,Debit Card DEBIT TRAN FOURTH STREET MARKET LAKEVIEW OH,FALSE
04/18/2025,Fourth Street Market,Debit Card DEBIT TRAN FOURTH STREET MARKET LAKEVIEW OH,5.35,Debit,Food & Dining,Convenience,FREE CHECKING,,Debit Card DEBIT TRAN FOURTH STREET MARKET LAKEVIEW OH,FALSE
04/17/2025,Transfer to Venmo,Withdrawal VENMO / TYPE: PAYMENT CO: VENMO %% ACH ECC WEB,6.00,Debit,Transfer,Venmo,FREE CHECKING,,TYPE: PAYMENT CO: VENMO %% ACH ECC WEB,FALSE
04/17/2025,ATM Withdrawal Lakeshore CU,ATM Withdrawal LAKESHORE CU MAIN ST LAKEVIEW OH,40.00,Debit,Uncategorized,Cash,FREE CHECKING,,ATM Withdrawal LAKESHORE CU MAIN ST LAKEVIEW OH,FALSE
04/16/2025,Lakeview Transit Auth,Debit Card DEBIT TRAN LAKEVIEW TRANSIT AUTH LAKEVIEW OH,2.75,Debit,Auto & Transport,Public Transit,FREE CHECKING,,Debit Card DEBIT TRAN LAKEVIEW TRANSIT AUTH LAKEVIEW OH,FALSE
04/16/2025,Lakeview Transit Auth,Debit Card DEBIT TRAN LAKEVIEW TRANSIT AUTH LAKEVIEW OH,2.75,Debit,Auto & Transport,Public Transit,FREE CHECKING,,Debit Card DEBIT TRAN LAKEVIEW TRANSIT AUTH LAKEVIEW OH,FALSE
04/16/2025,Granite State Servicing,Withdrawal GRANITE STATE SERVICING / TYPE: STUDENT LN ID: XXXXXX2007 CO: GRANITE STATE SVC %% ACH ECC PPD,78.20,Debit,Education,Student Loan,FREE CHECKING,,TYPE: STUDENT LN ID: XXXXXX2007 CO: GRANITE STATE SVC %% ACH ECC PPD,FALSE
04/16/2025,Fourth Street Market,Debit Card DEBIT TRAN FOURTH STREET MARKET LAKEVIEW OH,3.48,Debit,Food & Dining,Convenience,FREE CHECKING,,Debit Card DEBIT TRAN FOURTH STREET MARKET LAKEVIEW OH,FALSE
04/16/2025,Chase Credit Card,Withdrawal CHASE CREDIT CRD / TYPE: AUTOPAY ID: XXXXXX4417 CO: CHASE CREDIT CRD %% ACH ECC WEB,283.43,Debit,Transfer,Credit Card Payment,FREE CHECKING,,TYPE: AUTOPAY ID: XXXXXX4417 CO: CHASE CREDIT CRD %% ACH ECC WEB,FALSE
04/14/2025,Walgreens,Debit Card DEBIT TRAN WALGREENS #3310 LAKEVIEW OH,17.20,Debit,Health & Fitness,Pharmacy,FREE CHECKING,,Debit Card DEBIT TRAN WALGREENS #3310 LAKEVIEW OH,FALSE
04/13/2025,Target,Debit Card DEBIT TRAN TARGET 00028215 LAKEVIEW OH,31.35,Debit,Shopping,General Merchandise,FREE CHECKING,,Debit Card DEBIT TRAN TARGET 00028215 LAKEVIEW OH,FALSE
04/13/2025,ATM Withdrawal Lakeshore CU,ATM Withdrawal LAKESHORE CU MAIN ST LAKEVIEW OH,60.00,Debit,Uncategorized,Cash,FREE CHECKING,,ATM Withdrawal LAKESHORE CU MAIN ST LAKEVIEW OH,FALSE
04/11/2025,Fourth Street Market,Debit Card DEBIT TRAN FOURTH STREET MARKET LAKEVIEW OH,5.35,Debit,Food & Dining,Convenience,FREE CHECKING,,Debit Card DEBIT TRAN FOURTH STREET MARKET LAKEVIEW OH,FALSE
04/10/2025,State Tax Payment,Withdrawal STATE TAX PAYMENT / TYPE: TAX PMT CO: STATE TREASURER,212.00,Debit,Taxes,State Tax,FREE CHECKING,,TYPE: TAX PMT CO: STATE TREASURER,FALSE
04/10/2025,Chipotle,Debit Card DEBIT TRAN CHIPOTLE 2291 LAKEVIEW OH,13.82,Debit,Food & Dining,Restaurants,FREE CHECKING,,Debit Card DEBIT TRAN CHIPOTLE 2291 LAKEVIEW OH,FALSE
04/10/2025,Aldi,Debit Card DEBIT TRAN ALDI 71034 LAKEVIEW OH,25.89,Debit,Food & Dining,Groceries,FREE CHECKING,,Debit Card DEBIT TRAN ALDI 71034 LAKEVIEW OH,FALSE
04/09/2025,Lakeview Parking,Debit Card DEBIT TRAN LAKEVIEW PARKING LAKEVIEW OH,8.91,Debit,Auto & Transport,Rideshare,FREE CHECKING,,Debit Card DEBIT TRAN LAKEVIEW PARKING LAKEVIEW OH,FALSE
04/09/2025,Fourth Street Market,Debit Card DEBIT TRAN FOURTH STREET MARKET LAKEVIEW OH,1.34,Debit,Food & Dining,Convenience,FREE CHECKING,,Debit Card DEBIT TRAN FOURTH STREET MARKET LAKEVIEW OH,FALSE
04/07/2025,Shake Shack,Debit Card DEBIT TRAN SHAKE SHACK 1120 LAKEVIEW OH,18.39,Debit,Food & Dining,Restaurants,FREE CHECKING,,Debit Card DEBIT TRAN SHAKE SHACK 1120 LAKEVIEW OH,FALSE
04/07/2025,Kroger,Debit Card DEBIT TRAN KROGER #445 LAKEVIEW OH,41.26,Debit,Food & Dining,Groceries,FREE CHECKING,,Debit Card DEBIT TRAN KROGER #445 LAKEVIEW OH,FALSE
04/07/2025,Fourth Street Market,Debit Card DEBIT TRAN FOURTH STREET MARKET LAKEVIEW OH,1.87,Debit,Food & Dining,Convenience,FREE CHECKING,,Debit Card DEBIT TRAN FOURTH STREET MARKET LAKEVIEW OH,FALSE
04/07/2025,Chase Credit Card,Withdrawal CHASE CREDIT CRD / TYPE: AUTOPAY ID: XXXXXX8802 CO: CHASE CREDIT CRD %% ACH ECC WEB,201.69,Debit,Transfer,Credit Card Payment,FREE CHECKING,,TYPE: AUTOPAY ID: XXXXXX8802 CO: CHASE CREDIT CRD %% ACH ECC WEB,FALSE
04/07/2025,Blue Line Snacks,Debit Card DEBIT TRAN BLUE LINE SNACKS LAKEVIEW OH,5.08,Debit,Food & Dining,Convenience,FREE CHECKING,,Debit Card DEBIT TRAN BLUE LINE SNACKS LAKEVIEW OH,FALSE
04/06/2025,Lyft *Ride Sun 1Pm,Debit Card DEBIT TRAN LYFT *RIDE SUN 1PM LAKEVIEW OH,17.82,Debit,Auto & Transport,Rideshare,FREE CHECKING,,Debit Card DEBIT TRAN LYFT *RIDE SUN 1PM LAKEVIEW OH,FALSE
04/06/2025,Cafe Lumen,Debit Card DEBIT TRAN CAFE LUMEN LAKEVIEW OH,6.42,Debit,Food & Dining,Restaurants,FREE CHECKING,,Debit Card DEBIT TRAN CAFE LUMEN LAKEVIEW OH,FALSE
04/05/2025,Zelle to Linda Morgan,Withdrawal ZELLE TO LINDA MORGAN / TYPE: P2P CO: ZELLE %% ACH ECC WEB,120.00,Debit,Transfer,Zelle,FREE CHECKING,,TYPE: P2P CO: ZELLE %% ACH ECC WEB,FALSE
04/05/2025,Northgate Express Mart,Debit Card DEBIT TRAN NORTHGATE EXPRESS MART LAKEVIEW OH,8.41,Debit,Food & Dining,Convenience,FREE CHECKING,,Debit Card DEBIT TRAN NORTHGATE EXPRESS MART LAKEVIEW OH,FALSE
04/05/2025,LaundryCard Reload,Withdrawal LAUNDRYCARD RELOAD / TYPE: PURCHASE CO: LAUNDRYCARD,16.00,Debit,Home,Laundry,FREE CHECKING,,TYPE: PURCHASE CO: LAUNDRYCARD,FALSE
04/05/2025,Campus Corner Deli,Debit Card DEBIT TRAN CAMPUS CORNER DELI LAKEVIEW OH,3.99,Debit,Food & Dining,Convenience,FREE CHECKING,,Debit Card DEBIT TRAN CAMPUS CORNER DELI LAKEVIEW OH,FALSE
04/04/2025,Riverside Quick Stop,Debit Card DEBIT TRAN RIVERSIDE QUICK STOP LAKEVIEW OH,5.08,Debit,Food & Dining,Convenience,FREE CHECKING,,Debit Card DEBIT TRAN RIVERSIDE QUICK STOP LAKEVIEW OH,FALSE
04/04/2025,Lakeview Gas & Go,Debit Card DEBIT TRAN LAKEVIEW GAS & GO LAKEVIEW OH,4.31,Debit,Food & Dining,Convenience,FREE CHECKING,,Debit Card DEBIT TRAN LAKEVIEW GAS & GO LAKEVIEW OH,FALSE
04/04/2025,Lakeview County Payroll,Deposit LAKEVIEW COUNTY PAYROLL / TYPE: DIRECT DEP ID: XXXXXX4410 CO: LAKEVIEW COUNTY %% ACH ECC PPD,1970.68,Credit,Income,Paycheck,FREE CHECKING,,TYPE: DIRECT DEP ID: XXXXXX4410 CO: LAKEVIEW COUNTY %% ACH ECC PPD,FALSE
04/04/2025,Fourth Street Market,Debit Card DEBIT TRAN FOURTH STREET MARKET LAKEVIEW OH,5.35,Debit,Food & Dining,Convenience,FREE CHECKING,,Debit Card DEBIT TRAN FOURTH STREET MARKET LAKEVIEW OH,FALSE
04/03/2025,Vanguard Buy,Withdrawal VANGUARD BUY / TYPE: INVESTMENT CO: VMC %% ACH ECC WEB,1500.00,Debit,Investments,Investment,SHARE SAVINGS,,TYPE: INVESTMENT CO: VMC %% ACH ECC WEB,FALSE
04/02/2025,Riverside Quick Stop,Debit Card DEBIT TRAN RIVERSIDE QUICK STOP LAKEVIEW OH,3.69,Debit,Food & Dining,Convenience,FREE CHECKING,,Debit Card DEBIT TRAN RIVERSIDE QUICK STOP LAKEVIEW OH,FALSE
04/01/2025,Panera Bread,Debit Card DEBIT TRAN PANERA BREAD #601442 LAKEVIEW OH,11.24,Debit,Food & Dining,Restaurants,FREE CHECKING,,Debit Card DEBIT TRAN PANERA BREAD #601442 LAKEVIEW OH,FALSE
04/01/2025,Havenbrook Residential,Withdrawal HAVENBROOK RESIDENTIAL / TYPE: RENT ID: XXXXXX2210 CO: HAVENBROOK RES %% ACH ECC PPD,1285.00,Debit,Home,Rent,FREE CHECKING,,TYPE: RENT ID: XXXXXX2210 CO: HAVENBROOK RES %% ACH ECC PPD,FALSE
03/31/2025,Transfer from Account 0072,Transfer from Share 0072,400.00,Credit,Transfer,Transfer,SHARE SAVINGS,,Transfer from Share 0072,FALSE
03/31/2025,Transfer To Share,Transfer To Share 0001,400.00,Debit,Transfer,Transfer,FREE CHECKING,,Transfer To Share 0001,FALSE
03/31/2025,Cvs/Pharmacy,Debit Card DEBIT TRAN CVS/PHARMACY #8812 LAKEVIEW OH,19.68,Debit,Health & Fitness,Pharmacy,FREE CHECKING,,Debit Card DEBIT TRAN CVS/PHARMACY #8812 LAKEVIEW OH,FALSE
03/30/2025,Target,Debit Card DEBIT TRAN TARGET 00028215 LAKEVIEW OH,57.14,Debit,Shopping,General Merchandise,FREE CHECKING,,Debit Card DEBIT TRAN TARGET 00028215 LAKEVIEW OH,FALSE
03/30/2025,Starbucks,Debit Card DEBIT TRAN STARBUCKS #22910 LAKEVIEW OH,6.32,Debit,Food & Dining,Restaurants,FREE CHECKING,,Debit Card DEBIT TRAN STARBUCKS #22910 LAKEVIEW OH,FALSE
03/29/2025,Fourth Street Market,Debit Card DEBIT TRAN FOURTH STREET MARKET LAKEVIEW OH,5.35,Debit,Food & Dining,Convenience,FREE CHECKING,,Debit Card DEBIT TRAN FOURTH STREET MARKET LAKEVIEW OH,FALSE
03/29/2025,ATM Withdrawal Lakeshore CU,ATM Withdrawal LAKESHORE CU MAIN ST LAKEVIEW OH,20.00,Debit,Uncategorized,Cash,FREE CHECKING,,ATM Withdrawal LAKESHORE CU MAIN ST LAKEVIEW OH,FALSE
03/27/2025,Vantel Fiber,Withdrawal VANTEL FIBER / TYPE: INTERNET CO: VANTEL FIBER %% ACH ECC WEB,45.00,Debit,Bills & Utilities,Internet,FREE CHECKING,,TYPE: INTERNET CO: VANTEL FIBER %% ACH ECC WEB,FALSE
03/27/2025,Transfer to Venmo,Withdrawal VENMO / TYPE: PAYMENT CO: VENMO %% ACH ECC WEB,6.00,Debit,Transfer,Venmo,FREE CHECKING,,TYPE: PAYMENT CO: VENMO %% ACH ECC WEB,FALSE
03/27/2025,Chipotle,Debit Card DEBIT TRAN CHIPOTLE 2291 LAKEVIEW OH,11.43,Debit,Food & Dining,Restaurants,FREE CHECKING,,Debit Card DEBIT TRAN CHIPOTLE 2291 LAKEVIEW OH,FALSE
03/26/2025,Elm & 9Th Convenience,Debit Card DEBIT TRAN ELM & 9TH CONVENIENCE LAKEVIEW OH,5.46,Debit,Food & Dining,Convenience,FREE CHECKING,,Debit Card DEBIT TRAN ELM & 9TH CONVENIENCE LAKEVIEW OH,FALSE
03/26/2025,Basil & Rye,Debit Card DEBIT TRAN BASIL & RYE LAKEVIEW OH,24.01,Debit,Food & Dining,Restaurants,FREE CHECKING,,Debit Card DEBIT TRAN BASIL & RYE LAKEVIEW OH,FALSE
03/25/2025,Panera Bread,Debit Card DEBIT TRAN PANERA BREAD #601442 LAKEVIEW OH,13.31,Debit,Food & Dining,Restaurants,FREE CHECKING,,Debit Card DEBIT TRAN PANERA BREAD #601442 LAKEVIEW OH,FALSE
03/25/2025,Northline Gas,Withdrawal NORTHLINE GAS / TYPE: GAS BILL CO: NORTHLINE GAS %% ACH ECC CCD,40.61,Debit,Bills & Utilities,Utilities,FREE CHECKING,,TYPE: GAS BILL CO: NORTHLINE GAS %% ACH ECC CCD,FALSE
03/24/2025,Trader Joe's,Debit Card DEBIT TRAN TRADER JOE'S #712 LAKEVIEW OH,39.62,Debit,Food & Dining,Groceries,FREE CHECKING,,Debit Card DEBIT TRAN TRADER JOE'S #712 LAKEVIEW OH,FALSE
03/24/2025,Lyft *Ride Tue 8Am,Debit Card DEBIT TRAN LYFT *RIDE TUE 8AM LAKEVIEW OH,9.74,Debit,Auto & Transport,Rideshare,FREE CHECKING,,Debit Card DEBIT TRAN LYFT *RIDE TUE 8AM LAKEVIEW OH,FALSE
03/23/2025,Riverside Quick Stop,Debit Card DEBIT TRAN RIVERSIDE QUICK STOP LAKEVIEW OH,6.61,Debit,Food & Dining,Convenience,FREE CHECKING,,Debit Card DEBIT TRAN RIVERSIDE QUICK STOP LAKEVIEW OH,FALSE
03/23/2025,Fourth Street Market,Debit Card DEBIT TRAN FOURTH STREET MARKET LAKEVIEW OH,5.35,Debit,Food & Dining,Convenience,FREE CHECKING,,Debit Card DEBIT TRAN FOURTH STREET MARKET LAKEVIEW OH,FALSE
03/22/2025,Elm & 9Th Convenience,Debit Card DEBIT TRAN ELM & 9TH CONVENIENCE LAKEVIEW OH,6.59,Debit,Food & Dining,Convenience,FREE CHECKING,,Debit Card DEBIT TRAN ELM & 9TH CONVENIENCE LAKEVIEW OH,FALSE
03/22/2025,Chipotle,Debit Card DEBIT TRAN CHIPOTLE 2291 LAKEVIEW OH,13.19,Debit,Food & Dining,Restaurants,FREE CHECKING,,Debit Card DEBIT TRAN CHIPOTLE 2291 LAKEVIEW OH,FALSE
03/21/2025,Target,Debit Card DEBIT TRAN TARGET 00028215 LAKEVIEW OH,39.25,Debit,Shopping,General Merchandise,FREE CHECKING,,Debit Card DEBIT TRAN TARGET 00028215 LAKEVIEW OH,FALSE
03/21/2025,Lakeview County Payroll,Deposit LAKEVIEW COUNTY PAYROLL / TYPE: DIRECT DEP ID: XXXXXX4410 CO: LAKEVIEW COUNTY %% ACH ECC PPD,1970.68,Credit,Income,Paycheck,FREE CHECKING,,TYPE: DIRECT DEP ID: XXXXXX4410 CO: LAKEVIEW COUNTY %% ACH ECC PPD,FALSE
03/21/2025,Cvs/Pharmacy,Debit Card DEBIT TRAN CVS/PHARMACY #8812 LAKEVIEW OH,9.26,Debit,Health & Fitness,Pharmacy,FREE CHECKING,,Debit Card DEBIT TRAN CVS/PHARMACY #8812 LAKEVIEW OH,FALSE
03/20/2025,Transfer to Venmo,Withdrawal VENMO / TYPE: PAYMENT CO: VENMO %% ACH ECC WEB,32.09,Debit,Transfer,Venmo,FREE CHECKING,,TYPE: PAYMENT CO: VENMO %% ACH ECC WEB,FALSE
03/20/2025,Riverside Quick Stop,Debit Card DEBIT TRAN RIVERSIDE QUICK STOP LAKEVIEW OH,5.16,Debit,Food & Dining,Convenience,FREE CHECKING,,Debit Card DEBIT TRAN RIVERSIDE QUICK STOP LAKEVIEW OH,FALSE
03/20/2025,Lakeview Power & Light,Withdrawal LAKEVIEW PWR & LIGHT / TYPE: ELECTRIC ID: XXXXXX7002 CO: LAKEVIEW PWR LT %% ACH ECC CCD,58.20,Debit,Bills & Utilities,Utilities,FREE CHECKING,,TYPE: ELECTRIC ID: XXXXXX7002 CO: LAKEVIEW PWR LT %% ACH ECC CCD,FALSE
03/20/2025,Fourth Street Market,Debit Card DEBIT TRAN FOURTH STREET MARKET LAKEVIEW OH,1.61,Debit,Food & Dining,Convenience,FREE CHECKING,,Debit Card DEBIT TRAN FOURTH STREET MARKET LAKEVIEW OH,FALSE
03/20/2025,Blue Line Snacks,Debit Card DEBIT TRAN BLUE LINE SNACKS LAKEVIEW OH,5.41,Debit,Food & Dining,Convenience,FREE CHECKING,,Debit Card DEBIT TRAN BLUE LINE SNACKS LAKEVIEW OH,FALSE
03/19/2025,Lakeview Parking,Debit Card DEBIT TRAN LAKEVIEW PARKING LAKEVIEW OH,7.74,Debit,Auto & Transport,Rideshare,FREE CHECKING,,Debit Card DEBIT TRAN LAKEVIEW PARKING LAKEVIEW OH,FALSE
03/19/2025,Lakeview Parking,Debit Card DEBIT TRAN LAKEVIEW PARKING LAKEVIEW OH,6.70,Debit,Auto & Transport,Rideshare,FREE CHECKING,,Debit Card DEBIT TRAN LAKEVIEW PARKING LAKEVIEW OH,FALSE
03/19/2025,Fourth Street Market,Debit Card DEBIT TRAN FOURTH STREET MARKET LAKEVIEW OH,5.62,Debit,Food & Dining,Convenience,FREE CHECKING,,Debit Card DEBIT TRAN FOURTH STREET MARKET LAKEVIEW OH,FALSE
03/17/2025,Panera Bread,Debit Card DEBIT TRAN PANERA BREAD #601442 LAKEVIEW OH,10.64,Debit,Food & Dining,Restaurants,FREE CHECKING,,Debit Card DEBIT TRAN PANERA BREAD #601442 LAKEVIEW OH,FALSE
03/17/2025,Lakeview Pho House,Debit Card DEBIT TRAN LAKEVIEW PHO HOUSE LAKEVIEW OH,20.01,Debit,Food & Dining,Restaurants,FREE CHECKING,,Debit Card DEBIT TRAN LAKEVIEW PHO HOUSE LAKEVIEW OH,FALSE
03/17/2025,Fourth Street Market,Debit Card DEBIT TRAN FOURTH STREET MARKET LAKEVIEW OH,5.35,Debit,Food & Dining,Convenience,FREE CHECKING,,Debit Card DEBIT TRAN FOURTH STREET MARKET LAKEVIEW OH,FALSE
03/16/2025,Trader Joe's,Debit Card DEBIT TRAN TRADER JOE'S #712 LAKEVIEW OH,22.82,Debit,Food & Dining,Groceries,FREE CHECKING,,Debit Card DEBIT TRAN TRADER JOE'S #712 LAKEVIEW OH,FALSE
03/16/2025,Granite State Servicing,Withdrawal GRANITE STATE SERVICING / TYPE: STUDENT LN ID: XXXXXX2007 CO: GRANITE STATE SVC %% ACH ECC PPD,78.20,Debit,Education,Student Loan,FREE CHECKING,,TYPE: STUDENT LN ID: XXXXXX2007 CO: GRANITE STATE SVC %% ACH ECC PPD,FALSE
03/16/2025,Fourth Street Market,Debit Card DEBIT TRAN FOURTH STREET MARKET LAKEVIEW OH,5.35,Debit,Food & Dining,Convenience,FREE CHECKING,,Debit Card DEBIT TRAN FOURTH STREET MARKET LAKEVIEW OH,FALSE
03/16/2025,Chase Credit Card,Withdrawal CHASE CREDIT CRD / TYPE: AUTOPAY ID: XXXXXX4417 CO: CHASE CREDIT CRD %% ACH ECC WEB,370.82,Debit,Transfer,Credit Card Payment,FREE CHECKING,,TYPE: AUTOPAY ID: XXXXXX4417 CO: CHASE CREDIT CRD %% ACH ECC WEB,FALSE
03/15/2025,Fourth Street Market,Debit Card DEBIT TRAN FOURTH STREET MARKET LAKEVIEW OH,5.35,Debit,Food & Dining,Convenience,FREE CHECKING,,Debit Card DEBIT TRAN FOURTH STREET MARKET LAKEVIEW OH,FALSE
03/15/2025,Fourth Street Market,Debit Card DEBIT TRAN FOURTH STREET MARKET LAKEVIEW OH,3.48,Debit,Food & Dining,Convenience,FREE CHECKING,,Debit Card DEBIT TRAN FOURTH STREET MARKET LAKEVIEW OH,FALSE
03/14/2025,Fourth Street Market,Debit Card DEBIT TRAN FOURTH STREET MARKET LAKEVIEW OH,5.35,Debit,Food & Dining,Convenience,FREE CHECKING,,Debit Card DEBIT TRAN FOURTH STREET MARKET LAKEVIEW OH,FALSE
03/13/2025,Panera Bread,Debit Card DEBIT TRAN PANERA BREAD #601442 LAKEVIEW OH,10.60,Debit,Food & Dining,Restaurants,FREE CHECKING,,Debit Card DEBIT TRAN PANERA BREAD #601442 LAKEVIEW OH,FALSE
03/13/2025,Fourth Street Market,Debit Card DEBIT TRAN FOURTH STREET MARKET LAKEVIEW OH,5.35,Debit,Food & Dining,Convenience,FREE CHECKING,,Debit Card DEBIT TRAN FOURTH STREET MARKET LAKEVIEW OH,FALSE
03/12/2025,Walgreens,Debit Card DEBIT TRAN WALGREENS #3310 LAKEVIEW OH,14.70,Debit,Health & Fitness,Pharmacy,FREE CHECKING,,Debit Card DEBIT TRAN WALGREENS #3310 LAKEVIEW OH,FALSE
03/12/2025,Northgate Express Mart,Debit Card DEBIT TRAN NORTHGATE EXPRESS MART LAKEVIEW OH,8.60,Debit,Food & Dining,Convenience,FREE CHECKING,,Debit Card DEBIT TRAN NORTHGATE EXPRESS MART LAKEVIEW OH,FALSE
03/11/2025,Sunfire Taqueria,Debit Card DEBIT TRAN SUNFIRE TAQUERIA LAKEVIEW OH,12.65,Debit,Food & Dining,Restaurants,FREE CHECKING,,Debit Card DEBIT TRAN SUNFIRE TAQUERIA LAKEVIEW OH,FALSE
03/10/2025,Northgate Express Mart,Debit Card DEBIT TRAN NORTHGATE EXPRESS MART LAKEVIEW OH,4.17,Debit,Food & Dining,Convenience,FREE CHECKING,,Debit Card DEBIT TRAN NORTHGATE EXPRESS MART LAKEVIEW OH,FALSE
03/10/2025,Lakeview Gas & Go,Debit Card DEBIT TRAN LAKEVIEW GAS & GO LAKEVIEW OH,3.21,Debit,Food & Dining,Convenience,FREE CHECKING,,Debit Card DEBIT TRAN LAKEVIEW GAS & GO LAKEVIEW OH,FALSE
03/09/2025,Lakeview Transit Auth,Debit Card DEBIT TRAN LAKEVIEW TRANSIT AUTH LAKEVIEW OH,2.75,Debit,Auto & Transport,Public Transit,FREE CHECKING,,Debit Card DEBIT TRAN LAKEVIEW TRANSIT AUTH LAKEVIEW OH,FALSE
03/09/2025,Lakeview Transit Auth,Debit Card DEBIT TRAN LAKEVIEW TRANSIT AUTH LAKEVIEW OH,2.75,Debit,Auto & Transport,Public Transit,FREE CHECKING,,Debit Card DEBIT TRAN LAKEVIEW TRANSIT AUTH LAKEVIEW OH,FALSE
03/09/2025,Chipotle,Debit Card DEBIT TRAN CHIPOTLE 2291 LAKEVIEW OH,10.47,Debit,Food & Dining,Restaurants,FREE CHECKING,,Debit Card DEBIT TRAN CHIPOTLE 2291 LAKEVIEW OH,FALSE
03/08/2025,Fourth Street Market,Debit Card DEBIT TRAN FOURTH STREET MARKET LAKEVIEW OH,5.35,Debit,Food & Dining,Convenience,FREE CHECKING,,Debit Card DEBIT TRAN FOURTH STREET MARKET LAKEVIEW OH,FALSE
03/08/2025,Elm & 9Th Convenience,Debit Card DEBIT TRAN ELM & 9TH CONVENIENCE LAKEVIEW OH,4.36,Debit,Food & Dining,Convenience,FREE CHECKING,,Debit Card DEBIT TRAN ELM & 9TH CONVENIENCE LAKEVIEW OH,FALSE
03/07/2025,Starbucks,Debit Card DEBIT TRAN STARBUCKS #22910 LAKEVIEW OH,5.42,Debit,Food & Dining,Restaurants,FREE CHECKING,,Debit Card DEBIT TRAN STARBUCKS #22910 LAKEVIEW OH,FALSE
03/07/2025,Riverside Quick Stop,Debit Card DEBIT TRAN RIVERSIDE QUICK STOP LAKEVIEW OH,4.56,Debit,Food & Dining,Convenience,FREE CHECKING,,Debit Card DEBIT TRAN RIVERSIDE QUICK STOP LAKEVIEW OH,FALSE
03/07/2025,Lakeview County Payroll,Deposit LAKEVIEW COUNTY PAYROLL / TYPE: DIRECT DEP ID: XXXXXX4410 CO: LAKEVIEW COUNTY %% ACH ECC PPD,1970.68,Credit,Income,Paycheck,FREE CHECKING,,TYPE: DIRECT DEP ID: XXXXXX4410 CO: LAKEVIEW COUNTY %% ACH ECC PPD,FALSE
03/07/2025,Fourth Street Market,Debit Card DEBIT TRAN FOURTH STREET MARKET LAKEVIEW OH,3.48,Debit,Food & Dining,Convenience,FREE CHECKING,,Debit Card DEBIT TRAN FOURTH STREET MARKET LAKEVIEW OH,FALSE
03/07/2025,Fourth Street Market,Debit Card DEBIT TRAN FOURTH STREET MARKET LAKEVIEW OH,5.35,Debit,Food & Dining,Convenience,FREE CHECKING,,Debit Card DEBIT TRAN FOURTH STREET MARKET LAKEVIEW OH,FALSE
03/07/2025,Corner Books Lakeview,Debit Card DEBIT TRAN CORNER BOOKS LAKEVIEW LAKEVIEW OH,14.32,Debit,Entertainment,Movies & Music,FREE CHECKING,,Debit Card DEBIT TRAN CORNER BOOKS LAKEVIEW LAKEVIEW OH,FALSE
03/07/2025,Chase Credit Card,Withdrawal CHASE CREDIT CRD / TYPE: AUTOPAY ID: XXXXXX8802 CO: CHASE CREDIT CRD %% ACH ECC WEB,308.62,Debit,Transfer,Credit Card Payment,FREE CHECKING,,TYPE: AUTOPAY ID: XXXXXX8802 CO: CHASE CREDIT CRD %% ACH ECC WEB,FALSE
03/07/2025,Cafe Lumen,Debit Card DEBIT TRAN CAFE LUMEN LAKEVIEW OH,4.84,Debit,Food & Dining,Restaurants,FREE CHECKING,,Debit Card DEBIT TRAN CAFE LUMEN LAKEVIEW OH,FALSE
03/07/2025,Amc Theatres,Debit Card DEBIT TRAN AMC THEATRES #2255 LAKEVIEW OH,14.77,Debit,Entertainment,Movies & Music,FREE CHECKING,,Debit Card DEBIT TRAN AMC THEATRES #2255 LAKEVIEW OH,FALSE
03/06/2025,Vanguard Buy,Withdrawal VANGUARD BUY / TYPE: INVESTMENT CO: VMC %% ACH ECC WEB,1000.00,Debit,Investments,Investment,SHARE SAVINGS,,TYPE: INVESTMENT CO: VMC %% ACH ECC WEB,FALSE
03/06/2025,Riverside Quick Stop,Debit Card DEBIT TRAN RIVERSIDE QUICK STOP LAKEVIEW OH,3.34,Debit,Food & Dining,Convenience,FREE CHECKING,,Debit Card DEBIT TRAN RIVERSIDE QUICK STOP LAKEVIEW OH,FALSE
03/05/2025,Zelle to Linda Morgan,Withdrawal ZELLE TO LINDA MORGAN / TYPE: P2P CO: ZELLE %% ACH ECC WEB,120.00,Debit,Transfer,Zelle,FREE CHECKING,,TYPE: P2P CO: ZELLE %% ACH ECC WEB,FALSE
03/05/2025,Riverside Quick Stop,Debit Card DEBIT TRAN RIVERSIDE QUICK STOP LAKEVIEW OH,7.34,Debit,Food & Dining,Convenience,FREE CHECKING,,Debit Card DEBIT TRAN RIVERSIDE QUICK STOP LAKEVIEW OH,FALSE
03/05/2025,LaundryCard Reload,Withdrawal LAUNDRYCARD RELOAD / TYPE: PURCHASE CO: LAUNDRYCARD,16.00,Debit,Home,Laundry,FREE CHECKING,,TYPE: PURCHASE CO: LAUNDRYCARD,FALSE
03/05/2025,Chipotle,Debit Card DEBIT TRAN CHIPOTLE 2291 LAKEVIEW OH,13.97,Debit,Food & Dining,Restaurants,FREE CHECKING,,Debit Card DEBIT TRAN CHIPOTLE 2291 LAKEVIEW OH,FALSE
03/04/2025,Kroger,Debit Card DEBIT TRAN KROGER #445 LAKEVIEW OH,30.14,Debit,Food & Dining,Groceries,FREE CHECKING,,Debit Card DEBIT TRAN KROGER #445 LAKEVIEW OH,FALSE
03/03/2025,Elm & 9Th Convenience,Debit Card DEBIT TRAN ELM & 9TH CONVENIENCE LAKEVIEW OH,4.29,Debit,Food & Dining,Convenience,FREE CHECKING,,Debit Card DEBIT TRAN ELM & 9TH CONVENIENCE LAKEVIEW OH,FALSE
03/03/2025,Elm & 9Th Convenience,Debit Card DEBIT TRAN ELM & 9TH CONVENIENCE LAKEVIEW OH,7.04,Debit,Food & Dining,Convenience,FREE CHECKING,,Debit Card DEBIT TRAN ELM & 9TH CONVENIENCE LAKEVIEW OH,FALSE
03/01/2025,Riverside Cinema,Debit Card DEBIT TRAN RIVERSIDE CINEMA LAKEVIEW OH,12.61,Debit,Entertainment,Movies & Music,FREE CHECKING,,Debit Card DEBIT TRAN RIVERSIDE CINEMA LAKEVIEW OH,FALSE
03/01/2025,Kroger,Debit Card DEBIT TRAN KROGER #445 LAKEVIEW OH,40.52,Debit,Food & Dining,Groceries,FREE CHECKING,,Debit Card DEBIT TRAN KROGER #445 LAKEVIEW OH,FALSE
03/01/2025,Havenbrook Residential,Withdrawal HAVENBROOK RESIDENTIAL / TYPE: RENT ID: XXXXXX2210 CO: HAVENBROOK RES %% ACH ECC PPD,1285.00,Debit,Home,Rent,FREE CHECKING,,TYPE: RENT ID: XXXXXX2210 CO: HAVENBROOK RES %% ACH ECC PPD,FALSE
03/01/2025,Fourth Street Market,Debit Card DEBIT TRAN FOURTH STREET MARKET LAKEVIEW OH,5.35,Debit,Food & Dining,Convenience,FREE CHECKING,,Debit Card DEBIT TRAN FOURTH STREET MARKET LAKEVIEW OH,FALSE
03/01/2025,Amc Theatres,Debit Card DEBIT TRAN AMC THEATRES #2255 LAKEVIEW OH,16.51,Debit,Entertainment,Movies & Music,FREE CHECKING,,Debit Card DEBIT TRAN AMC THEATRES #2255 LAKEVIEW OH,FALSE
02/28/2025,Transfer from Account 0072,Transfer from Share 0072,750.00,Credit,Transfer,Transfer,SHARE SAVINGS,,Transfer from Share 0072,FALSE
02/28/2025,Transfer To Share,Transfer To Share 0001,750.00,Debit,Transfer,Transfer,FREE CHECKING,,Transfer To Share 0001,FALSE
02/28/2025,Lakeview Gas & Go,Debit Card DEBIT TRAN LAKEVIEW GAS & GO LAKEVIEW OH,9.13,Debit,Food & Dining,Convenience,FREE CHECKING,,Debit Card DEBIT TRAN LAKEVIEW GAS & GO LAKEVIEW OH,FALSE
02/28/2025,Fourth Street Market,Debit Card DEBIT TRAN FOURTH STREET MARKET LAKEVIEW OH,3.48,Debit,Food & Dining,Convenience,FREE CHECKING,,Debit Card DEBIT TRAN FOURTH STREET MARKET LAKEVIEW OH,FALSE
02/27/2025,Vantel Fiber,Withdrawal VANTEL FIBER / TYPE: INTERNET CO: VANTEL FIBER %% ACH ECC WEB,45.00,Debit,Bills & Utilities,Internet,FREE CHECKING,,TYPE: INTERNET CO: VANTEL FIBER %% ACH ECC WEB,FALSE
02/27/2025,Fourth Street Market,Debit Card DEBIT TRAN FOURTH STREET MARKET LAKEVIEW OH,3.48,Debit,Food & Dining,Convenience,FREE CHECKING,,Debit Card DEBIT TRAN FOURTH STREET MARKET LAKEVIEW OH,FALSE
02/26/2025,Sunfire Taqueria,Debit Card DEBIT TRAN SUNFIRE TAQUERIA LAKEVIEW OH,16.69,Debit,Food & Dining,Restaurants,FREE CHECKING,,Debit Card DEBIT TRAN SUNFIRE TAQUERIA LAKEVIEW OH,FALSE
02/25/2025,Transfer to Venmo,Withdrawal VENMO / TYPE: PAYMENT CO: VENMO %% ACH ECC WEB,23.50,Debit,Transfer,Venmo,FREE CHECKING,,TYPE: PAYMENT CO: VENMO %% ACH ECC WEB,FALSE
02/25/2025,Northline Gas,Withdrawal NORTHLINE GAS / TYPE: GAS BILL CO: NORTHLINE GAS %% ACH ECC CCD,35.43,Debit,Bills & Utilities,Utilities,FREE CHECKING,,TYPE: GAS BILL CO: NORTHLINE GAS %% ACH ECC CCD,FALSE
02/25/2025,Lakeview Farmers Market,Debit Card DEBIT TRAN LAKEVIEW FARMERS MARKET LAKEVIEW OH,9.49,Debit,Food & Dining,Groceries,FREE CHECKING,,Debit Card DEBIT TRAN LAKEVIEW FARMERS MARKET LAKEVIEW OH,FALSE
02/25/2025,Fourth Street Market,Debit Card DEBIT TRAN FOURTH STREET MARKET LAKEVIEW OH,5.35,Debit,Food & Dining,Convenience,FREE CHECKING,,Debit Card DEBIT TRAN FOURTH STREET MARKET LAKEVIEW OH,FALSE
02/24/2025,Starbucks,Debit Card DEBIT TRAN STARBUCKS #22910 LAKEVIEW OH,5.45,Debit,Food & Dining,Restaurants,FREE CHECKING,,Debit Card DEBIT TRAN STARBUCKS #22910 LAKEVIEW OH,FALSE
02/24/2025,Lakeview Parking,Debit Card DEBIT TRAN LAKEVIEW PARKING LAKEVIEW OH,9.81,Debit,Auto & Transport,Rideshare,FREE CHECKING,,Debit Card DEBIT TRAN LAKEVIEW PARKING LAKEVIEW OH,FALSE
02/24/2025,Fourth Street Market,Debit Card DEBIT TRAN FOURTH STREET MARKET LAKEVIEW OH,2.41,Debit,Food & Dining,Convenience,FREE CHECKING,,Debit Card DEBIT TRAN FOURTH STREET MARKET LAKEVIEW OH,FALSE
02/24/2025,Domino's,Debit Card DEBIT TRAN DOMINO'S 5512 LAKEVIEW OH,14.24,Debit,Food & Dining,Restaurants,FREE CHECKING,,Debit Card DEBIT TRAN DOMINO'S 5512 LAKEVIEW OH,FALSE
02/24/2025,Basil & Rye,Debit Card DEBIT TRAN BASIL & RYE LAKEVIEW OH,18.97,Debit,Food & Dining,Restaurants,FREE CHECKING,,Debit Card DEBIT TRAN BASIL & RYE LAKEVIEW OH,FALSE
02/24/2025,Aldi,Debit Card DEBIT TRAN ALDI 71034 LAKEVIEW OH,25.66,Debit,Food & Dining,Groceries,FREE CHECKING,,Debit Card DEBIT TRAN ALDI 71034 LAKEVIEW OH,FALSE
02/23/2025,Riverside Cinema,Debit Card DEBIT TRAN RIVERSIDE CINEMA LAKEVIEW OH,15.15,Debit,Entertainment,Movies & Music,FREE CHECKING,,Debit Card DEBIT TRAN RIVERSIDE CINEMA LAKEVIEW OH,FALSE
02/22/2025,Kroger,Debit Card DEBIT TRAN KROGER #445 LAKEVIEW OH,36.59,Debit,Food & Dining,Groceries,FREE CHECKING,,Debit Card DEBIT TRAN KROGER #445 LAKEVIEW OH,FALSE
02/22/2025,Kroger,Debit Card DEBIT TRAN KROGER #445 LAKEVIEW OH,22.70,Debit,Food & Dining,Groceries,FREE CHECKING,,Debit Card DEBIT TRAN KROGER #445 LAKEVIEW OH,FALSE
02/21/2025,Lakeview County Payroll,Deposit LAKEVIEW COUNTY PAYROLL / TYPE: DIRECT DEP ID: XXXXXX4410 CO: LAKEVIEW COUNTY %% ACH ECC PPD,1970.68,Credit,Income,Paycheck,FREE CHECKING,,TYPE: DIRECT DEP ID: XXXXXX4410 CO: LAKEVIEW COUNTY %% ACH ECC PPD,FALSE
02/21/2025,Fourth Street Market,Debit Card DEBIT TRAN FOURTH STREET MARKET LAKEVIEW OH,5.62,Debit,Food & Dining,Convenience,FREE CHECKING,,Debit Card DEBIT TRAN FOURTH STREET MARKET LAKEVIEW OH,FALSE
02/21/2025,Fourth Street Market,Debit Card DEBIT TRAN FOURTH STREET MARKET LAKEVIEW OH,1.87,Debit,Food & Dining,Convenience,FREE CHECKING,,Debit Card DEBIT TRAN FOURTH STREET MARKET LAKEVIEW OH,FALSE
02/20/2025,Lakeview Power & Light,Withdrawal LAKEVIEW PWR & LIGHT / TYPE: ELECTRIC ID: XXXXXX7002 CO: LAKEVIEW PWR LT %% ACH ECC CCD,73.68,Debit,Bills & Utilities,Utilities,FREE CHECKING,,TYPE: ELECTRIC ID: XXXXXX7002 CO: LAKEVIEW PWR LT %% ACH ECC CCD,FALSE
02/20/2025,Fourth Street Market,Debit Card DEBIT TRAN FOURTH STREET MARKET LAKEVIEW OH,5.35,Debit,Food & Dining,Convenience,FREE CHECKING,,Debit Card DEBIT TRAN FOURTH STREET MARKET LAKEVIEW OH,FALSE
02/20/2025,Campus Corner Deli,Debit Card DEBIT TRAN CAMPUS CORNER DELI LAKEVIEW OH,6.01,Debit,Food & Dining,Convenience,FREE CHECKING,,Debit Card DEBIT TRAN CAMPUS CORNER DELI LAKEVIEW OH,FALSE
02/19/2025,Fourth Street Market,Debit Card DEBIT TRAN FOURTH STREET MARKET LAKEVIEW OH,3.48,Debit,Food & Dining,Convenience,FREE CHECKING,,Debit Card DEBIT TRAN FOURTH STREET MARKET LAKEVIEW OH,FALSE
02/19/2025,Chipotle,Debit Card DEBIT TRAN CHIPOTLE 2291 LAKEVIEW OH,12.50,Debit,Food & Dining,Restaurants,FREE CHECKING,,Debit Card DEBIT TRAN CHIPOTLE 2291 LAKEVIEW OH,FALSE
02/19/2025,Blue Line Snacks,Debit Card DEBIT TRAN BLUE LINE SNACKS LAKEVIEW OH,3.81,Debit,Food & Dining,Convenience,FREE CHECKING,,Debit Card DEBIT TRAN BLUE LINE SNACKS LAKEVIEW OH,FALSE
02/18/2025,Transfer to Venmo,Withdrawal VENMO / TYPE: PAYMENT CO: VENMO %% ACH ECC WEB,7.00,Debit,Transfer,Venmo,FREE CHECKING,,TYPE: PAYMENT CO: VENMO %% ACH ECC WEB,FALSE
02/18/2025,Fourth Street Market,Debit Card DEBIT TRAN FOURTH STREET MARKET LAKEVIEW OH,3.48,Debit,Food & Dining,Convenience,FREE CHECKING,,Debit Card DEBIT TRAN FOURTH STREET MARKET LAKEVIEW OH,FALSE
02/17/2025,Transfer to Venmo,Withdrawal VENMO / TYPE: PAYMENT CO: VENMO %% ACH ECC WEB,31.67,Debit,Transfer,Venmo,FREE CHECKING,,TYPE: PAYMENT CO: VENMO %% ACH ECC WEB,FALSE
02/17/2025,Target,Debit Card DEBIT TRAN TARGET 00028215 LAKEVIEW OH,48.48,Debit,Shopping,General Merchandise,FREE CHECKING,,Debit Card DEBIT TRAN TARGET 00028215 LAKEVIEW OH,FALSE
02/17/2025,Northgate Express Mart,Debit Card DEBIT TRAN NORTHGATE EXPRESS MART LAKEVIEW OH,8.74,Debit,Food & Dining,Convenience,FREE CHECKING,,Debit Card DEBIT TRAN NORTHGATE EXPRESS MART LAKEVIEW OH,FALSE
02/17/2025,Kroger,Debit Card DEBIT TRAN KROGER #445 LAKEVIEW OH,25.80,Debit,Food & Dining,Groceries,FREE CHECKING,,Debit Card DEBIT TRAN KROGER #445 LAKEVIEW OH,FALSE
02/17/2025,Fourth Street Market,Debit Card DEBIT TRAN FOURTH STREET MARKET LAKEVIEW OH,3.48,Debit,Food & Dining,Convenience,FREE CHECKING,,Debit Card DEBIT TRAN FOURTH STREET MARKET LAKEVIEW OH,FALSE
02/16/2025,Granite State Servicing,Withdrawal GRANITE STATE SERVICING / TYPE: STUDENT LN ID: XXXXXX2007 CO: GRANITE STATE SVC %% ACH ECC PPD,78.20,Debit,Education,Student Loan,FREE CHECKING,,TYPE: STUDENT LN ID: XXXXXX2007 CO: GRANITE STATE SVC %% ACH ECC PPD,FALSE
02/16/2025,Chase Credit Card,Withdrawal CHASE CREDIT CRD / TYPE: AUTOPAY ID: XXXXXX4417 CO: CHASE CREDIT CRD %% ACH ECC WEB,222.67,Debit,Transfer,Credit Card Payment,FREE CHECKING,,TYPE: AUTOPAY ID: XXXXXX4417 CO: CHASE CREDIT CRD %% ACH ECC WEB,FALSE
02/16/2025,Amc Theatres,Debit Card DEBIT TRAN AMC THEATRES #2255 LAKEVIEW OH,14.84,Debit,Entertainment,Movies & Music,FREE CHECKING,,Debit Card DEBIT TRAN AMC THEATRES #2255 LAKEVIEW OH,FALSE
02/15/2025,Riverside Quick Stop,Debit Card DEBIT TRAN RIVERSIDE QUICK STOP LAKEVIEW OH,4.51,Debit,Food & Dining,Convenience,FREE CHECKING,,Debit Card DEBIT TRAN RIVERSIDE QUICK STOP LAKEVIEW OH,FALSE
02/14/2025,Lakeview Transit Auth,Debit Card DEBIT TRAN LAKEVIEW TRANSIT AUTH LAKEVIEW OH,2.75,Debit,Auto & Transport,Public Transit,FREE CHECKING,,Debit Card DEBIT TRAN LAKEVIEW TRANSIT AUTH LAKEVIEW OH,FALSE
02/14/2025,Lakeview Transit Auth,Debit Card DEBIT TRAN LAKEVIEW TRANSIT AUTH LAKEVIEW OH,2.75,Debit,Auto & Transport,Public Transit,FREE CHECKING,,Debit Card DEBIT TRAN LAKEVIEW TRANSIT AUTH LAKEVIEW OH,FALSE
02/14/2025,Lakeview Gas & Go,Debit Card DEBIT TRAN LAKEVIEW GAS & GO LAKEVIEW OH,6.98,Debit,Food & Dining,Convenience,FREE CHECKING,,Debit Card DEBIT TRAN LAKEVIEW GAS & GO LAKEVIEW OH,FALSE
02/14/2025,Golden Wok,Debit Card DEBIT TRAN GOLDEN WOK LAKEVIEW OH,14.80,Debit,Food & Dining,Restaurants,FREE CHECKING,,Debit Card DEBIT TRAN GOLDEN WOK LAKEVIEW OH,FALSE
02/14/2025,Fourth Street Market,Debit Card DEBIT TRAN FOURTH STREET MARKET LAKEVIEW OH,5.35,Debit,Food & Dining,Convenience,FREE CHECKING,,Debit Card DEBIT TRAN FOURTH STREET MARKET LAKEVIEW OH,FALSE
02/14/2025,Cafe Lumen,Debit Card DEBIT TRAN CAFE LUMEN LAKEVIEW OH,6.58,Debit,Food & Dining,Restaurants,FREE CHECKING,,Debit Card DEBIT TRAN CAFE LUMEN LAKEVIEW OH,FALSE
02/12/2025,Transfer to Share 0072,Transfer to Share 0072,200.00,Debit,Transfer,Transfer,SHARE SAVINGS,,Transfer to Share 0072,FALSE
02/12/2025,Transfer from Share 0001,Transfer from Share 0001,200.00,Credit,Transfer,Transfer,FREE CHECKING,,Transfer from Share 0001,FALSE
02/12/2025,Riverside Quick Stop,Debit Card DEBIT TRAN RIVERSIDE QUICK STOP LAKEVIEW OH,6.46,Debit,Food & Dining,Convenience,FREE CHECKING,,Debit Card DEBIT TRAN RIVERSIDE QUICK STOP LAKEVIEW OH,FALSE
02/12/2025,Campus Corner Deli,Debit Card DEBIT TRAN CAMPUS CORNER DELI LAKEVIEW OH,4.49,Debit,Food & Dining,Convenience,FREE CHECKING,,Debit Card DEBIT TRAN CAMPUS CORNER DELI LAKEVIEW OH,FALSE
02/11/2025,Fourth Street Market,Debit Card DEBIT TRAN FOURTH STREET MARKET LAKEVIEW OH,5.35,Debit,Food & Dining,Convenience,FREE CHECKING,,Debit Card DEBIT TRAN FOURTH STREET MARKET LAKEVIEW OH,FALSE
02/11/2025,Fourth Street Market,Debit Card DEBIT TRAN FOURTH STREET MARKET LAKEVIEW OH,3.48,Debit,Food & Dining,Convenience,FREE CHECKING,,Debit Card DEBIT TRAN FOURTH STREET MARKET LAKEVIEW OH,FALSE
02/10/2025,Kroger,Debit Card DEBIT TRAN KROGER #445 LAKEVIEW OH,33.31,Debit,Food & Dining,Groceries,FREE CHECKING,,Debit Card DEBIT TRAN KROGER #445 LAKEVIEW OH,FALSE
02/10/2025,Fourth Street Market,Debit Card DEBIT TRAN FOURTH STREET MARKET LAKEVIEW OH,3.48,Debit,Food & Dining,Convenience,FREE CHECKING,,Debit Card DEBIT TRAN FOURTH STREET MARKET LAKEVIEW OH,FALSE
02/09/2025,Sunfire Taqueria,Debit Card DEBIT TRAN SUNFIRE TAQUERIA LAKEVIEW OH,20.99,Debit,Food & Dining,Restaurants,FREE CHECKING,,Debit Card DEBIT TRAN SUNFIRE TAQUERIA LAKEVIEW OH,FALSE
02/09/2025,Panera Bread,Debit Card DEBIT TRAN PANERA BREAD #601442 LAKEVIEW OH,9.77,Debit,Food & Dining,Restaurants,FREE CHECKING,,Debit Card DEBIT TRAN PANERA BREAD #601442 LAKEVIEW OH,FALSE
02/09/2025,Lakeview Farmers Market,Debit Card DEBIT TRAN LAKEVIEW FARMERS MARKET LAKEVIEW OH,12.80,Debit,Food & Dining,Groceries,FREE CHECKING,,Debit Card DEBIT TRAN LAKEVIEW FARMERS MARKET LAKEVIEW OH,FALSE
02/09/2025,Kroger,Debit Card DEBIT TRAN KROGER #445 LAKEVIEW OH,25.86,Debit,Food & Dining,Groceries,FREE CHECKING,,Debit Card DEBIT TRAN KROGER #445 LAKEVIEW OH,FALSE
02/09/2025,Chipotle,Debit Card DEBIT TRAN CHIPOTLE 2291 LAKEVIEW OH,13.02,Debit,Food & Dining,Restaurants,FREE CHECKING,,Debit Card DEBIT TRAN CHIPOTLE 2291 LAKEVIEW OH,FALSE
02/08/2025,Lakeview Gas & Go,Debit Card DEBIT TRAN LAKEVIEW GAS & GO LAKEVIEW OH,9.17,Debit,Food & Dining,Convenience,FREE CHECKING,,Debit Card DEBIT TRAN LAKEVIEW GAS & GO LAKEVIEW OH,FALSE
02/08/2025,Domino's,Debit Card DEBIT TRAN DOMINO'S 5512 LAKEVIEW OH,11.04,Debit,Food & Dining,Restaurants,FREE CHECKING,,Debit Card DEBIT TRAN DOMINO'S 5512 LAKEVIEW OH,FALSE
02/07/2025,Riverside Quick Stop,Debit Card DEBIT TRAN RIVERSIDE QUICK STOP LAKEVIEW OH,7.15,Debit,Food & Dining,Convenience,FREE CHECKING,,Debit Card DEBIT TRAN RIVERSIDE QUICK STOP LAKEVIEW OH,FALSE
02/07/2025,Lakeview County Payroll,Deposit LAKEVIEW COUNTY PAYROLL / TYPE: DIRECT DEP ID: XXXXXX4410 CO: LAKEVIEW COUNTY %% ACH ECC PPD,1970.68,Credit,Income,Paycheck,FREE CHECKING,,TYPE: DIRECT DEP ID: XXXXXX4410 CO: LAKEVIEW COUNTY %% ACH ECC PPD,FALSE
02/07/2025,Fourth Street Market,Debit Card DEBIT TRAN FOURTH STREET MARKET LAKEVIEW OH,5.35,Debit,Food & Dining,Convenience,FREE CHECKING,,Debit Card DEBIT TRAN FOURTH STREET MARKET LAKEVIEW OH,FALSE
02/07/2025,Corner Books Lakeview,Debit Card DEBIT TRAN CORNER BOOKS LAKEVIEW LAKEVIEW OH,11.16,Debit,Entertainment,Movies & Music,FREE CHECKING,,Debit Card DEBIT TRAN CORNER BOOKS LAKEVIEW LAKEVIEW OH,FALSE
02/07/2025,Chase Credit Card,Withdrawal CHASE CREDIT CRD / TYPE: AUTOPAY ID: XXXXXX8802 CO: CHASE CREDIT CRD %% ACH ECC WEB,23.80,Debit,Transfer,Credit Card Payment,FREE CHECKING,,TYPE: AUTOPAY ID: XXXXXX8802 CO: CHASE CREDIT CRD %% ACH ECC WEB,FALSE
02/07/2025,Blue Line Snacks,Debit Card DEBIT TRAN BLUE LINE SNACKS LAKEVIEW OH,3.10,Debit,Food & Dining,Convenience,FREE CHECKING,,Debit Card DEBIT TRAN BLUE LINE SNACKS LAKEVIEW OH,FALSE
02/06/2025,Starbucks,Debit Card DEBIT TRAN STARBUCKS #22910 LAKEVIEW OH,4.68,Debit,Food & Dining,Restaurants,FREE CHECKING,,Debit Card DEBIT TRAN STARBUCKS #22910 LAKEVIEW OH,FALSE
02/06/2025,Blue Line Snacks,Debit Card DEBIT TRAN BLUE LINE SNACKS LAKEVIEW OH,2.42,Debit,Food & Dining,Convenience,FREE CHECKING,,Debit Card DEBIT TRAN BLUE LINE SNACKS LAKEVIEW OH,FALSE
02/05/2025,Zelle to Linda Morgan,Withdrawal ZELLE TO LINDA MORGAN / TYPE: P2P CO: ZELLE %% ACH ECC WEB,120.00,Debit,Transfer,Zelle,FREE CHECKING,,TYPE: P2P CO: ZELLE %% ACH ECC WEB,FALSE
02/05/2025,LaundryCard Reload,Withdrawal LAUNDRYCARD RELOAD / TYPE: PURCHASE CO: LAUNDRYCARD,16.00,Debit,Home,Laundry,FREE CHECKING,,TYPE: PURCHASE CO: LAUNDRYCARD,FALSE
02/05/2025,Fourth Street Market,Debit Card DEBIT TRAN FOURTH STREET MARKET LAKEVIEW OH,5.35,Debit,Food & Dining,Convenience,FREE CHECKING,,Debit Card DEBIT TRAN FOURTH STREET MARKET LAKEVIEW OH,FALSE
02/05/2025,Fourth Street Market,Debit Card DEBIT TRAN FOURTH STREET MARKET LAKEVIEW OH,1.61,Debit,Food & Dining,Convenience,FREE CHECKING,,Debit Card DEBIT TRAN FOURTH STREET MARKET LAKEVIEW OH,FALSE
02/04/2025,Riverside Quick Stop,Debit Card DEBIT TRAN RIVERSIDE QUICK STOP LAKEVIEW OH,6.52,Debit,Food & Dining,Convenience,FREE CHECKING,,Debit Card DEBIT TRAN RIVERSIDE QUICK STOP LAKEVIEW OH,FALSE
02/04/2025,Aldi,Debit Card DEBIT TRAN ALDI 71034 LAKEVIEW OH,19.96,Debit,Food & Dining,Groceries,FREE CHECKING,,Debit Card DEBIT TRAN ALDI 71034 LAKEVIEW OH,FALSE
02/03/2025,Vanguard Buy,Withdrawal VANGUARD BUY / TYPE: INVESTMENT CO: VMC %% ACH ECC WEB,1000.00,Debit,Investments,Investment,SHARE SAVINGS,,TYPE: INVESTMENT CO: VMC %% ACH ECC WEB,FALSE
02/03/2025,Fourth Street Market,Debit Card DEBIT TRAN FOURTH STREET MARKET LAKEVIEW OH,5.62,Debit,Food & Dining,Convenience,FREE CHECKING,,Debit Card DEBIT TRAN FOURTH STREET MARKET LAKEVIEW OH,FALSE
02/02/2025,Northgate Express Mart,Debit Card DEBIT TRAN NORTHGATE EXPRESS MART LAKEVIEW OH,6.89,Debit,Food & Dining,Convenience,FREE CHECKING,,Debit Card DEBIT TRAN NORTHGATE EXPRESS MART LAKEVIEW OH,FALSE
02/02/2025,Fourth Street Market,Debit Card DEBIT TRAN FOURTH STREET MARKET LAKEVIEW OH,5.35,Debit,Food & Dining,Convenience,FREE CHECKING,,Debit Card DEBIT TRAN FOURTH STREET MARKET LAKEVIEW OH,FALSE
02/02/2025,Fourth Street Market,Debit Card DEBIT TRAN FOURTH STREET MARKET LAKEVIEW OH,6.96,Debit,Food & Dining,Convenience,FREE CHECKING,,Debit Card DEBIT TRAN FOURTH STREET MARKET LAKEVIEW OH,FALSE
02/01/2025,Target,Debit Card DEBIT TRAN TARGET 00028215 LAKEVIEW OH,54.18,Debit,Shopping,General Merchandise,FREE CHECKING,,Debit Card DEBIT TRAN TARGET 00028215 LAKEVIEW OH,FALSE
02/01/2025,Riverside Quick Stop,Debit Card DEBIT TRAN RIVERSIDE QUICK STOP LAKEVIEW OH,7.23,Debit,Food & Dining,Convenience,FREE CHECKING,,Debit Card DEBIT TRAN RIVERSIDE QUICK STOP LAKEVIEW OH,FALSE
02/01/2025,Riverside Quick Stop,Debit Card DEBIT TRAN RIVERSIDE QUICK STOP LAKEVIEW OH,3.07,Debit,Food & Dining,Convenience,FREE CHECKING,,Debit Card DEBIT TRAN RIVERSIDE QUICK STOP LAKEVIEW OH,FALSE
02/01/2025,Lakeview Parking,Debit Card DEBIT TRAN LAKEVIEW PARKING LAKEVIEW OH,9.53,Debit,Auto & Transport,Rideshare,FREE CHECKING,,Debit Card DEBIT TRAN LAKEVIEW PARKING LAKEVIEW OH,FALSE
02/01/2025,Havenbrook Residential,Withdrawal HAVENBROOK RESIDENTIAL / TYPE: RENT ID: XXXXXX2210 CO: HAVENBROOK RES %% ACH ECC PPD,1285.00,Debit,Home,Rent,FREE CHECKING,,TYPE: RENT ID: XXXXXX2210 CO: HAVENBROOK RES %% ACH ECC PPD,FALSE
01/31/2025,Transfer from Account 0072,Transfer from Share 0072,750.00,Credit,Transfer,Transfer,SHARE SAVINGS,,Transfer from Share 0072,FALSE
01/31/2025,Transfer To Share,Transfer To Share 0001,750.00,Debit,Transfer,Transfer,FREE CHECKING,,Transfer To Share 0001,FALSE
01/31/2025,Target,Debit Card DEBIT TRAN TARGET 00028215 LAKEVIEW OH,49.12,Debit,Shopping,General Merchandise,FREE CHECKING,,Debit Card DEBIT TRAN TARGET 00028215 LAKEVIEW OH,FALSE
01/31/2025,Sunrise Bodega,Debit Card DEBIT TRAN SUNRISE BODEGA LAKEVIEW OH,5.55,Debit,Food & Dining,Convenience,FREE CHECKING,,Debit Card DEBIT TRAN SUNRISE BODEGA LAKEVIEW OH,FALSE
01/30/2025,Riverside Quick Stop,Debit Card DEBIT TRAN RIVERSIDE QUICK STOP LAKEVIEW OH,6.15,Debit,Food & Dining,Convenience,FREE CHECKING,,Debit Card DEBIT TRAN RIVERSIDE QUICK STOP LAKEVIEW OH,FALSE
01/30/2025,Panera Bread,Debit Card DEBIT TRAN PANERA BREAD #601442 LAKEVIEW OH,11.30,Debit,Food & Dining,Restaurants,FREE CHECKING,,Debit Card DEBIT TRAN PANERA BREAD #601442 LAKEVIEW OH,FALSE
01/30/2025,Elm & 9Th Convenience,Debit Card DEBIT TRAN ELM & 9TH CONVENIENCE LAKEVIEW OH,4.62,Debit,Food & Dining,Convenience,FREE CHECKING,,Debit Card DEBIT TRAN ELM & 9TH CONVENIENCE LAKEVIEW OH,FALSE
01/29/2025,Trader Joe's,Debit Card DEBIT TRAN TRADER JOE'S #712 LAKEVIEW OH,45.55,Debit,Food & Dining,Groceries,FREE CHECKING,,Debit Card DEBIT TRAN TRADER JOE'S #712 LAKEVIEW OH,FALSE
01/29/2025,Panera Bread,Debit Card DEBIT TRAN PANERA BREAD #601442 LAKEVIEW OH,9.94,Debit,Food & Dining,Restaurants,FREE CHECKING,,Debit Card DEBIT TRAN PANERA BREAD #601442 LAKEVIEW OH,FALSE
01/29/2025,Lakeview Parking,Debit Card DEBIT TRAN LAKEVIEW PARKING LAKEVIEW OH,7.64,Debit,Auto & Transport,Rideshare,FREE CHECKING,,Debit Card DEBIT TRAN LAKEVIEW PARKING LAKEVIEW OH,FALSE
01/28/2025,Aldi,Debit Card DEBIT TRAN ALDI 71034 LAKEVIEW OH,14.62,Debit,Food & Dining,Groceries,FREE CHECKING,,Debit Card DEBIT TRAN ALDI 71034 LAKEVIEW OH,FALSE
01/27/2025,Vantel Fiber,Withdrawal VANTEL FIBER / TYPE: INTERNET CO: VANTEL FIBER %% ACH ECC WEB,45.00,Debit,Bills & Utilities,Internet,FREE CHECKING,,TYPE: INTERNET CO: VANTEL FIBER %% ACH ECC WEB,FALSE
01/27/2025,Trader Joe's,Debit Card DEBIT TRAN TRADER JOE'S #712 LAKEVIEW OH,24.56,Debit,Food & Dining,Groceries,FREE CHECKING,,Debit Card DEBIT TRAN TRADER JOE'S #712 LAKEVIEW OH,FALSE
01/26/2025,Riverside Quick Stop,Debit Card DEBIT TRAN RIVERSIDE QUICK STOP LAKEVIEW OH,3.55,Debit,Food & Dining,Convenience,FREE CHECKING,,Debit Card DEBIT TRAN RIVERSIDE QUICK STOP LAKEVIEW OH,FALSE
01/26/2025,Fourth Street Market,Debit Card DEBIT TRAN FOURTH STREET MARKET LAKEVIEW OH,5.35,Debit,Food & Dining,Convenience,FREE CHECKING,,Debit Card DEBIT TRAN FOURTH STREET MARKET LAKEVIEW OH,FALSE
01/26/2025,Fourth Street Market,Debit Card DEBIT TRAN FOURTH STREET MARKET LAKEVIEW OH,3.48,Debit,Food & Dining,Convenience,FREE CHECKING,,Debit Card DEBIT TRAN FOURTH STREET MARKET LAKEVIEW OH,FALSE
01/25/2025,Panera Bread,Debit Card DEBIT TRAN PANERA BREAD #601442 LAKEVIEW OH,9.44,Debit,Food & Dining,Restaurants,FREE CHECKING,,Debit Card DEBIT TRAN PANERA BREAD #601442 LAKEVIEW OH,FALSE
01/25/2025,Northline Gas,Withdrawal NORTHLINE GAS / TYPE: GAS BILL CO: NORTHLINE GAS %% ACH ECC CCD,46.32,Debit,Bills & Utilities,Utilities,FREE CHECKING,,TYPE: GAS BILL CO: NORTHLINE GAS %% ACH ECC CCD,FALSE
01/24/2025,Riverside Quick Stop,Debit Card DEBIT TRAN RIVERSIDE QUICK STOP LAKEVIEW OH,4.14,Debit,Food & Dining,Convenience,FREE CHECKING,,Debit Card DEBIT TRAN RIVERSIDE QUICK STOP LAKEVIEW OH,FALSE
01/24/2025,Lakeview County Payroll,Deposit LAKEVIEW COUNTY PAYROLL / TYPE: DIRECT DEP ID: XXXXXX4410 CO: LAKEVIEW COUNTY %% ACH ECC PPD,1970.68,Credit,Income,Paycheck,FREE CHECKING,,TYPE: DIRECT DEP ID: XXXXXX4410 CO: LAKEVIEW COUNTY %% ACH ECC PPD,FALSE
01/24/2025,Fourth Street Market,Debit Card DEBIT TRAN FOURTH STREET MARKET LAKEVIEW OH,3.48,Debit,Food & Dining,Convenience,FREE CHECKING,,Debit Card DEBIT TRAN FOURTH STREET MARKET LAKEVIEW OH,FALSE
01/24/2025,Fourth Street Market,Debit Card DEBIT TRAN FOURTH STREET MARKET LAKEVIEW OH,3.48,Debit,Food & Dining,Convenience,FREE CHECKING,,Debit Card DEBIT TRAN FOURTH STREET MARKET LAKEVIEW OH,FALSE
01/23/2025,Riverside Quick Stop,Debit Card DEBIT TRAN RIVERSIDE QUICK STOP LAKEVIEW OH,2.32,Debit,Food & Dining,Convenience,FREE CHECKING,,Debit Card DEBIT TRAN RIVERSIDE QUICK STOP LAKEVIEW OH,FALSE
01/23/2025,Chipotle,Debit Card DEBIT TRAN CHIPOTLE 2291 LAKEVIEW OH,15.44,Debit,Food & Dining,Restaurants,FREE CHECKING,,Debit Card DEBIT TRAN CHIPOTLE 2291 LAKEVIEW OH,FALSE
01/21/2025,Fourth Street Market,Debit Card DEBIT TRAN FOURTH STREET MARKET LAKEVIEW OH,3.48,Debit,Food & Dining,Convenience,FREE CHECKING,,Debit Card DEBIT TRAN FOURTH STREET MARKET LAKEVIEW OH,FALSE
01/21/2025,Elm & 9Th Convenience,Debit Card DEBIT TRAN ELM & 9TH CONVENIENCE LAKEVIEW OH,4.50,Debit,Food & Dining,Convenience,FREE CHECKING,,Debit Card DEBIT TRAN ELM & 9TH CONVENIENCE LAKEVIEW OH,FALSE
01/20/2025,Panera Bread,Debit Card DEBIT TRAN PANERA BREAD #601442 LAKEVIEW OH,13.21,Debit,Food & Dining,Restaurants,FREE CHECKING,,Debit Card DEBIT TRAN PANERA BREAD #601442 LAKEVIEW OH,FALSE
01/20/2025,Lakeview Power & Light,Withdrawal LAKEVIEW PWR & LIGHT / TYPE: ELECTRIC ID: XXXXXX7002 CO: LAKEVIEW PWR LT %% ACH ECC CCD,67.32,Debit,Bills & Utilities,Utilities,FREE CHECKING,,TYPE: ELECTRIC ID: XXXXXX7002 CO: LAKEVIEW PWR LT %% ACH ECC CCD,FALSE
01/20/2025,Fourth Street Market,Debit Card DEBIT TRAN FOURTH STREET MARKET LAKEVIEW OH,5.35,Debit,Food & Dining,Convenience,FREE CHECKING,,Debit Card DEBIT TRAN FOURTH STREET MARKET LAKEVIEW OH,FALSE
01/20/2025,Cvs/Pharmacy,Debit Card DEBIT TRAN CVS/PHARMACY #8812 LAKEVIEW OH,18.85,Debit,Health & Fitness,Pharmacy,FREE CHECKING,,Debit Card DEBIT TRAN CVS/PHARMACY #8812 LAKEVIEW OH,FALSE
01/20/2025,Cornerstone Life Ins Prem,Withdrawal CORNERSTONE LIFE INS PREM / TYPE: PREMIUM CO: CORNERSTONE LIFE %% ACH ECC PPD,93.00,Debit,Financial,Life Insurance,FREE CHECKING,,TYPE: PREMIUM CO: CORNERSTONE LIFE %% ACH ECC PPD,FALSE
01/19/2025,Fourth Street Market,Debit Card DEBIT TRAN FOURTH STREET MARKET LAKEVIEW OH,5.35,Debit,Food & Dining,Convenience,FREE CHECKING,,Debit Card DEBIT TRAN FOURTH STREET MARKET LAKEVIEW OH,FALSE
01/19/2025,Cafe Lumen,Debit Card DEBIT TRAN CAFE LUMEN LAKEVIEW OH,5.58,Debit,Food & Dining,Restaurants,FREE CHECKING,,Debit Card DEBIT TRAN CAFE LUMEN LAKEVIEW OH,FALSE
01/17/2025,Starbucks,Debit Card DEBIT TRAN STARBUCKS #22910 LAKEVIEW OH,6.15,Debit,Food & Dining,Restaurants,FREE CHECKING,,Debit Card DEBIT TRAN STARBUCKS #22910 LAKEVIEW OH,FALSE
01/16/2025,Transfer to Venmo,Withdrawal VENMO / TYPE: PAYMENT CO: VENMO %% ACH ECC WEB,7.00,Debit,Transfer,Venmo,FREE CHECKING,,TYPE: PAYMENT CO: VENMO %% ACH ECC WEB,FALSE
01/16/2025,Riverside Quick Stop,Debit Card DEBIT TRAN RIVERSIDE QUICK STOP LAKEVIEW OH,2.94,Debit,Food & Dining,Convenience,FREE CHECKING,,Debit Card DEBIT TRAN RIVERSIDE QUICK STOP LAKEVIEW OH,FALSE
01/16/2025,Riverside Cinema,Debit Card DEBIT TRAN RIVERSIDE CINEMA LAKEVIEW OH,15.69,Debit,Entertainment,Movies & Music,FREE CHECKING,,Debit Card DEBIT TRAN RIVERSIDE CINEMA LAKEVIEW OH,FALSE
01/16/2025,Panera Bread,Debit Card DEBIT TRAN PANERA BREAD #601442 LAKEVIEW OH,12.59,Debit,Food & Dining,Restaurants,FREE CHECKING,,Debit Card DEBIT TRAN PANERA BREAD #601442 LAKEVIEW OH,FALSE
01/16/2025,Northgate Express Mart,Debit Card DEBIT TRAN NORTHGATE EXPRESS MART LAKEVIEW OH,4.04,Debit,Food & Dining,Convenience,FREE CHECKING,,Debit Card DEBIT TRAN NORTHGATE EXPRESS MART LAKEVIEW OH,FALSE
01/16/2025,Granite State Servicing,Withdrawal GRANITE STATE SERVICING / TYPE: STUDENT LN ID: XXXXXX2007 CO: GRANITE STATE SVC %% ACH ECC PPD,78.20,Debit,Education,Student Loan,FREE CHECKING,,TYPE: STUDENT LN ID: XXXXXX2007 CO: GRANITE STATE SVC %% ACH ECC PPD,FALSE
01/16/2025,Fourth Street Market,Debit Card DEBIT TRAN FOURTH STREET MARKET LAKEVIEW OH,5.35,Debit,Food & Dining,Convenience,FREE CHECKING,,Debit Card DEBIT TRAN FOURTH STREET MARKET LAKEVIEW OH,FALSE
01/16/2025,Chase Credit Card,Withdrawal CHASE CREDIT CRD / TYPE: AUTOPAY ID: XXXXXX4417 CO: CHASE CREDIT CRD %% ACH ECC WEB,641.28,Debit,Transfer,Credit Card Payment,FREE CHECKING,,TYPE: AUTOPAY ID: XXXXXX4417 CO: CHASE CREDIT CRD %% ACH ECC WEB,FALSE
01/14/2025,Lyft *Ride Fri 11Pm,Debit Card DEBIT TRAN LYFT *RIDE FRI 11PM LAKEVIEW OH,11.75,Debit,Auto & Transport,Rideshare,FREE CHECKING,,Debit Card DEBIT TRAN LYFT *RIDE FRI 11PM LAKEVIEW OH,FALSE
01/14/2025,Elm & 9Th Convenience,Debit Card DEBIT TRAN ELM & 9TH CONVENIENCE LAKEVIEW OH,4.52,Debit,Food & Dining,Convenience,FREE CHECKING,,Debit Card DEBIT TRAN ELM & 9TH CONVENIENCE LAKEVIEW OH,FALSE
01/14/2025,Cafe Lumen,Debit Card DEBIT TRAN CAFE LUMEN LAKEVIEW OH,4.95,Debit,Food & Dining,Restaurants,FREE CHECKING,,Debit Card DEBIT TRAN CAFE LUMEN LAKEVIEW OH,FALSE
01/14/2025,ATM Withdrawal #4471 Fourth Street,ATM Withdrawal #4471 FOURTH STREET LAKEVIEW OH,20.00,Debit,Uncategorized,Cash,FREE CHECKING,,ATM Withdrawal #4471 FOURTH STREET LAKEVIEW OH,FALSE
01/14/2025,ATM Surcharge,ATM Surcharge FOURTH STREET,3.00,Debit,Fees & Charges,ATM Fee,FREE CHECKING,,ATM Surcharge FOURTH STREET,FALSE
01/13/2025,Trader Joe's,Debit Card DEBIT TRAN TRADER JOE'S #712 LAKEVIEW OH,44.19,Debit,Food & Dining,Groceries,FREE CHECKING,,Debit Card DEBIT TRAN TRADER JOE'S #712 LAKEVIEW OH,FALSE
01/13/2025,Golden Wok,Debit Card DEBIT TRAN GOLDEN WOK LAKEVIEW OH,15.67,Debit,Food & Dining,Restaurants,FREE CHECKING,,Debit Card DEBIT TRAN GOLDEN WOK LAKEVIEW OH,FALSE
01/13/2025,Amc Theatres,Debit Card DEBIT TRAN AMC THEATRES #2255 LAKEVIEW OH,16.06,Debit,Entertainment,Movies & Music,FREE CHECKING,,Debit Card DEBIT TRAN AMC THEATRES #2255 LAKEVIEW OH,FALSE
01/12/2025,Transfer to Venmo,Withdrawal VENMO / TYPE: PAYMENT CO: VENMO %% ACH ECC WEB,35.05,Debit,Transfer,Venmo,FREE CHECKING,,TYPE: PAYMENT CO: VENMO %% ACH ECC WEB,FALSE
01/11/2025,Transfer to Venmo,Withdrawal VENMO / TYPE: PAYMENT CO: VENMO %% ACH ECC WEB,27.00,Debit,Transfer,Venmo,FREE CHECKING,,TYPE: PAYMENT CO: VENMO %% ACH ECC WEB,FALSE
01/11/2025,Transfer to Venmo,Withdrawal VENMO / TYPE: PAYMENT CO: VENMO %% ACH ECC WEB,29.40,Debit,Transfer,Venmo,FREE CHECKING,,TYPE: PAYMENT CO: VENMO %% ACH ECC WEB,FALSE
01/11/2025,Target,Debit Card DEBIT TRAN TARGET 00028215 LAKEVIEW OH,55.21,Debit,Shopping,General Merchandise,FREE CHECKING,,Debit Card DEBIT TRAN TARGET 00028215 LAKEVIEW OH,FALSE
01/11/2025,Riverside Quick Stop,Debit Card DEBIT TRAN RIVERSIDE QUICK STOP LAKEVIEW OH,6.59,Debit,Food & Dining,Convenience,FREE CHECKING,,Debit Card DEBIT TRAN RIVERSIDE QUICK STOP LAKEVIEW OH,FALSE
01/11/2025,Lyft *Ride Tue 8Am,Debit Card DEBIT TRAN LYFT *RIDE TUE 8AM LAKEVIEW OH,10.46,Debit,Auto & Transport,Rideshare,FREE CHECKING,,Debit Card DEBIT TRAN LYFT *RIDE TUE 8AM LAKEVIEW OH,FALSE
01/11/2025,Fourth Street Market,Debit Card DEBIT TRAN FOURTH STREET MARKET LAKEVIEW OH,5.35,Debit,Food & Dining,Convenience,FREE CHECKING,,Debit Card DEBIT TRAN FOURTH STREET MARKET LAKEVIEW OH,FALSE
01/11/2025,Fourth Street Market,Debit Card DEBIT TRAN FOURTH STREET MARKET LAKEVIEW OH,5.35,Debit,Food & Dining,Convenience,FREE CHECKING,,Debit Card DEBIT TRAN FOURTH STREET MARKET LAKEVIEW OH,FALSE
01/11/2025,Basil & Rye,Debit Card DEBIT TRAN BASIL & RYE LAKEVIEW OH,21.88,Debit,Food & Dining,Restaurants,FREE CHECKING,,Debit Card DEBIT TRAN BASIL & RYE LAKEVIEW OH,FALSE
01/10/2025,Riverside Quick Stop,Debit Card DEBIT TRAN RIVERSIDE QUICK STOP LAKEVIEW OH,2.97,Debit,Food & Dining,Convenience,FREE CHECKING,,Debit Card DEBIT TRAN RIVERSIDE QUICK STOP LAKEVIEW OH,FALSE
01/10/2025,Lakeview County Payroll,Deposit LAKEVIEW COUNTY PAYROLL / TYPE: DIRECT DEP ID: XXXXXX4410 CO: LAKEVIEW COUNTY %% ACH ECC PPD,1970.68,Credit,Income,Paycheck,FREE CHECKING,,TYPE: DIRECT DEP ID: XXXXXX4410 CO: LAKEVIEW COUNTY %% ACH ECC PPD,FALSE
01/10/2025,Elm & 9Th Convenience,Debit Card DEBIT TRAN ELM & 9TH CONVENIENCE LAKEVIEW OH,7.64,Debit,Food & Dining,Convenience,FREE CHECKING,,Debit Card DEBIT TRAN ELM & 9TH CONVENIENCE LAKEVIEW OH,FALSE
01/10/2025,Cafe Lumen,Debit Card DEBIT TRAN CAFE LUMEN LAKEVIEW OH,6.09,Debit,Food & Dining,Restaurants,FREE CHECKING,,Debit Card DEBIT TRAN CAFE LUMEN LAKEVIEW OH,FALSE
01/09/2025,Fourth Street Market,Debit Card DEBIT TRAN FOURTH STREET MARKET LAKEVIEW OH,5.35,Debit,Food & Dining,Convenience,FREE CHECKING,,Debit Card DEBIT TRAN FOURTH STREET MARKET LAKEVIEW OH,FALSE
01/08/2025,Riverside Quick Stop,Debit Card DEBIT TRAN RIVERSIDE QUICK STOP LAKEVIEW OH,5.19,Debit,Food & Dining,Convenience,FREE CHECKING,,Debit Card DEBIT TRAN RIVERSIDE QUICK STOP LAKEVIEW OH,FALSE
01/08/2025,Fourth Street Market,Debit Card DEBIT TRAN FOURTH STREET MARKET LAKEVIEW OH,3.48,Debit,Food & Dining,Convenience,FREE CHECKING,,Debit Card DEBIT TRAN FOURTH STREET MARKET LAKEVIEW OH,FALSE
01/08/2025,Fourth Street Market,Debit Card DEBIT TRAN FOURTH STREET MARKET LAKEVIEW OH,5.35,Debit,Food & Dining,Convenience,FREE CHECKING,,Debit Card DEBIT TRAN FOURTH STREET MARKET LAKEVIEW OH,FALSE
01/08/2025,Fourth Street Market,Debit Card DEBIT TRAN FOURTH STREET MARKET LAKEVIEW OH,1.87,Debit,Food & Dining,Convenience,FREE CHECKING,,Debit Card DEBIT TRAN FOURTH STREET MARKET LAKEVIEW OH,FALSE
01/07/2025,Riverside Quick Stop,Debit Card DEBIT TRAN RIVERSIDE QUICK STOP LAKEVIEW OH,4.19,Debit,Food & Dining,Convenience,FREE CHECKING,,Debit Card DEBIT TRAN RIVERSIDE QUICK STOP LAKEVIEW OH,FALSE
01/07/2025,Chase Credit Card,Withdrawal CHASE CREDIT CRD / TYPE: AUTOPAY ID: XXXXXX8802 CO: CHASE CREDIT CRD %% ACH ECC WEB,23.80,Debit,Transfer,Credit Card Payment,FREE CHECKING,,TYPE: AUTOPAY ID: XXXXXX8802 CO: CHASE CREDIT CRD %% ACH ECC WEB,FALSE
01/05/2025,Zelle to Linda Morgan,Withdrawal ZELLE TO LINDA MORGAN / TYPE: P2P CO: ZELLE %% ACH ECC WEB,120.00,Debit,Transfer,Zelle,FREE CHECKING,,TYPE: P2P CO: ZELLE %% ACH ECC WEB,FALSE
01/05/2025,LaundryCard Reload,Withdrawal LAUNDRYCARD RELOAD / TYPE: PURCHASE CO: LAUNDRYCARD,16.00,Debit,Home,Laundry,FREE CHECKING,,TYPE: PURCHASE CO: LAUNDRYCARD,FALSE
01/05/2025,Fourth Street Market,Debit Card DEBIT TRAN FOURTH STREET MARKET LAKEVIEW OH,3.48,Debit,Food & Dining,Convenience,FREE CHECKING,,Debit Card DEBIT TRAN FOURTH STREET MARKET LAKEVIEW OH,FALSE
01/02/2025,Vanguard Buy,Withdrawal VANGUARD BUY / TYPE: INVESTMENT CO: VMC %% ACH ECC WEB,1000.00,Debit,Investments,Investment,SHARE SAVINGS,,TYPE: INVESTMENT CO: VMC %% ACH ECC WEB,FALSE
01/02/2025,Riverside Cinema,Debit Card DEBIT TRAN RIVERSIDE CINEMA LAKEVIEW OH,14.56,Debit,Entertainment,Movies & Music,FREE CHECKING,,Debit Card DEBIT TRAN RIVERSIDE CINEMA LAKEVIEW OH,FALSE
01/01/2025,Starbucks,Debit Card DEBIT TRAN STARBUCKS #22910 LAKEVIEW OH,6.63,Debit,Food & Dining,Restaurants,FREE CHECKING,,Debit Card DEBIT TRAN STARBUCKS #22910 LAKEVIEW OH,FALSE
01/01/2025,Havenbrook Residential,Withdrawal HAVENBROOK RESIDENTIAL / TYPE: RENT ID: XXXXXX2210 CO: HAVENBROOK RES %% ACH ECC PPD,1285.00,Debit,Home,Rent,FREE CHECKING,,TYPE: RENT ID: XXXXXX2210 CO: HAVENBROOK RES %% ACH ECC PPD,FALSE
01/01/2025,Golden Wok,Debit Card DEBIT TRAN GOLDEN WOK LAKEVIEW OH,17.38,Debit,Food & Dining,Restaurants,FREE CHECKING,,Debit Card DEBIT TRAN GOLDEN WOK LAKEVIEW OH,FALSE
01/01/2025,Blue Line Snacks,Debit Card DEBIT TRAN BLUE LINE SNACKS LAKEVIEW OH,4.93,Debit,Food & Dining,Convenience,FREE CHECKING,,Debit Card DEBIT TRAN BLUE LINE SNACKS LAKEVIEW OH,FALSE
01/01/2025,Basil & Rye,Debit Card DEBIT TRAN BASIL & RYE LAKEVIEW OH,27.64,Debit,Food & Dining,Restaurants,FREE CHECKING,,Debit Card DEBIT TRAN BASIL & RYE LAKEVIEW OH,FALSE
01/01/2025,Amc Theatres,Debit Card DEBIT TRAN AMC THEATRES #2255 LAKEVIEW OH,20.94,Debit,Entertainment,Movies & Music,FREE CHECKING,,Debit Card DEBIT TRAN AMC THEATRES #2255 LAKEVIEW OH,FALSE
12/31/2024,Transfer from Account 0072,Transfer from Share 0072,750.00,Credit,Transfer,Transfer,SHARE SAVINGS,,Transfer from Share 0072,FALSE
12/31/2024,Transfer To Share,Transfer To Share 0001,750.00,Debit,Transfer,Transfer,FREE CHECKING,,Transfer To Share 0001,FALSE
12/31/2024,Cafe Lumen,Debit Card DEBIT TRAN CAFE LUMEN LAKEVIEW OH,7.25,Debit,Food & Dining,Restaurants,FREE CHECKING,,Debit Card DEBIT TRAN CAFE LUMEN LAKEVIEW OH,FALSE
12/30/2024,Fourth Street Market,Debit Card DEBIT TRAN FOURTH STREET MARKET LAKEVIEW OH,1.61,Debit,Food & Dining,Convenience,FREE CHECKING,,Debit Card DEBIT TRAN FOURTH STREET MARKET LAKEVIEW OH,FALSE
12/29/2024,Target,Debit Card DEBIT TRAN TARGET 00028215 LAKEVIEW OH,53.79,Debit,Shopping,General Merchandise,FREE CHECKING,,Debit Card DEBIT TRAN TARGET 00028215 LAKEVIEW OH,FALSE
12/28/2024,Fourth Street Market,Debit Card DEBIT TRAN FOURTH STREET MARKET LAKEVIEW OH,1.61,Debit,Food & Dining,Convenience,FREE CHECKING,,Debit Card DEBIT TRAN FOURTH STREET MARKET LAKEVIEW OH,FALSE
12/27/2024,Vantel Fiber,Withdrawal VANTEL FIBER / TYPE: INTERNET CO: VANTEL FIBER %% ACH ECC WEB,45.00,Debit,Bills & Utilities,Internet,FREE CHECKING,,TYPE: INTERNET CO: VANTEL FIBER %% ACH ECC WEB,FALSE
12/27/2024,Transfer to Venmo,Withdrawal VENMO / TYPE: PAYMENT CO: VENMO %% ACH ECC WEB,9.50,Debit,Transfer,Venmo,FREE CHECKING,,TYPE: PAYMENT CO: VENMO %% ACH ECC WEB,FALSE
12/27/2024,Lakeview County Payroll,Deposit LAKEVIEW COUNTY PAYROLL / TYPE: DIRECT DEP ID: XXXXXX4410 CO: LAKEVIEW COUNTY %% ACH ECC PPD,1970.68,Credit,Income,Paycheck,FREE CHECKING,,TYPE: DIRECT DEP ID: XXXXXX4410 CO: LAKEVIEW COUNTY %% ACH ECC PPD,FALSE
12/26/2024,Fourth Street Market,Debit Card DEBIT TRAN FOURTH STREET MARKET LAKEVIEW OH,5.35,Debit,Food & Dining,Convenience,FREE CHECKING,,Debit Card DEBIT TRAN FOURTH STREET MARKET LAKEVIEW OH,FALSE
12/26/2024,Chipotle,Debit Card DEBIT TRAN CHIPOTLE 2291 LAKEVIEW OH,14.31,Debit,Food & Dining,Restaurants,FREE CHECKING,,Debit Card DEBIT TRAN CHIPOTLE 2291 LAKEVIEW OH,FALSE
12/25/2024,Panera Bread,Debit Card DEBIT TRAN PANERA BREAD #601442 LAKEVIEW OH,12.76,Debit,Food & Dining,Restaurants,FREE CHECKING,,Debit Card DEBIT TRAN PANERA BREAD #601442 LAKEVIEW OH,FALSE
12/25/2024,Northline Gas,Withdrawal NORTHLINE GAS / TYPE: GAS BILL CO: NORTHLINE GAS %% ACH ECC CCD,35.87,Debit,Bills & Utilities,Utilities,FREE CHECKING,,TYPE: GAS BILL CO: NORTHLINE GAS %% ACH ECC CCD,FALSE
12/25/2024,Cafe Lumen,Debit Card DEBIT TRAN CAFE LUMEN LAKEVIEW OH,6.95,Debit,Food & Dining,Restaurants,FREE CHECKING,,Debit Card DEBIT TRAN CAFE LUMEN LAKEVIEW OH,FALSE
12/24/2024,Riverside Quick Stop,Debit Card DEBIT TRAN RIVERSIDE QUICK STOP LAKEVIEW OH,3.95,Debit,Food & Dining,Convenience,FREE CHECKING,,Debit Card DEBIT TRAN RIVERSIDE QUICK STOP LAKEVIEW OH,FALSE
12/24/2024,Fourth Street Market,Debit Card DEBIT TRAN FOURTH STREET MARKET LAKEVIEW OH,5.35,Debit,Food & Dining,Convenience,FREE CHECKING,,Debit Card DEBIT TRAN FOURTH STREET MARKET LAKEVIEW OH,FALSE
12/22/2024,Walgreens,Debit Card DEBIT TRAN WALGREENS #3310 LAKEVIEW OH,8.54,Debit,Health & Fitness,Pharmacy,FREE CHECKING,,Debit Card DEBIT TRAN WALGREENS #3310 LAKEVIEW OH,FALSE
12/21/2024,Elm & 9Th Convenience,Debit Card DEBIT TRAN ELM & 9TH CONVENIENCE LAKEVIEW OH,5.16,Debit,Food & Dining,Convenience,FREE CHECKING,,Debit Card DEBIT TRAN ELM & 9TH CONVENIENCE LAKEVIEW OH,FALSE
12/20/2024,Sunfire Taqueria,Debit Card DEBIT TRAN SUNFIRE TAQUERIA LAKEVIEW OH,13.70,Debit,Food & Dining,Restaurants,FREE CHECKING,,Debit Card DEBIT TRAN SUNFIRE TAQUERIA LAKEVIEW OH,FALSE
12/20/2024,Lakeview Power & Light,Withdrawal LAKEVIEW PWR & LIGHT / TYPE: ELECTRIC ID: XXXXXX7002 CO: LAKEVIEW PWR LT %% ACH ECC CCD,65.94,Debit,Bills & Utilities,Utilities,FREE CHECKING,,TYPE: ELECTRIC ID: XXXXXX7002 CO: LAKEVIEW PWR LT %% ACH ECC CCD,FALSE
12/19/2024,Fourth Street Market,Debit Card DEBIT TRAN FOURTH STREET MARKET LAKEVIEW OH,3.48,Debit,Food & Dining,Convenience,FREE CHECKING,,Debit Card DEBIT TRAN FOURTH STREET MARKET LAKEVIEW OH,FALSE
12/18/2024,Transfer to Venmo,Withdrawal VENMO / TYPE: PAYMENT CO: VENMO %% ACH ECC WEB,18.50,Debit,Transfer,Venmo,FREE CHECKING,,TYPE: PAYMENT CO: VENMO %% ACH ECC WEB,FALSE
12/17/2024,Panera Bread,Debit Card DEBIT TRAN PANERA BREAD #601442 LAKEVIEW OH,9.34,Debit,Food & Dining,Restaurants,FREE CHECKING,,Debit Card DEBIT TRAN PANERA BREAD #601442 LAKEVIEW OH,FALSE
12/17/2024,Campus Corner Deli,Debit Card DEBIT TRAN CAMPUS CORNER DELI LAKEVIEW OH,6.20,Debit,Food & Dining,Convenience,FREE CHECKING,,Debit Card DEBIT TRAN CAMPUS CORNER DELI LAKEVIEW OH,FALSE
12/16/2024,Granite State Servicing,Withdrawal GRANITE STATE SERVICING / TYPE: STUDENT LN ID: XXXXXX2007 CO: GRANITE STATE SVC %% ACH ECC PPD,78.20,Debit,Education,Student Loan,FREE CHECKING,,TYPE: STUDENT LN ID: XXXXXX2007 CO: GRANITE STATE SVC %% ACH ECC PPD,FALSE
12/16/2024,Chipotle,Debit Card DEBIT TRAN CHIPOTLE 2291 LAKEVIEW OH,14.74,Debit,Food & Dining,Restaurants,FREE CHECKING,,Debit Card DEBIT TRAN CHIPOTLE 2291 LAKEVIEW OH,FALSE
12/16/2024,Chase Credit Card,Withdrawal CHASE CREDIT CRD / TYPE: AUTOPAY ID: XXXXXX4417 CO: CHASE CREDIT CRD %% ACH ECC WEB,261.01,Debit,Transfer,Credit Card Payment,FREE CHECKING,,TYPE: AUTOPAY ID: XXXXXX4417 CO: CHASE CREDIT CRD %% ACH ECC WEB,FALSE
12/15/2024,Panera Bread,Debit Card DEBIT TRAN PANERA BREAD #601442 LAKEVIEW OH,10.86,Debit,Food & Dining,Restaurants,FREE CHECKING,,Debit Card DEBIT TRAN PANERA BREAD #601442 LAKEVIEW OH,FALSE
12/15/2024,Lakeview Parking,Debit Card DEBIT TRAN LAKEVIEW PARKING LAKEVIEW OH,6.56,Debit,Auto & Transport,Rideshare,FREE CHECKING,,Debit Card DEBIT TRAN LAKEVIEW PARKING LAKEVIEW OH,FALSE
12/15/2024,Fourth Street Market,Debit Card DEBIT TRAN FOURTH STREET MARKET LAKEVIEW OH,5.35,Debit,Food & Dining,Convenience,FREE CHECKING,,Debit Card DEBIT TRAN FOURTH STREET MARKET LAKEVIEW OH,FALSE
12/14/2024,Fourth Street Market,Debit Card DEBIT TRAN FOURTH STREET MARKET LAKEVIEW OH,1.61,Debit,Food & Dining,Convenience,FREE CHECKING,,Debit Card DEBIT TRAN FOURTH STREET MARKET LAKEVIEW OH,FALSE
12/13/2024,Lakeview County Payroll,Deposit LAKEVIEW COUNTY PAYROLL / TYPE: DIRECT DEP ID: XXXXXX4410 CO: LAKEVIEW COUNTY %% ACH ECC PPD,1970.68,Credit,Income,Paycheck,FREE CHECKING,,TYPE: DIRECT DEP ID: XXXXXX4410 CO: LAKEVIEW COUNTY %% ACH ECC PPD,FALSE
12/12/2024,Fourth Street Market,Debit Card DEBIT TRAN FOURTH STREET MARKET LAKEVIEW OH,3.48,Debit,Food & Dining,Convenience,FREE CHECKING,,Debit Card DEBIT TRAN FOURTH STREET MARKET LAKEVIEW OH,FALSE
12/11/2024,Trader Joe's,Debit Card DEBIT TRAN TRADER JOE'S #712 LAKEVIEW OH,47.73,Debit,Food & Dining,Groceries,FREE CHECKING,,Debit Card DEBIT TRAN TRADER JOE'S #712 LAKEVIEW OH,FALSE
12/11/2024,Cvs/Pharmacy,Debit Card DEBIT TRAN CVS/PHARMACY #8812 LAKEVIEW OH,8.29,Debit,Health & Fitness,Pharmacy,FREE CHECKING,,Debit Card DEBIT TRAN CVS/PHARMACY #8812 LAKEVIEW OH,FALSE
12/10/2024,Walgreens,Debit Card DEBIT TRAN WALGREENS #3310 LAKEVIEW OH,20.01,Debit,Health & Fitness,Pharmacy,FREE CHECKING,,Debit Card DEBIT TRAN WALGREENS #3310 LAKEVIEW OH,FALSE
12/10/2024,Sunrise Bodega,Debit Card DEBIT TRAN SUNRISE BODEGA LAKEVIEW OH,4.72,Debit,Food & Dining,Convenience,FREE CHECKING,,Debit Card DEBIT TRAN SUNRISE BODEGA LAKEVIEW OH,FALSE
12/10/2024,Panera Bread,Debit Card DEBIT TRAN PANERA BREAD #601442 LAKEVIEW OH,11.14,Debit,Food & Dining,Restaurants,FREE CHECKING,,Debit Card DEBIT TRAN PANERA BREAD #601442 LAKEVIEW OH,FALSE
12/09/2024,Lakeview Parking,Debit Card DEBIT TRAN LAKEVIEW PARKING LAKEVIEW OH,9.53,Debit,Auto & Transport,Rideshare,FREE CHECKING,,Debit Card DEBIT TRAN LAKEVIEW PARKING LAKEVIEW OH,FALSE
12/09/2024,Fourth Street Market,Debit Card DEBIT TRAN FOURTH STREET MARKET LAKEVIEW OH,5.35,Debit,Food & Dining,Convenience,FREE CHECKING,,Debit Card DEBIT TRAN FOURTH STREET MARKET LAKEVIEW OH,FALSE
12/09/2024,ATM Withdrawal #4471 Fourth Street,ATM Withdrawal #4471 FOURTH STREET LAKEVIEW OH,20.00,Debit,Uncategorized,Cash,FREE CHECKING,,ATM Withdrawal #4471 FOURTH STREET LAKEVIEW OH,FALSE
12/09/2024,ATM Surcharge,ATM Surcharge FOURTH STREET,3.00,Debit,Fees & Charges,ATM Fee,FREE CHECKING,,ATM Surcharge FOURTH STREET,FALSE
12/07/2024,Shake Shack,Debit Card DEBIT TRAN SHAKE SHACK 1120 LAKEVIEW OH,15.99,Debit,Food & Dining,Restaurants,FREE CHECKING,,Debit Card DEBIT TRAN SHAKE SHACK 1120 LAKEVIEW OH,FALSE
12/07/2024,Fourth Street Market,Debit Card DEBIT TRAN FOURTH STREET MARKET LAKEVIEW OH,5.35,Debit,Food & Dining,Convenience,FREE CHECKING,,Debit Card DEBIT TRAN FOURTH STREET MARKET LAKEVIEW OH,FALSE
12/07/2024,Elm & 9Th Convenience,Debit Card DEBIT TRAN ELM & 9TH CONVENIENCE LAKEVIEW OH,5.71,Debit,Food & Dining,Convenience,FREE CHECKING,,Debit Card DEBIT TRAN ELM & 9TH CONVENIENCE LAKEVIEW OH,FALSE
12/07/2024,Chase Credit Card,Withdrawal CHASE CREDIT CRD / TYPE: AUTOPAY ID: XXXXXX8802 CO: CHASE CREDIT CRD %% ACH ECC WEB,215.80,Debit,Transfer,Credit Card Payment,FREE CHECKING,,TYPE: AUTOPAY ID: XXXXXX8802 CO: CHASE CREDIT CRD %% ACH ECC WEB,FALSE
12/07/2024,Cafe Lumen,Debit Card DEBIT TRAN CAFE LUMEN LAKEVIEW OH,5.61,Debit,Food & Dining,Restaurants,FREE CHECKING,,Debit Card DEBIT TRAN CAFE LUMEN LAKEVIEW OH,FALSE
12/05/2024,Zelle to Linda Morgan,Withdrawal ZELLE TO LINDA MORGAN / TYPE: P2P CO: ZELLE %% ACH ECC WEB,240.00,Debit,Transfer,Zelle,FREE CHECKING,,TYPE: P2P CO: ZELLE %% ACH ECC WEB,FALSE
12/05/2024,LaundryCard Reload,Withdrawal LAUNDRYCARD RELOAD / TYPE: PURCHASE CO: LAUNDRYCARD,16.00,Debit,Home,Laundry,FREE CHECKING,,TYPE: PURCHASE CO: LAUNDRYCARD,FALSE
12/05/2024,Chipotle,Debit Card DEBIT TRAN CHIPOTLE 2291 LAKEVIEW OH,10.77,Debit,Food & Dining,Restaurants,FREE CHECKING,,Debit Card DEBIT TRAN CHIPOTLE 2291 LAKEVIEW OH,FALSE
12/04/2024,Wendy's,Debit Card DEBIT TRAN WENDY'S #4471 LAKEVIEW OH,6.65,Debit,Food & Dining,Restaurants,FREE CHECKING,,Debit Card DEBIT TRAN WENDY'S #4471 LAKEVIEW OH,FALSE
12/04/2024,Vanguard Buy,Withdrawal VANGUARD BUY / TYPE: INVESTMENT CO: VMC %% ACH ECC WEB,1200.00,Debit,Investments,Investment,SHARE SAVINGS,,TYPE: INVESTMENT CO: VMC %% ACH ECC WEB,FALSE
12/04/2024,Riverside Quick Stop,Debit Card DEBIT TRAN RIVERSIDE QUICK STOP LAKEVIEW OH,2.85,Debit,Food & Dining,Convenience,FREE CHECKING,,Debit Card DEBIT TRAN RIVERSIDE QUICK STOP LAKEVIEW OH,FALSE
12/04/2024,Lakeview Transit Auth,Debit Card DEBIT TRAN LAKEVIEW TRANSIT AUTH LAKEVIEW OH,2.75,Debit,Auto & Transport,Public Transit,FREE CHECKING,,Debit Card DEBIT TRAN LAKEVIEW TRANSIT AUTH LAKEVIEW OH,FALSE
12/04/2024,Lakeview Transit Auth,Debit Card DEBIT TRAN LAKEVIEW TRANSIT AUTH LAKEVIEW OH,2.75,Debit,Auto & Transport,Public Transit,FREE CHECKING,,Debit Card DEBIT TRAN LAKEVIEW TRANSIT AUTH LAKEVIEW OH,FALSE
12/04/2024,Fourth Street Market,Debit Card DEBIT TRAN FOURTH STREET MARKET LAKEVIEW OH,5.35,Debit,Food & Dining,Convenience,FREE CHECKING,,Debit Card DEBIT TRAN FOURTH STREET MARKET LAKEVIEW OH,FALSE
12/03/2024,Lyft *Ride Sun 1Pm,Debit Card DEBIT TRAN LYFT *RIDE SUN 1PM LAKEVIEW OH,15.19,Debit,Auto & Transport,Rideshare,FREE CHECKING,,Debit Card DEBIT TRAN LYFT *RIDE SUN 1PM LAKEVIEW OH,FALSE
12/03/2024,Fourth Street Market,Debit Card DEBIT TRAN FOURTH STREET MARKET LAKEVIEW OH,1.34,Debit,Food & Dining,Convenience,FREE CHECKING,,Debit Card DEBIT TRAN FOURTH STREET MARKET LAKEVIEW OH,FALSE
12/03/2024,Fourth Street Market,Debit Card DEBIT TRAN FOURTH STREET MARKET LAKEVIEW OH,5.35,Debit,Food & Dining,Convenience,FREE CHECKING,,Debit Card DEBIT TRAN FOURTH STREET MARKET LAKEVIEW OH,FALSE
12/03/2024,Fourth Street Market,Debit Card DEBIT TRAN FOURTH STREET MARKET LAKEVIEW OH,6.96,Debit,Food & Dining,Convenience,FREE CHECKING,,Debit Card DEBIT TRAN FOURTH STREET MARKET LAKEVIEW OH,FALSE
12/03/2024,Fourth Street Market,Debit Card DEBIT TRAN FOURTH STREET MARKET LAKEVIEW OH,3.48,Debit,Food & Dining,Convenience,FREE CHECKING,,Debit Card DEBIT TRAN FOURTH STREET MARKET LAKEVIEW OH,FALSE
12/02/2024,Campus Corner Deli,Debit Card DEBIT TRAN CAMPUS CORNER DELI LAKEVIEW OH,6.90,Debit,Food & Dining,Convenience,FREE CHECKING,,Debit Card DEBIT TRAN CAMPUS CORNER DELI LAKEVIEW OH,FALSE
12/02/2024,Blue Line Snacks,Debit Card DEBIT TRAN BLUE LINE SNACKS LAKEVIEW OH,5.02,Debit,Food & Dining,Convenience,FREE CHECKING,,Debit Card DEBIT TRAN BLUE LINE SNACKS LAKEVIEW OH,FALSE
12/01/2024,Havenbrook Residential,Withdrawal HAVENBROOK RESIDENTIAL / TYPE: RENT ID: XXXXXX2210 CO: HAVENBROOK RES %% ACH ECC PPD,1285.00,Debit,Home,Rent,FREE CHECKING,,TYPE: RENT ID: XXXXXX2210 CO: HAVENBROOK RES %% ACH ECC PPD,FALSE
11/30/2024,Transfer from Account 0072,Transfer from Share 0072,500.00,Credit,Transfer,Transfer,SHARE SAVINGS,,Transfer from Share 0072,FALSE
11/30/2024,Transfer To Share,Transfer To Share 0001,500.00,Debit,Transfer,Transfer,FREE CHECKING,,Transfer To Share 0001,FALSE
11/30/2024,Kroger,Debit Card DEBIT TRAN KROGER #445 LAKEVIEW OH,27.69,Debit,Food & Dining,Groceries,FREE CHECKING,,Debit Card DEBIT TRAN KROGER #445 LAKEVIEW OH,FALSE
11/30/2024,Fourth Street Market,Debit Card DEBIT TRAN FOURTH STREET MARKET LAKEVIEW OH,5.35,Debit,Food & Dining,Convenience,FREE CHECKING,,Debit Card DEBIT TRAN FOURTH STREET MARKET LAKEVIEW OH,FALSE
11/30/2024,Cafe Lumen,Debit Card DEBIT TRAN CAFE LUMEN LAKEVIEW OH,4.36,Debit,Food & Dining,Restaurants,FREE CHECKING,,Debit Card DEBIT TRAN CAFE LUMEN LAKEVIEW OH,FALSE
11/29/2024,Lakeview County Payroll,Deposit LAKEVIEW COUNTY PAYROLL / TYPE: DIRECT DEP ID: XXXXXX4410 CO: LAKEVIEW COUNTY %% ACH ECC PPD,1970.68,Credit,Income,Paycheck,FREE CHECKING,,TYPE: DIRECT DEP ID: XXXXXX4410 CO: LAKEVIEW COUNTY %% ACH ECC PPD,FALSE
11/28/2024,Riverside Quick Stop,Debit Card DEBIT TRAN RIVERSIDE QUICK STOP LAKEVIEW OH,3.90,Debit,Food & Dining,Convenience,FREE CHECKING,,Debit Card DEBIT TRAN RIVERSIDE QUICK STOP LAKEVIEW OH,FALSE
11/28/2024,Cafe Lumen,Debit Card DEBIT TRAN CAFE LUMEN LAKEVIEW OH,6.97,Debit,Food & Dining,Restaurants,FREE CHECKING,,Debit Card DEBIT TRAN CAFE LUMEN LAKEVIEW OH,FALSE
11/27/2024,Vantel Fiber,Withdrawal VANTEL FIBER / TYPE: INTERNET CO: VANTEL FIBER %% ACH ECC WEB,45.00,Debit,Bills & Utilities,Internet,FREE CHECKING,,TYPE: INTERNET CO: VANTEL FIBER %% ACH ECC WEB,FALSE
11/27/2024,Riverside Quick Stop,Debit Card DEBIT TRAN RIVERSIDE QUICK STOP LAKEVIEW OH,5.36,Debit,Food & Dining,Convenience,FREE CHECKING,,Debit Card DEBIT TRAN RIVERSIDE QUICK STOP LAKEVIEW OH,FALSE
11/25/2024,Northline Gas,Withdrawal NORTHLINE GAS / TYPE: GAS BILL CO: NORTHLINE GAS %% ACH ECC CCD,29.22,Debit,Bills & Utilities,Utilities,FREE CHECKING,,TYPE: GAS BILL CO: NORTHLINE GAS %% ACH ECC CCD,FALSE
11/25/2024,Fourth Street Market,Debit Card DEBIT TRAN FOURTH STREET MARKET LAKEVIEW OH,3.48,Debit,Food & Dining,Convenience,FREE CHECKING,,Debit Card DEBIT TRAN FOURTH STREET MARKET LAKEVIEW OH,FALSE
11/25/2024,Chipotle,Debit Card DEBIT TRAN CHIPOTLE 2291 LAKEVIEW OH,15.06,Debit,Food & Dining,Restaurants,FREE CHECKING,,Debit Card DEBIT TRAN CHIPOTLE 2291 LAKEVIEW OH,FALSE
11/24/2024,Transfer to Share 0072,Transfer to Share 0072,200.00,Debit,Transfer,Transfer,SHARE SAVINGS,,Transfer to Share 0072,FALSE
11/24/2024,Transfer from Share 0001,Transfer from Share 0001,200.00,Credit,Transfer,Transfer,FREE CHECKING,,Transfer from Share 0001,FALSE
11/24/2024,Riverside Cinema,Debit Card DEBIT TRAN RIVERSIDE CINEMA LAKEVIEW OH,15.38,Debit,Entertainment,Movies & Music,FREE CHECKING,,Debit Card DEBIT TRAN RIVERSIDE CINEMA LAKEVIEW OH,FALSE
11/24/2024,Fourth Street Market,Debit Card DEBIT TRAN FOURTH STREET MARKET LAKEVIEW OH,3.48,Debit,Food & Dining,Convenience,FREE CHECKING,,Debit Card DEBIT TRAN FOURTH STREET MARKET LAKEVIEW OH,FALSE
11/23/2024,Lyft *Ride Fri 11Pm,Debit Card DEBIT TRAN LYFT *RIDE FRI 11PM LAKEVIEW OH,18.66,Debit,Auto & Transport,Rideshare,FREE CHECKING,,Debit Card DEBIT TRAN LYFT *RIDE FRI 11PM LAKEVIEW OH,FALSE
11/23/2024,Fourth Street Market,Debit Card DEBIT TRAN FOURTH STREET MARKET LAKEVIEW OH,5.35,Debit,Food & Dining,Convenience,FREE CHECKING,,Debit Card DEBIT TRAN FOURTH STREET MARKET LAKEVIEW OH,FALSE
11/22/2024,Fourth Street Market,Debit Card DEBIT TRAN FOURTH STREET MARKET LAKEVIEW OH,1.34,Debit,Food & Dining,Convenience,FREE CHECKING,,Debit Card DEBIT TRAN FOURTH STREET MARKET LAKEVIEW OH,FALSE
11/22/2024,Fourth Street Market,Debit Card DEBIT TRAN FOURTH STREET MARKET LAKEVIEW OH,5.35,Debit,Food & Dining,Convenience,FREE CHECKING,,Debit Card DEBIT TRAN FOURTH STREET MARKET LAKEVIEW OH,FALSE
11/21/2024,Wendy's,Debit Card DEBIT TRAN WENDY'S #4471 LAKEVIEW OH,9.33,Debit,Food & Dining,Restaurants,FREE CHECKING,,Debit Card DEBIT TRAN WENDY'S #4471 LAKEVIEW OH,FALSE
11/21/2024,Fourth Street Market,Debit Card DEBIT TRAN FOURTH STREET MARKET LAKEVIEW OH,1.61,Debit,Food & Dining,Convenience,FREE CHECKING,,Debit Card DEBIT TRAN FOURTH STREET MARKET LAKEVIEW OH,FALSE
11/21/2024,Chipotle,Debit Card DEBIT TRAN CHIPOTLE 2291 LAKEVIEW OH,13.91,Debit,Food & Dining,Restaurants,FREE CHECKING,,Debit Card DEBIT TRAN CHIPOTLE 2291 LAKEVIEW OH,FALSE
11/20/2024,Riverside Quick Stop,Debit Card DEBIT TRAN RIVERSIDE QUICK STOP LAKEVIEW OH,4.96,Debit,Food & Dining,Convenience,FREE CHECKING,,Debit Card DEBIT TRAN RIVERSIDE QUICK STOP LAKEVIEW OH,FALSE
11/20/2024,Riverside Quick Stop,Debit Card DEBIT TRAN RIVERSIDE QUICK STOP LAKEVIEW OH,7.31,Debit,Food & Dining,Convenience,FREE CHECKING,,Debit Card DEBIT TRAN RIVERSIDE QUICK STOP LAKEVIEW OH,FALSE
11/20/2024,Lakeview Power & Light,Withdrawal LAKEVIEW PWR & LIGHT / TYPE: ELECTRIC ID: XXXXXX7002 CO: LAKEVIEW PWR LT %% ACH ECC CCD,70.10,Debit,Bills & Utilities,Utilities,FREE CHECKING,,TYPE: ELECTRIC ID: XXXXXX7002 CO: LAKEVIEW PWR LT %% ACH ECC CCD,FALSE
11/20/2024,Fourth Street Market,Debit Card DEBIT TRAN FOURTH STREET MARKET LAKEVIEW OH,5.35,Debit,Food & Dining,Convenience,FREE CHECKING,,Debit Card DEBIT TRAN FOURTH STREET MARKET LAKEVIEW OH,FALSE
11/20/2024,Chipotle,Debit Card DEBIT TRAN CHIPOTLE 2291 LAKEVIEW OH,12.16,Debit,Food & Dining,Restaurants,FREE CHECKING,,Debit Card DEBIT TRAN CHIPOTLE 2291 LAKEVIEW OH,FALSE
11/19/2024,Lakeview Transit Auth,Debit Card DEBIT TRAN LAKEVIEW TRANSIT AUTH LAKEVIEW OH,2.75,Debit,Auto & Transport,Public Transit,FREE CHECKING,,Debit Card DEBIT TRAN LAKEVIEW TRANSIT AUTH LAKEVIEW OH,FALSE
11/19/2024,Lakeview Transit Auth,Debit Card DEBIT TRAN LAKEVIEW TRANSIT AUTH LAKEVIEW OH,2.75,Debit,Auto & Transport,Public Transit,FREE CHECKING,,Debit Card DEBIT TRAN LAKEVIEW TRANSIT AUTH LAKEVIEW OH,FALSE
11/19/2024,Fourth Street Market,Debit Card DEBIT TRAN FOURTH STREET MARKET LAKEVIEW OH,3.48,Debit,Food & Dining,Convenience,FREE CHECKING,,Debit Card DEBIT TRAN FOURTH STREET MARKET LAKEVIEW OH,FALSE
11/19/2024,Fourth Street Market,Debit Card DEBIT TRAN FOURTH STREET MARKET LAKEVIEW OH,5.35,Debit,Food & Dining,Convenience,FREE CHECKING,,Debit Card DEBIT TRAN FOURTH STREET MARKET LAKEVIEW OH,FALSE
11/19/2024,Cafe Lumen,Debit Card DEBIT TRAN CAFE LUMEN LAKEVIEW OH,7.08,Debit,Food & Dining,Restaurants,FREE CHECKING,,Debit Card DEBIT TRAN CAFE LUMEN LAKEVIEW OH,FALSE
11/18/2024,Trader Joe's,Debit Card DEBIT TRAN TRADER JOE'S #712 LAKEVIEW OH,21.46,Debit,Food & Dining,Groceries,FREE CHECKING,,Debit Card DEBIT TRAN TRADER JOE'S #712 LAKEVIEW OH,FALSE
11/18/2024,Riverside Quick Stop,Debit Card DEBIT TRAN RIVERSIDE QUICK STOP LAKEVIEW OH,4.70,Debit,Food & Dining,Convenience,FREE CHECKING,,Debit Card DEBIT TRAN RIVERSIDE QUICK STOP LAKEVIEW OH,FALSE
11/16/2024,Kroger,Debit Card DEBIT TRAN KROGER #445 LAKEVIEW OH,38.95,Debit,Food & Dining,Groceries,FREE CHECKING,,Debit Card DEBIT TRAN KROGER #445 LAKEVIEW OH,FALSE
11/16/2024,Granite State Servicing,Withdrawal GRANITE STATE SERVICING / TYPE: STUDENT LN ID: XXXXXX2007 CO: GRANITE STATE SVC %% ACH ECC PPD,78.20,Debit,Education,Student Loan,FREE CHECKING,,TYPE: STUDENT LN ID: XXXXXX2007 CO: GRANITE STATE SVC %% ACH ECC PPD,FALSE
11/16/2024,Chase Credit Card,Withdrawal CHASE CREDIT CRD / TYPE: AUTOPAY ID: XXXXXX4417 CO: CHASE CREDIT CRD %% ACH ECC WEB,363.57,Debit,Transfer,Credit Card Payment,FREE CHECKING,,TYPE: AUTOPAY ID: XXXXXX4417 CO: CHASE CREDIT CRD %% ACH ECC WEB,FALSE
11/16/2024,Blue Line Snacks,Debit Card DEBIT TRAN BLUE LINE SNACKS LAKEVIEW OH,5.25,Debit,Food & Dining,Convenience,FREE CHECKING,,Debit Card DEBIT TRAN BLUE LINE SNACKS LAKEVIEW OH,FALSE
11/15/2024,Riverside Quick Stop,Debit Card DEBIT TRAN RIVERSIDE QUICK STOP LAKEVIEW OH,3.13,Debit,Food & Dining,Convenience,FREE CHECKING,,Debit Card DEBIT TRAN RIVERSIDE QUICK STOP LAKEVIEW OH,FALSE
11/15/2024,Lakeview County Payroll,Deposit LAKEVIEW COUNTY PAYROLL / TYPE: DIRECT DEP ID: XXXXXX4410 CO: LAKEVIEW COUNTY %% ACH ECC PPD,1970.68,Credit,Income,Paycheck,FREE CHECKING,,TYPE: DIRECT DEP ID: XXXXXX4410 CO: LAKEVIEW COUNTY %% ACH ECC PPD,FALSE
11/15/2024,Fourth Street Market,Debit Card DEBIT TRAN FOURTH STREET MARKET LAKEVIEW OH,5.35,Debit,Food & Dining,Convenience,FREE CHECKING,,Debit Card DEBIT TRAN FOURTH STREET MARKET LAKEVIEW OH,FALSE
11/14/2024,Trader Joe's,Debit Card DEBIT TRAN TRADER JOE'S #712 LAKEVIEW OH,47.99,Debit,Food & Dining,Groceries,FREE CHECKING,,Debit Card DEBIT TRAN TRADER JOE'S #712 LAKEVIEW OH,FALSE
11/14/2024,Trader Joe's,Debit Card DEBIT TRAN TRADER JOE'S #712 LAKEVIEW OH,21.65,Debit,Food & Dining,Groceries,FREE CHECKING,,Debit Card DEBIT TRAN TRADER JOE'S #712 LAKEVIEW OH,FALSE
11/14/2024,Riverside Quick Stop,Debit Card DEBIT TRAN RIVERSIDE QUICK STOP LAKEVIEW OH,4.69,Debit,Food & Dining,Convenience,FREE CHECKING,,Debit Card DEBIT TRAN RIVERSIDE QUICK STOP LAKEVIEW OH,FALSE
11/14/2024,Fourth Street Market,Debit Card DEBIT TRAN FOURTH STREET MARKET LAKEVIEW OH,3.48,Debit,Food & Dining,Convenience,FREE CHECKING,,Debit Card DEBIT TRAN FOURTH STREET MARKET LAKEVIEW OH,FALSE
11/14/2024,Fourth Street Market,Debit Card DEBIT TRAN FOURTH STREET MARKET LAKEVIEW OH,2.41,Debit,Food & Dining,Convenience,FREE CHECKING,,Debit Card DEBIT TRAN FOURTH STREET MARKET LAKEVIEW OH,FALSE
11/14/2024,Fourth Street Market,Debit Card DEBIT TRAN FOURTH STREET MARKET LAKEVIEW OH,3.48,Debit,Food & Dining,Convenience,FREE CHECKING,,Debit Card DEBIT TRAN FOURTH STREET MARKET LAKEVIEW OH,FALSE
11/13/2024,Fourth Street Market,Debit Card DEBIT TRAN FOURTH STREET MARKET LAKEVIEW OH,3.48,Debit,Food & Dining,Convenience,FREE CHECKING,,Debit Card DEBIT TRAN FOURTH STREET MARKET LAKEVIEW OH,FALSE
11/13/2024,Campus Corner Deli,Debit Card DEBIT TRAN CAMPUS CORNER DELI LAKEVIEW OH,4.79,Debit,Food & Dining,Convenience,FREE CHECKING,,Debit Card DEBIT TRAN CAMPUS CORNER DELI LAKEVIEW OH,FALSE
11/13/2024,Blue Line Snacks,Debit Card DEBIT TRAN BLUE LINE SNACKS LAKEVIEW OH,5.15,Debit,Food & Dining,Convenience,FREE CHECKING,,Debit Card DEBIT TRAN BLUE LINE SNACKS LAKEVIEW OH,FALSE
11/13/2024,Aldi,Debit Card DEBIT TRAN ALDI 71034 LAKEVIEW OH,16.38,Debit,Food & Dining,Groceries,FREE CHECKING,,Debit Card DEBIT TRAN ALDI 71034 LAKEVIEW OH,FALSE
11/11/2024,Fourth Street Market,Debit Card DEBIT TRAN FOURTH STREET MARKET LAKEVIEW OH,5.35,Debit,Food & Dining,Convenience,FREE CHECKING,,Debit Card DEBIT TRAN FOURTH STREET MARKET LAKEVIEW OH,FALSE
11/09/2024,Fourth Street Market,Debit Card DEBIT TRAN FOURTH STREET MARKET LAKEVIEW OH,5.35,Debit,Food & Dining,Convenience,FREE CHECKING,,Debit Card DEBIT TRAN FOURTH STREET MARKET LAKEVIEW OH,FALSE
11/08/2024,Sunfire Taqueria,Debit Card DEBIT TRAN SUNFIRE TAQUERIA LAKEVIEW OH,16.42,Debit,Food & Dining,Restaurants,FREE CHECKING,,Debit Card DEBIT TRAN SUNFIRE TAQUERIA LAKEVIEW OH,FALSE
11/08/2024,Lyft *Ride Sat 2Pm,Debit Card DEBIT TRAN LYFT *RIDE SAT 2PM LAKEVIEW OH,15.05,Debit,Auto & Transport,Rideshare,FREE CHECKING,,Debit Card DEBIT TRAN LYFT *RIDE SAT 2PM LAKEVIEW OH,FALSE
11/07/2024,Northgate Express Mart,Debit Card DEBIT TRAN NORTHGATE EXPRESS MART LAKEVIEW OH,6.97,Debit,Food & Dining,Convenience,FREE CHECKING,,Debit Card DEBIT TRAN NORTHGATE EXPRESS MART LAKEVIEW OH,FALSE
11/07/2024,Kroger,Debit Card DEBIT TRAN KROGER #445 LAKEVIEW OH,47.48,Debit,Food & Dining,Groceries,FREE CHECKING,,Debit Card DEBIT TRAN KROGER #445 LAKEVIEW OH,FALSE
11/07/2024,Fourth Street Market,Debit Card DEBIT TRAN FOURTH STREET MARKET LAKEVIEW OH,5.35,Debit,Food & Dining,Convenience,FREE CHECKING,,Debit Card DEBIT TRAN FOURTH STREET MARKET LAKEVIEW OH,FALSE
11/07/2024,Chase Credit Card,Withdrawal CHASE CREDIT CRD / TYPE: AUTOPAY ID: XXXXXX8802 CO: CHASE CREDIT CRD %% ACH ECC WEB,23.80,Debit,Transfer,Credit Card Payment,FREE CHECKING,,TYPE: AUTOPAY ID: XXXXXX8802 CO: CHASE CREDIT CRD %% ACH ECC WEB,FALSE
11/06/2024,ATM Withdrawal Lakeshore CU,ATM Withdrawal LAKESHORE CU MAIN ST LAKEVIEW OH,40.00,Debit,Uncategorized,Cash,FREE CHECKING,,ATM Withdrawal LAKESHORE CU MAIN ST LAKEVIEW OH,FALSE
11/05/2024,Zelle to Linda Morgan,Withdrawal ZELLE TO LINDA MORGAN / TYPE: P2P CO: ZELLE %% ACH ECC WEB,120.00,Debit,Transfer,Zelle,FREE CHECKING,,TYPE: P2P CO: ZELLE %% ACH ECC WEB,FALSE
11/05/2024,LaundryCard Reload,Withdrawal LAUNDRYCARD RELOAD / TYPE: PURCHASE CO: LAUNDRYCARD,16.00,Debit,Home,Laundry,FREE CHECKING,,TYPE: PURCHASE CO: LAUNDRYCARD,FALSE
11/05/2024,Fourth Street Market,Debit Card DEBIT TRAN FOURTH STREET MARKET LAKEVIEW OH,5.35,Debit,Food & Dining,Convenience,FREE CHECKING,,Debit Card DEBIT TRAN FOURTH STREET MARKET LAKEVIEW OH,FALSE
11/03/2024,Vanguard Buy,Withdrawal VANGUARD BUY / TYPE: INVESTMENT CO: VMC %% ACH ECC WEB,1000.00,Debit,Investments,Investment,SHARE SAVINGS,,TYPE: INVESTMENT CO: VMC %% ACH ECC WEB,FALSE
11/03/2024,Fourth Street Market,Debit Card DEBIT TRAN FOURTH STREET MARKET LAKEVIEW OH,5.35,Debit,Food & Dining,Convenience,FREE CHECKING,,Debit Card DEBIT TRAN FOURTH STREET MARKET LAKEVIEW OH,FALSE
11/02/2024,Bandcamp,Debit Card DEBIT TRAN BANDCAMP LAKEVIEW OH,9.59,Debit,Entertainment,Movies & Music,FREE CHECKING,,Debit Card DEBIT TRAN BANDCAMP LAKEVIEW OH,FALSE
11/01/2024,Transfer to Venmo,Withdrawal VENMO / TYPE: PAYMENT CO: VENMO %% ACH ECC WEB,35.30,Debit,Transfer,Venmo,FREE CHECKING,,TYPE: PAYMENT CO: VENMO %% ACH ECC WEB,FALSE
11/01/2024,Target,Debit Card DEBIT TRAN TARGET 00028215 LAKEVIEW OH,53.91,Debit,Shopping,General Merchandise,FREE CHECKING,,Debit Card DEBIT TRAN TARGET 00028215 LAKEVIEW OH,FALSE
11/01/2024,Lakeview County Payroll,Deposit LAKEVIEW COUNTY PAYROLL / TYPE: DIRECT DEP ID: XXXXXX4410 CO: LAKEVIEW COUNTY %% ACH ECC PPD,1970.68,Credit,Income,Paycheck,FREE CHECKING,,TYPE: DIRECT DEP ID: XXXXXX4410 CO: LAKEVIEW COUNTY %% ACH ECC PPD,FALSE
11/01/2024,Havenbrook Residential,Withdrawal HAVENBROOK RESIDENTIAL / TYPE: RENT ID: XXXXXX2210 CO: HAVENBROOK RES %% ACH ECC PPD,1285.00,Debit,Home,Rent,FREE CHECKING,,TYPE: RENT ID: XXXXXX2210 CO: HAVENBROOK RES %% ACH ECC PPD,FALSE
10/31/2024,Transfer from Account 0072,Transfer from Share 0072,400.00,Credit,Transfer,Transfer,SHARE SAVINGS,,Transfer from Share 0072,FALSE
10/31/2024,Transfer To Share,Transfer To Share 0001,400.00,Debit,Transfer,Transfer,FREE CHECKING,,Transfer To Share 0001,FALSE
10/30/2024,Kroger,Debit Card DEBIT TRAN KROGER #445 LAKEVIEW OH,36.68,Debit,Food & Dining,Groceries,FREE CHECKING,,Debit Card DEBIT TRAN KROGER #445 LAKEVIEW OH,FALSE
10/29/2024,Amc Theatres,Debit Card DEBIT TRAN AMC THEATRES #2255 LAKEVIEW OH,15.21,Debit,Entertainment,Movies & Music,FREE CHECKING,,Debit Card DEBIT TRAN AMC THEATRES #2255 LAKEVIEW OH,FALSE
10/28/2024,Panera Bread,Debit Card DEBIT TRAN PANERA BREAD #601442 LAKEVIEW OH,11.01,Debit,Food & Dining,Restaurants,FREE CHECKING,,Debit Card DEBIT TRAN PANERA BREAD #601442 LAKEVIEW OH,FALSE
10/28/2024,Northgate Express Mart,Debit Card DEBIT TRAN NORTHGATE EXPRESS MART LAKEVIEW OH,5.32,Debit,Food & Dining,Convenience,FREE CHECKING,,Debit Card DEBIT TRAN NORTHGATE EXPRESS MART LAKEVIEW OH,FALSE
10/28/2024,Fourth Street Market,Debit Card DEBIT TRAN FOURTH STREET MARKET LAKEVIEW OH,1.61,Debit,Food & Dining,Convenience,FREE CHECKING,,Debit Card DEBIT TRAN FOURTH STREET MARKET LAKEVIEW OH,FALSE
10/28/2024,Elm & 9Th Convenience,Debit Card DEBIT TRAN ELM & 9TH CONVENIENCE LAKEVIEW OH,3.88,Debit,Food & Dining,Convenience,FREE CHECKING,,Debit Card DEBIT TRAN ELM & 9TH CONVENIENCE LAKEVIEW OH,FALSE
10/27/2024,Vantel Fiber,Withdrawal VANTEL FIBER / TYPE: INTERNET CO: VANTEL FIBER %% ACH ECC WEB,45.00,Debit,Bills & Utilities,Internet,FREE CHECKING,,TYPE: INTERNET CO: VANTEL FIBER %% ACH ECC WEB,FALSE
10/27/2024,Kroger,Debit Card DEBIT TRAN KROGER #445 LAKEVIEW OH,35.74,Debit,Food & Dining,Groceries,FREE CHECKING,,Debit Card DEBIT TRAN KROGER #445 LAKEVIEW OH,FALSE
10/27/2024,Fourth Street Market,Debit Card DEBIT TRAN FOURTH STREET MARKET LAKEVIEW OH,5.35,Debit,Food & Dining,Convenience,FREE CHECKING,,Debit Card DEBIT TRAN FOURTH STREET MARKET LAKEVIEW OH,FALSE
10/27/2024,Domino's,Debit Card DEBIT TRAN DOMINO'S 5512 LAKEVIEW OH,11.09,Debit,Food & Dining,Restaurants,FREE CHECKING,,Debit Card DEBIT TRAN DOMINO'S 5512 LAKEVIEW OH,FALSE
10/27/2024,Corner Books Lakeview,Debit Card DEBIT TRAN CORNER BOOKS LAKEVIEW LAKEVIEW OH,10.90,Debit,Entertainment,Movies & Music,FREE CHECKING,,Debit Card DEBIT TRAN CORNER BOOKS LAKEVIEW LAKEVIEW OH,FALSE
10/27/2024,Aldi,Debit Card DEBIT TRAN ALDI 71034 LAKEVIEW OH,28.42,Debit,Food & Dining,Groceries,FREE CHECKING,,Debit Card DEBIT TRAN ALDI 71034 LAKEVIEW OH,FALSE
10/26/2024,Blue Line Snacks,Debit Card DEBIT TRAN BLUE LINE SNACKS LAKEVIEW OH,2.67,Debit,Food & Dining,Convenience,FREE CHECKING,,Debit Card DEBIT TRAN BLUE LINE SNACKS LAKEVIEW OH,FALSE
10/25/2024,Northline Gas,Withdrawal NORTHLINE GAS / TYPE: GAS BILL CO: NORTHLINE GAS %% ACH ECC CCD,19.79,Debit,Bills & Utilities,Utilities,FREE CHECKING,,TYPE: GAS BILL CO: NORTHLINE GAS %% ACH ECC CCD,FALSE
10/25/2024,Lyft *Ride Sun 1Pm,Debit Card DEBIT TRAN LYFT *RIDE SUN 1PM LAKEVIEW OH,11.18,Debit,Auto & Transport,Rideshare,FREE CHECKING,,Debit Card DEBIT TRAN LYFT *RIDE SUN 1PM LAKEVIEW OH,FALSE
10/25/2024,Fourth Street Market,Debit Card DEBIT TRAN FOURTH STREET MARKET LAKEVIEW OH,2.41,Debit,Food & Dining,Convenience,FREE CHECKING,,Debit Card DEBIT TRAN FOURTH STREET MARKET LAKEVIEW OH,FALSE
10/25/2024,Fourth Street Market,Debit Card DEBIT TRAN FOURTH STREET MARKET LAKEVIEW OH,5.35,Debit,Food & Dining,Convenience,FREE CHECKING,,Debit Card DEBIT TRAN FOURTH STREET MARKET LAKEVIEW OH,FALSE
10/25/2024,Fourth Street Market,Debit Card DEBIT TRAN FOURTH STREET MARKET LAKEVIEW OH,3.48,Debit,Food & Dining,Convenience,FREE CHECKING,,Debit Card DEBIT TRAN FOURTH STREET MARKET LAKEVIEW OH,FALSE
10/25/2024,Cvs/Pharmacy,Debit Card DEBIT TRAN CVS/PHARMACY #8812 LAKEVIEW OH,15.44,Debit,Health & Fitness,Pharmacy,FREE CHECKING,,Debit Card DEBIT TRAN CVS/PHARMACY #8812 LAKEVIEW OH,FALSE
10/24/2024,Lakeview Transit Auth,Debit Card DEBIT TRAN LAKEVIEW TRANSIT AUTH LAKEVIEW OH,2.75,Debit,Auto & Transport,Public Transit,FREE CHECKING,,Debit Card DEBIT TRAN LAKEVIEW TRANSIT AUTH LAKEVIEW OH,FALSE
10/24/2024,Lakeview Transit Auth,Debit Card DEBIT TRAN LAKEVIEW TRANSIT AUTH LAKEVIEW OH,2.75,Debit,Auto & Transport,Public Transit,FREE CHECKING,,Debit Card DEBIT TRAN LAKEVIEW TRANSIT AUTH LAKEVIEW OH,FALSE
10/22/2024,Riverside Quick Stop,Debit Card DEBIT TRAN RIVERSIDE QUICK STOP LAKEVIEW OH,6.18,Debit,Food & Dining,Convenience,FREE CHECKING,,Debit Card DEBIT TRAN RIVERSIDE QUICK STOP LAKEVIEW OH,FALSE
10/21/2024,Fourth Street Market,Debit Card DEBIT TRAN FOURTH STREET MARKET LAKEVIEW OH,3.48,Debit,Food & Dining,Convenience,FREE CHECKING,,Debit Card DEBIT TRAN FOURTH STREET MARKET LAKEVIEW OH,FALSE
10/21/2024,Fourth Street Market,Debit Card DEBIT TRAN FOURTH STREET MARKET LAKEVIEW OH,5.35,Debit,Food & Dining,Convenience,FREE CHECKING,,Debit Card DEBIT TRAN FOURTH STREET MARKET LAKEVIEW OH,FALSE
10/20/2024,Sunfire Taqueria,Debit Card DEBIT TRAN SUNFIRE TAQUERIA LAKEVIEW OH,19.91,Debit,Food & Dining,Restaurants,FREE CHECKING,,Debit Card DEBIT TRAN SUNFIRE TAQUERIA LAKEVIEW OH,FALSE
10/20/2024,Lakeview Power & Light,Withdrawal LAKEVIEW PWR & LIGHT / TYPE: ELECTRIC ID: XXXXXX7002 CO: LAKEVIEW PWR LT %% ACH ECC CCD,83.02,Debit,Bills & Utilities,Utilities,FREE CHECKING,,TYPE: ELECTRIC ID: XXXXXX7002 CO: LAKEVIEW PWR LT %% ACH ECC CCD,FALSE
10/20/2024,Fourth Street Market,Debit Card DEBIT TRAN FOURTH STREET MARKET LAKEVIEW OH,5.62,Debit,Food & Dining,Convenience,FREE CHECKING,,Debit Card DEBIT TRAN FOURTH STREET MARKET LAKEVIEW OH,FALSE
10/20/2024,Fourth Street Market,Debit Card DEBIT TRAN FOURTH STREET MARKET LAKEVIEW OH,6.69,Debit,Food & Dining,Convenience,FREE CHECKING,,Debit Card DEBIT TRAN FOURTH STREET MARKET LAKEVIEW OH,FALSE
10/20/2024,Cornerstone Life Ins Prem,Withdrawal CORNERSTONE LIFE INS PREM / TYPE: PREMIUM CO: CORNERSTONE LIFE %% ACH ECC PPD,93.00,Debit,Financial,Life Insurance,FREE CHECKING,,TYPE: PREMIUM CO: CORNERSTONE LIFE %% ACH ECC PPD,FALSE
10/20/2024,Cafe Lumen,Debit Card DEBIT TRAN CAFE LUMEN LAKEVIEW OH,7.47,Debit,Food & Dining,Restaurants,FREE CHECKING,,Debit Card DEBIT TRAN CAFE LUMEN LAKEVIEW OH,FALSE
10/19/2024,Domino's,Debit Card DEBIT TRAN DOMINO'S 5512 LAKEVIEW OH,16.37,Debit,Food & Dining,Restaurants,FREE CHECKING,,Debit Card DEBIT TRAN DOMINO'S 5512 LAKEVIEW OH,FALSE
10/19/2024,Corner Books Lakeview,Debit Card DEBIT TRAN CORNER BOOKS LAKEVIEW LAKEVIEW OH,19.41,Debit,Entertainment,Movies & Music,FREE CHECKING,,Debit Card DEBIT TRAN CORNER BOOKS LAKEVIEW LAKEVIEW OH,FALSE
10/18/2024,Trader Joe's,Debit Card DEBIT TRAN TRADER JOE'S #712 LAKEVIEW OH,47.84,Debit,Food & Dining,Groceries,FREE CHECKING,,Debit Card DEBIT TRAN TRADER JOE'S #712 LAKEVIEW OH,FALSE
10/18/2024,Target,Debit Card DEBIT TRAN TARGET 00028215 LAKEVIEW OH,57.76,Debit,Shopping,General Merchandise,FREE CHECKING,,Debit Card DEBIT TRAN TARGET 00028215 LAKEVIEW OH,FALSE
10/18/2024,Riverside Quick Stop,Debit Card DEBIT TRAN RIVERSIDE QUICK STOP LAKEVIEW OH,5.59,Debit,Food & Dining,Convenience,FREE CHECKING,,Debit Card DEBIT TRAN RIVERSIDE QUICK STOP LAKEVIEW OH,FALSE
10/18/2024,Panera Bread,Debit Card DEBIT TRAN PANERA BREAD #601442 LAKEVIEW OH,14.14,Debit,Food & Dining,Restaurants,FREE CHECKING,,Debit Card DEBIT TRAN PANERA BREAD #601442 LAKEVIEW OH,FALSE
10/18/2024,Lakeview Transit Auth,Debit Card DEBIT TRAN LAKEVIEW TRANSIT AUTH LAKEVIEW OH,2.75,Debit,Auto & Transport,Public Transit,FREE CHECKING,,Debit Card DEBIT TRAN LAKEVIEW TRANSIT AUTH LAKEVIEW OH,FALSE
10/18/2024,Lakeview Transit Auth,Debit Card DEBIT TRAN LAKEVIEW TRANSIT AUTH LAKEVIEW OH,2.75,Debit,Auto & Transport,Public Transit,FREE CHECKING,,Debit Card DEBIT TRAN LAKEVIEW TRANSIT AUTH LAKEVIEW OH,FALSE
10/18/2024,Lakeview County Payroll,Deposit LAKEVIEW COUNTY PAYROLL / TYPE: DIRECT DEP ID: XXXXXX4410 CO: LAKEVIEW COUNTY %% ACH ECC PPD,1970.68,Credit,Income,Paycheck,FREE CHECKING,,TYPE: DIRECT DEP ID: XXXXXX4410 CO: LAKEVIEW COUNTY %% ACH ECC PPD,FALSE
10/18/2024,Cafe Lumen,Debit Card DEBIT TRAN CAFE LUMEN LAKEVIEW OH,5.13,Debit,Food & Dining,Restaurants,FREE CHECKING,,Debit Card DEBIT TRAN CAFE LUMEN LAKEVIEW OH,FALSE
10/17/2024,Lakeview Pho House,Debit Card DEBIT TRAN LAKEVIEW PHO HOUSE LAKEVIEW OH,19.31,Debit,Food & Dining,Restaurants,FREE CHECKING,,Debit Card DEBIT TRAN LAKEVIEW PHO HOUSE LAKEVIEW OH,FALSE
10/17/2024,Fourth Street Market,Debit Card DEBIT TRAN FOURTH STREET MARKET LAKEVIEW OH,1.61,Debit,Food & Dining,Convenience,FREE CHECKING,,Debit Card DEBIT TRAN FOURTH STREET MARKET LAKEVIEW OH,FALSE
10/17/2024,Fourth Street Market,Debit Card DEBIT TRAN FOURTH STREET MARKET LAKEVIEW OH,3.48,Debit,Food & Dining,Convenience,FREE CHECKING,,Debit Card DEBIT TRAN FOURTH STREET MARKET LAKEVIEW OH,FALSE
10/16/2024,Granite State Servicing,Withdrawal GRANITE STATE SERVICING / TYPE: STUDENT LN ID: XXXXXX2007 CO: GRANITE STATE SVC %% ACH ECC PPD,78.20,Debit,Education,Student Loan,FREE CHECKING,,TYPE: STUDENT LN ID: XXXXXX2007 CO: GRANITE STATE SVC %% ACH ECC PPD,FALSE
10/16/2024,Fourth Street Market,Debit Card DEBIT TRAN FOURTH STREET MARKET LAKEVIEW OH,5.35,Debit,Food & Dining,Convenience,FREE CHECKING,,Debit Card DEBIT TRAN FOURTH STREET MARKET LAKEVIEW OH,FALSE
10/16/2024,Chase Credit Card,Withdrawal CHASE CREDIT CRD / TYPE: AUTOPAY ID: XXXXXX4417 CO: CHASE CREDIT CRD %% ACH ECC WEB,367.52,Debit,Transfer,Credit Card Payment,FREE CHECKING,,TYPE: AUTOPAY ID: XXXXXX4417 CO: CHASE CREDIT CRD %% ACH ECC WEB,FALSE
10/15/2024,Transfer to Venmo,Withdrawal VENMO / TYPE: PAYMENT CO: VENMO %% ACH ECC WEB,6.00,Debit,Transfer,Venmo,FREE CHECKING,,TYPE: PAYMENT CO: VENMO %% ACH ECC WEB,FALSE
10/15/2024,Fourth Street Market,Debit Card DEBIT TRAN FOURTH STREET MARKET LAKEVIEW OH,5.35,Debit,Food & Dining,Convenience,FREE CHECKING,,Debit Card DEBIT TRAN FOURTH STREET MARKET LAKEVIEW OH,FALSE
10/15/2024,Fourth Street Market,Debit Card DEBIT TRAN FOURTH STREET MARKET LAKEVIEW OH,5.35,Debit,Food & Dining,Convenience,FREE CHECKING,,Debit Card DEBIT TRAN FOURTH STREET MARKET LAKEVIEW OH,FALSE
10/15/2024,Fourth Street Market,Debit Card DEBIT TRAN FOURTH STREET MARKET LAKEVIEW OH,5.35,Debit,Food & Dining,Convenience,FREE CHECKING,,Debit Card DEBIT TRAN FOURTH STREET MARKET LAKEVIEW OH,FALSE
10/14/2024,Riverside Cinema,Debit Card DEBIT TRAN RIVERSIDE CINEMA LAKEVIEW OH,14.44,Debit,Entertainment,Movies & Music,FREE CHECKING,,Debit Card DEBIT TRAN RIVERSIDE CINEMA LAKEVIEW OH,FALSE
10/12/2024,Transfer to Venmo,Withdrawal VENMO / TYPE: PAYMENT CO: VENMO %% ACH ECC WEB,27.00,Debit,Transfer,Venmo,FREE CHECKING,,TYPE: PAYMENT CO: VENMO %% ACH ECC WEB,FALSE
10/12/2024,Blue Line Snacks,Debit Card DEBIT TRAN BLUE LINE SNACKS LAKEVIEW OH,4.74,Debit,Food & Dining,Convenience,FREE CHECKING,,Debit Card DEBIT TRAN BLUE LINE SNACKS LAKEVIEW OH,FALSE
10/11/2024,Lakeview Pho House,Debit Card DEBIT TRAN LAKEVIEW PHO HOUSE LAKEVIEW OH,17.08,Debit,Food & Dining,Restaurants,FREE CHECKING,,Debit Card DEBIT TRAN LAKEVIEW PHO HOUSE LAKEVIEW OH,FALSE
10/11/2024,Lakeview Parking,Debit Card DEBIT TRAN LAKEVIEW PARKING LAKEVIEW OH,9.33,Debit,Auto & Transport,Rideshare,FREE CHECKING,,Debit Card DEBIT TRAN LAKEVIEW PARKING LAKEVIEW OH,FALSE
10/11/2024,Fourth Street Market,Debit Card DEBIT TRAN FOURTH STREET MARKET LAKEVIEW OH,3.48,Debit,Food & Dining,Convenience,FREE CHECKING,,Debit Card DEBIT TRAN FOURTH STREET MARKET LAKEVIEW OH,FALSE
10/10/2024,Trader Joe's,Debit Card DEBIT TRAN TRADER JOE'S #712 LAKEVIEW OH,20.36,Debit,Food & Dining,Groceries,FREE CHECKING,,Debit Card DEBIT TRAN TRADER JOE'S #712 LAKEVIEW OH,FALSE
10/10/2024,Sunfire Taqueria,Debit Card DEBIT TRAN SUNFIRE TAQUERIA LAKEVIEW OH,18.91,Debit,Food & Dining,Restaurants,FREE CHECKING,,Debit Card DEBIT TRAN SUNFIRE TAQUERIA LAKEVIEW OH,FALSE
10/09/2024,Transfer to Venmo,Withdrawal VENMO / TYPE: PAYMENT CO: VENMO %% ACH ECC WEB,35.61,Debit,Transfer,Venmo,FREE CHECKING,,TYPE: PAYMENT CO: VENMO %% ACH ECC WEB,FALSE
10/09/2024,Riverside Quick Stop,Debit Card DEBIT TRAN RIVERSIDE QUICK STOP LAKEVIEW OH,3.57,Debit,Food & Dining,Convenience,FREE CHECKING,,Debit Card DEBIT TRAN RIVERSIDE QUICK STOP LAKEVIEW OH,FALSE
10/09/2024,Northgate Express Mart,Debit Card DEBIT TRAN NORTHGATE EXPRESS MART LAKEVIEW OH,3.29,Debit,Food & Dining,Convenience,FREE CHECKING,,Debit Card DEBIT TRAN NORTHGATE EXPRESS MART LAKEVIEW OH,FALSE
10/09/2024,Kroger,Debit Card DEBIT TRAN KROGER #445 LAKEVIEW OH,38.56,Debit,Food & Dining,Groceries,FREE CHECKING,,Debit Card DEBIT TRAN KROGER #445 LAKEVIEW OH,FALSE
10/09/2024,Elm & 9Th Convenience,Debit Card DEBIT TRAN ELM & 9TH CONVENIENCE LAKEVIEW OH,5.85,Debit,Food & Dining,Convenience,FREE CHECKING,,Debit Card DEBIT TRAN ELM & 9TH CONVENIENCE LAKEVIEW OH,FALSE
10/09/2024,Elm & 9Th Convenience,Debit Card DEBIT TRAN ELM & 9TH CONVENIENCE LAKEVIEW OH,5.76,Debit,Food & Dining,Convenience,FREE CHECKING,,Debit Card DEBIT TRAN ELM & 9TH CONVENIENCE LAKEVIEW OH,FALSE
10/07/2024,Wendy's,Debit Card DEBIT TRAN WENDY'S #4471 LAKEVIEW OH,6.41,Debit,Food & Dining,Restaurants,FREE CHECKING,,Debit Card DEBIT TRAN WENDY'S #4471 LAKEVIEW OH,FALSE
10/07/2024,Chase Credit Card,Withdrawal CHASE CREDIT CRD / TYPE: AUTOPAY ID: XXXXXX8802 CO: CHASE CREDIT CRD %% ACH ECC WEB,23.80,Debit,Transfer,Credit Card Payment,FREE CHECKING,,TYPE: AUTOPAY ID: XXXXXX8802 CO: CHASE CREDIT CRD %% ACH ECC WEB,FALSE
10/06/2024,Vanguard Buy,Withdrawal VANGUARD BUY / TYPE: INVESTMENT CO: VMC %% ACH ECC WEB,1000.00,Debit,Investments,Investment,SHARE SAVINGS,,TYPE: INVESTMENT CO: VMC %% ACH ECC WEB,FALSE
10/06/2024,Riverside Quick Stop,Debit Card DEBIT TRAN RIVERSIDE QUICK STOP LAKEVIEW OH,4.04,Debit,Food & Dining,Convenience,FREE CHECKING,,Debit Card DEBIT TRAN RIVERSIDE QUICK STOP LAKEVIEW OH,FALSE
10/06/2024,Elm & 9Th Convenience,Debit Card DEBIT TRAN ELM & 9TH CONVENIENCE LAKEVIEW OH,5.40,Debit,Food & Dining,Convenience,FREE CHECKING,,Debit Card DEBIT TRAN ELM & 9TH CONVENIENCE LAKEVIEW OH,FALSE
10/06/2024,ATM Withdrawal Lakeshore CU,ATM Withdrawal LAKESHORE CU MAIN ST LAKEVIEW OH,40.00,Debit,Uncategorized,Cash,FREE CHECKING,,ATM Withdrawal LAKESHORE CU MAIN ST LAKEVIEW OH,FALSE
10/06/2024,ATM Withdrawal #4471 Fourth Street,ATM Withdrawal #4471 FOURTH STREET LAKEVIEW OH,20.00,Debit,Uncategorized,Cash,FREE CHECKING,,ATM Withdrawal #4471 FOURTH STREET LAKEVIEW OH,FALSE
10/06/2024,ATM Surcharge,ATM Surcharge FOURTH STREET,3.00,Debit,Fees & Charges,ATM Fee,FREE CHECKING,,ATM Surcharge FOURTH STREET,FALSE
10/05/2024,Zelle to Linda Morgan,Withdrawal ZELLE TO LINDA MORGAN / TYPE: P2P CO: ZELLE %% ACH ECC WEB,120.00,Debit,Transfer,Zelle,FREE CHECKING,,TYPE: P2P CO: ZELLE %% ACH ECC WEB,FALSE
10/05/2024,LaundryCard Reload,Withdrawal LAUNDRYCARD RELOAD / TYPE: PURCHASE CO: LAUNDRYCARD,16.00,Debit,Home,Laundry,FREE CHECKING,,TYPE: PURCHASE CO: LAUNDRYCARD,FALSE
10/04/2024,Starbucks,Debit Card DEBIT TRAN STARBUCKS #22910 LAKEVIEW OH,5.07,Debit,Food & Dining,Restaurants,FREE CHECKING,,Debit Card DEBIT TRAN STARBUCKS #22910 LAKEVIEW OH,FALSE
10/04/2024,Riverside Quick Stop,Debit Card DEBIT TRAN RIVERSIDE QUICK STOP LAKEVIEW OH,7.83,Debit,Food & Dining,Convenience,FREE CHECKING,,Debit Card DEBIT TRAN RIVERSIDE QUICK STOP LAKEVIEW OH,FALSE
10/04/2024,Lakeview County Payroll,Deposit LAKEVIEW COUNTY PAYROLL / TYPE: DIRECT DEP ID: XXXXXX4410 CO: LAKEVIEW COUNTY %% ACH ECC PPD,1970.68,Credit,Income,Paycheck,FREE CHECKING,,TYPE: DIRECT DEP ID: XXXXXX4410 CO: LAKEVIEW COUNTY %% ACH ECC PPD,FALSE
10/04/2024,Kroger,Debit Card DEBIT TRAN KROGER #445 LAKEVIEW OH,38.40,Debit,Food & Dining,Groceries,FREE CHECKING,,Debit Card DEBIT TRAN KROGER #445 LAKEVIEW OH,FALSE
10/04/2024,Fourth Street Market,Debit Card DEBIT TRAN FOURTH STREET MARKET LAKEVIEW OH,3.48,Debit,Food & Dining,Convenience,FREE CHECKING,,Debit Card DEBIT TRAN FOURTH STREET MARKET LAKEVIEW OH,FALSE
10/02/2024,Lakeview Parking,Debit Card DEBIT TRAN LAKEVIEW PARKING LAKEVIEW OH,7.03,Debit,Auto & Transport,Rideshare,FREE CHECKING,,Debit Card DEBIT TRAN LAKEVIEW PARKING LAKEVIEW OH,FALSE
10/02/2024,Fourth Street Market,Debit Card DEBIT TRAN FOURTH STREET MARKET LAKEVIEW OH,1.61,Debit,Food & Dining,Convenience,FREE CHECKING,,Debit Card DEBIT TRAN FOURTH STREET MARKET LAKEVIEW OH,FALSE
10/02/2024,Fourth Street Market,Debit Card DEBIT TRAN FOURTH STREET MARKET LAKEVIEW OH,5.35,Debit,Food & Dining,Convenience,FREE CHECKING,,Debit Card DEBIT TRAN FOURTH STREET MARKET LAKEVIEW OH,FALSE
10/01/2024,Lakeview Transit Auth,Debit Card DEBIT TRAN LAKEVIEW TRANSIT AUTH LAKEVIEW OH,2.75,Debit,Auto & Transport,Public Transit,FREE CHECKING,,Debit Card DEBIT TRAN LAKEVIEW TRANSIT AUTH LAKEVIEW OH,FALSE
10/01/2024,Lakeview Transit Auth,Debit Card DEBIT TRAN LAKEVIEW TRANSIT AUTH LAKEVIEW OH,2.75,Debit,Auto & Transport,Public Transit,FREE CHECKING,,Debit Card DEBIT TRAN LAKEVIEW TRANSIT AUTH LAKEVIEW OH,FALSE
10/01/2024,Kroger,Debit Card DEBIT TRAN KROGER #445 LAKEVIEW OH,30.85,Debit,Food & Dining,Groceries,FREE CHECKING,,Debit Card DEBIT TRAN KROGER #445 LAKEVIEW OH,FALSE
10/01/2024,Havenbrook Residential,Withdrawal HAVENBROOK RESIDENTIAL / TYPE: RENT ID: XXXXXX2210 CO: HAVENBROOK RES %% ACH ECC PPD,1285.00,Debit,Home,Rent,FREE CHECKING,,TYPE: RENT ID: XXXXXX2210 CO: HAVENBROOK RES %% ACH ECC PPD,FALSE
10/01/2024,Fourth Street Market,Debit Card DEBIT TRAN FOURTH STREET MARKET LAKEVIEW OH,3.48,Debit,Food & Dining,Convenience,FREE CHECKING,,Debit Card DEBIT TRAN FOURTH STREET MARKET LAKEVIEW OH,FALSE
10/01/2024,Blue Line Snacks,Debit Card DEBIT TRAN BLUE LINE SNACKS LAKEVIEW OH,3.61,Debit,Food & Dining,Convenience,FREE CHECKING,,Debit Card DEBIT TRAN BLUE LINE SNACKS LAKEVIEW OH,FALSE
09/30/2024,Transfer from Account 0072,Transfer from Share 0072,750.00,Credit,Transfer,Transfer,SHARE SAVINGS,,Transfer from Share 0072,FALSE
09/30/2024,Transfer To Share,Transfer To Share 0001,750.00,Debit,Transfer,Transfer,FREE CHECKING,,Transfer To Share 0001,FALSE
09/30/2024,Fourth Street Market,Debit Card DEBIT TRAN FOURTH STREET MARKET LAKEVIEW OH,5.35,Debit,Food & Dining,Convenience,FREE CHECKING,,Debit Card DEBIT TRAN FOURTH STREET MARKET LAKEVIEW OH,FALSE
09/29/2024,Transfer to Venmo,Withdrawal VENMO / TYPE: PAYMENT CO: VENMO %% ACH ECC WEB,18.50,Debit,Transfer,Venmo,FREE CHECKING,,TYPE: PAYMENT CO: VENMO %% ACH ECC WEB,FALSE
09/29/2024,Fourth Street Market,Debit Card DEBIT TRAN FOURTH STREET MARKET LAKEVIEW OH,5.35,Debit,Food & Dining,Convenience,FREE CHECKING,,Debit Card DEBIT TRAN FOURTH STREET MARKET LAKEVIEW OH,FALSE
09/28/2024,Starbucks,Debit Card DEBIT TRAN STARBUCKS #22910 LAKEVIEW OH,5.11,Debit,Food & Dining,Restaurants,FREE CHECKING,,Debit Card DEBIT TRAN STARBUCKS #22910 LAKEVIEW OH,FALSE
09/28/2024,Fourth Street Market,Debit Card DEBIT TRAN FOURTH STREET MARKET LAKEVIEW OH,1.87,Debit,Food & Dining,Convenience,FREE CHECKING,,Debit Card DEBIT TRAN FOURTH STREET MARKET LAKEVIEW OH,FALSE
09/27/2024,Vantel Fiber,Withdrawal VANTEL FIBER / TYPE: INTERNET CO: VANTEL FIBER %% ACH ECC WEB,45.00,Debit,Bills & Utilities,Internet,FREE CHECKING,,TYPE: INTERNET CO: VANTEL FIBER %% ACH ECC WEB,FALSE
09/27/2024,Riverside Quick Stop,Debit Card DEBIT TRAN RIVERSIDE QUICK STOP LAKEVIEW OH,3.82,Debit,Food & Dining,Convenience,FREE CHECKING,,Debit Card DEBIT TRAN RIVERSIDE QUICK STOP LAKEVIEW OH,FALSE
09/27/2024,Lakeview Parking,Debit Card DEBIT TRAN LAKEVIEW PARKING LAKEVIEW OH,9.85,Debit,Auto & Transport,Rideshare,FREE CHECKING,,Debit Card DEBIT TRAN LAKEVIEW PARKING LAKEVIEW OH,FALSE
09/27/2024,Cafe Lumen,Debit Card DEBIT TRAN CAFE LUMEN LAKEVIEW OH,7.33,Debit,Food & Dining,Restaurants,FREE CHECKING,,Debit Card DEBIT TRAN CAFE LUMEN LAKEVIEW OH,FALSE
09/27/2024,Basil & Rye,Debit Card DEBIT TRAN BASIL & RYE LAKEVIEW OH,18.17,Debit,Food & Dining,Restaurants,FREE CHECKING,,Debit Card DEBIT TRAN BASIL & RYE LAKEVIEW OH,FALSE
09/26/2024,Sunfire Taqueria,Debit Card DEBIT TRAN SUNFIRE TAQUERIA LAKEVIEW OH,12.43,Debit,Food & Dining,Restaurants,FREE CHECKING,,Debit Card DEBIT TRAN SUNFIRE TAQUERIA LAKEVIEW OH,FALSE
09/26/2024,Starbucks,Debit Card DEBIT TRAN STARBUCKS #22910 LAKEVIEW OH,5.10,Debit,Food & Dining,Restaurants,FREE CHECKING,,Debit Card DEBIT TRAN STARBUCKS #22910 LAKEVIEW OH,FALSE
09/26/2024,Lakeview Pho House,Debit Card DEBIT TRAN LAKEVIEW PHO HOUSE LAKEVIEW OH,23.02,Debit,Food & Dining,Restaurants,FREE CHECKING,,Debit Card DEBIT TRAN LAKEVIEW PHO HOUSE LAKEVIEW OH,FALSE
09/25/2024,Northline Gas,Withdrawal NORTHLINE GAS / TYPE: GAS BILL CO: NORTHLINE GAS %% ACH ECC CCD,24.28,Debit,Bills & Utilities,Utilities,FREE CHECKING,,TYPE: GAS BILL CO: NORTHLINE GAS %% ACH ECC CCD,FALSE
09/24/2024,Fourth Street Market,Debit Card DEBIT TRAN FOURTH STREET MARKET LAKEVIEW OH,6.96,Debit,Food & Dining,Convenience,FREE CHECKING,,Debit Card DEBIT TRAN FOURTH STREET MARKET LAKEVIEW OH,FALSE
09/23/2024,Trader Joe's,Debit Card DEBIT TRAN TRADER JOE'S #712 LAKEVIEW OH,43.02,Debit,Food & Dining,Groceries,FREE CHECKING,,Debit Card DEBIT TRAN TRADER JOE'S #712 LAKEVIEW OH,FALSE
09/23/2024,Kroger,Debit Card DEBIT TRAN KROGER #445 LAKEVIEW OH,33.55,Debit,Food & Dining,Groceries,FREE CHECKING,,Debit Card DEBIT TRAN KROGER #445 LAKEVIEW OH,FALSE
09/23/2024,Chipotle,Debit Card DEBIT TRAN CHIPOTLE 2291 LAKEVIEW OH,14.16,Debit,Food & Dining,Restaurants,FREE CHECKING,,Debit Card DEBIT TRAN CHIPOTLE 2291 LAKEVIEW OH,FALSE
09/22/2024,Riverside Quick Stop,Debit Card DEBIT TRAN RIVERSIDE QUICK STOP LAKEVIEW OH,5.15,Debit,Food & Dining,Convenience,FREE CHECKING,,Debit Card DEBIT TRAN RIVERSIDE QUICK STOP LAKEVIEW OH,FALSE
09/22/2024,Lakeview Transit Auth,Debit Card DEBIT TRAN LAKEVIEW TRANSIT AUTH LAKEVIEW OH,2.75,Debit,Auto & Transport,Public Transit,FREE CHECKING,,Debit Card DEBIT TRAN LAKEVIEW TRANSIT AUTH LAKEVIEW OH,FALSE
09/22/2024,Lakeview Transit Auth,Debit Card DEBIT TRAN LAKEVIEW TRANSIT AUTH LAKEVIEW OH,2.75,Debit,Auto & Transport,Public Transit,FREE CHECKING,,Debit Card DEBIT TRAN LAKEVIEW TRANSIT AUTH LAKEVIEW OH,FALSE
09/22/2024,Fourth Street Market,Debit Card DEBIT TRAN FOURTH STREET MARKET LAKEVIEW OH,6.96,Debit,Food & Dining,Convenience,FREE CHECKING,,Debit Card DEBIT TRAN FOURTH STREET MARKET LAKEVIEW OH,FALSE
09/20/2024,Lakeview Power & Light,Withdrawal LAKEVIEW PWR & LIGHT / TYPE: ELECTRIC ID: XXXXXX7002 CO: LAKEVIEW PWR LT %% ACH ECC CCD,92.15,Debit,Bills & Utilities,Utilities,FREE CHECKING,,TYPE: ELECTRIC ID: XXXXXX7002 CO: LAKEVIEW PWR LT %% ACH ECC CCD,FALSE
09/20/2024,Lakeview County Payroll,Deposit LAKEVIEW COUNTY PAYROLL / TYPE: DIRECT DEP ID: XXXXXX4410 CO: LAKEVIEW COUNTY %% ACH ECC PPD,1970.68,Credit,Income,Paycheck,FREE CHECKING,,TYPE: DIRECT DEP ID: XXXXXX4410 CO: LAKEVIEW COUNTY %% ACH ECC PPD,FALSE
09/20/2024,Chipotle,Debit Card DEBIT TRAN CHIPOTLE 2291 LAKEVIEW OH,14.69,Debit,Food & Dining,Restaurants,FREE CHECKING,,Debit Card DEBIT TRAN CHIPOTLE 2291 LAKEVIEW OH,FALSE
09/20/2024,Chipotle,Debit Card DEBIT TRAN CHIPOTLE 2291 LAKEVIEW OH,14.90,Debit,Food & Dining,Restaurants,FREE CHECKING,,Debit Card DEBIT TRAN CHIPOTLE 2291 LAKEVIEW OH,FALSE
09/19/2024,Domino's,Debit Card DEBIT TRAN DOMINO'S 5512 LAKEVIEW OH,10.97,Debit,Food & Dining,Restaurants,FREE CHECKING,,Debit Card DEBIT TRAN DOMINO'S 5512 LAKEVIEW OH,FALSE
09/19/2024,Blue Line Snacks,Debit Card DEBIT TRAN BLUE LINE SNACKS LAKEVIEW OH,3.18,Debit,Food & Dining,Convenience,FREE CHECKING,,Debit Card DEBIT TRAN BLUE LINE SNACKS LAKEVIEW OH,FALSE
09/18/2024,Fourth Street Market,Debit Card DEBIT TRAN FOURTH STREET MARKET LAKEVIEW OH,3.48,Debit,Food & Dining,Convenience,FREE CHECKING,,Debit Card DEBIT TRAN FOURTH STREET MARKET LAKEVIEW OH,FALSE
09/18/2024,Aldi,Debit Card DEBIT TRAN ALDI 71034 LAKEVIEW OH,32.21,Debit,Food & Dining,Groceries,FREE CHECKING,,Debit Card DEBIT TRAN ALDI 71034 LAKEVIEW OH,FALSE
09/17/2024,Fourth Street Market,Debit Card DEBIT TRAN FOURTH STREET MARKET LAKEVIEW OH,1.34,Debit,Food & Dining,Convenience,FREE CHECKING,,Debit Card DEBIT TRAN FOURTH STREET MARKET LAKEVIEW OH,FALSE
09/16/2024,Granite State Servicing,Withdrawal GRANITE STATE SERVICING / TYPE: STUDENT LN ID: XXXXXX2007 CO: GRANITE STATE SVC %% ACH ECC PPD,78.20,Debit,Education,Student Loan,FREE CHECKING,,TYPE: STUDENT LN ID: XXXXXX2007 CO: GRANITE STATE SVC %% ACH ECC PPD,FALSE
09/16/2024,Fourth Street Market,Debit Card DEBIT TRAN FOURTH STREET MARKET LAKEVIEW OH,5.35,Debit,Food & Dining,Convenience,FREE CHECKING,,Debit Card DEBIT TRAN FOURTH STREET MARKET LAKEVIEW OH,FALSE
09/16/2024,Chase Credit Card,Withdrawal CHASE CREDIT CRD / TYPE: AUTOPAY ID: XXXXXX4417 CO: CHASE CREDIT CRD %% ACH ECC WEB,163.41,Debit,Transfer,Credit Card Payment,FREE CHECKING,,TYPE: AUTOPAY ID: XXXXXX4417 CO: CHASE CREDIT CRD %% ACH ECC WEB,FALSE
09/15/2024,Lakeview Transit Auth,Debit Card DEBIT TRAN LAKEVIEW TRANSIT AUTH LAKEVIEW OH,2.75,Debit,Auto & Transport,Public Transit,FREE CHECKING,,Debit Card DEBIT TRAN LAKEVIEW TRANSIT AUTH LAKEVIEW OH,FALSE
09/15/2024,Lakeview Transit Auth,Debit Card DEBIT TRAN LAKEVIEW TRANSIT AUTH LAKEVIEW OH,2.75,Debit,Auto & Transport,Public Transit,FREE CHECKING,,Debit Card DEBIT TRAN LAKEVIEW TRANSIT AUTH LAKEVIEW OH,FALSE
09/15/2024,Fourth Street Market,Debit Card DEBIT TRAN FOURTH STREET MARKET LAKEVIEW OH,3.48,Debit,Food & Dining,Convenience,FREE CHECKING,,Debit Card DEBIT TRAN FOURTH STREET MARKET LAKEVIEW OH,FALSE
09/15/2024,ATM Withdrawal #4471 Fourth Street,ATM Withdrawal #4471 FOURTH STREET LAKEVIEW OH,20.00,Debit,Uncategorized,Cash,FREE CHECKING,,ATM Withdrawal #4471 FOURTH STREET LAKEVIEW OH,FALSE
09/15/2024,ATM Surcharge,ATM Surcharge FOURTH STREET,3.00,Debit,Fees & Charges,ATM Fee,FREE CHECKING,,ATM Surcharge FOURTH STREET,FALSE
09/14/2024,Fourth Street Market,Debit Card DEBIT TRAN FOURTH STREET MARKET LAKEVIEW OH,6.69,Debit,Food & Dining,Convenience,FREE CHECKING,,Debit Card DEBIT TRAN FOURTH STREET MARKET LAKEVIEW OH,FALSE
09/13/2024,Riverside Quick Stop,Debit Card DEBIT TRAN RIVERSIDE QUICK STOP LAKEVIEW OH,7.19,Debit,Food & Dining,Convenience,FREE CHECKING,,Debit Card DEBIT TRAN RIVERSIDE QUICK STOP LAKEVIEW OH,FALSE
09/13/2024,Kroger,Debit Card DEBIT TRAN KROGER #445 LAKEVIEW OH,36.59,Debit,Food & Dining,Groceries,FREE CHECKING,,Debit Card DEBIT TRAN KROGER #445 LAKEVIEW OH,FALSE
09/12/2024,Kroger,Debit Card DEBIT TRAN KROGER #445 LAKEVIEW OH,40.57,Debit,Food & Dining,Groceries,FREE CHECKING,,Debit Card DEBIT TRAN KROGER #445 LAKEVIEW OH,FALSE
09/12/2024,Fourth Street Market,Debit Card DEBIT TRAN FOURTH STREET MARKET LAKEVIEW OH,3.48,Debit,Food & Dining,Convenience,FREE CHECKING,,Debit Card DEBIT TRAN FOURTH STREET MARKET LAKEVIEW OH,FALSE
09/11/2024,Transfer to Venmo,Withdrawal VENMO / TYPE: PAYMENT CO: VENMO %% ACH ECC WEB,7.00,Debit,Transfer,Venmo,FREE CHECKING,,TYPE: PAYMENT CO: VENMO %% ACH ECC WEB,FALSE
09/11/2024,Sunrise Bodega,Debit Card DEBIT TRAN SUNRISE BODEGA LAKEVIEW OH,10.69,Debit,Food & Dining,Convenience,FREE CHECKING,,Debit Card DEBIT TRAN SUNRISE BODEGA LAKEVIEW OH,FALSE
09/10/2024,Trader Joe's,Debit Card DEBIT TRAN TRADER JOE'S #712 LAKEVIEW OH,43.54,Debit,Food & Dining,Groceries,FREE CHECKING,,Debit Card DEBIT TRAN TRADER JOE'S #712 LAKEVIEW OH,FALSE
09/10/2024,Basil & Rye,Debit Card DEBIT TRAN BASIL & RYE LAKEVIEW OH,21.82,Debit,Food & Dining,Restaurants,FREE CHECKING,,Debit Card DEBIT TRAN BASIL & RYE LAKEVIEW OH,FALSE
09/09/2024,Riverside Quick Stop,Debit Card DEBIT TRAN RIVERSIDE QUICK STOP LAKEVIEW OH,6.05,Debit,Food & Dining,Convenience,FREE CHECKING,,Debit Card DEBIT TRAN RIVERSIDE QUICK STOP LAKEVIEW OH,FALSE
09/09/2024,Lyft *Ride Sat 2Pm,Debit Card DEBIT TRAN LYFT *RIDE SAT 2PM LAKEVIEW OH,10.40,Debit,Auto & Transport,Rideshare,FREE CHECKING,,Debit Card DEBIT TRAN LYFT *RIDE SAT 2PM LAKEVIEW OH,FALSE
09/09/2024,Fourth Street Market,Debit Card DEBIT TRAN FOURTH STREET MARKET LAKEVIEW OH,5.35,Debit,Food & Dining,Convenience,FREE CHECKING,,Debit Card DEBIT TRAN FOURTH STREET MARKET LAKEVIEW OH,FALSE
09/08/2024,Fourth Street Market,Debit Card DEBIT TRAN FOURTH STREET MARKET LAKEVIEW OH,5.35,Debit,Food & Dining,Convenience,FREE CHECKING,,Debit Card DEBIT TRAN FOURTH STREET MARKET LAKEVIEW OH,FALSE
09/08/2024,Blue Line Snacks,Debit Card DEBIT TRAN BLUE LINE SNACKS LAKEVIEW OH,5.19,Debit,Food & Dining,Convenience,FREE CHECKING,,Debit Card DEBIT TRAN BLUE LINE SNACKS LAKEVIEW OH,FALSE
09/07/2024,Wendy's,Debit Card DEBIT TRAN WENDY'S #4471 LAKEVIEW OH,7.64,Debit,Food & Dining,Restaurants,FREE CHECKING,,Debit Card DEBIT TRAN WENDY'S #4471 LAKEVIEW OH,FALSE
09/07/2024,Riverside Cinema,Debit Card DEBIT TRAN RIVERSIDE CINEMA LAKEVIEW OH,16.18,Debit,Entertainment,Movies & Music,FREE CHECKING,,Debit Card DEBIT TRAN RIVERSIDE CINEMA LAKEVIEW OH,FALSE
09/07/2024,Panera Bread,Debit Card DEBIT TRAN PANERA BREAD #601442 LAKEVIEW OH,8.91,Debit,Food & Dining,Restaurants,FREE CHECKING,,Debit Card DEBIT TRAN PANERA BREAD #601442 LAKEVIEW OH,FALSE
09/07/2024,Chase Credit Card,Withdrawal CHASE CREDIT CRD / TYPE: AUTOPAY ID: XXXXXX8802 CO: CHASE CREDIT CRD %% ACH ECC WEB,23.80,Debit,Transfer,Credit Card Payment,FREE CHECKING,,TYPE: AUTOPAY ID: XXXXXX8802 CO: CHASE CREDIT CRD %% ACH ECC WEB,FALSE
09/06/2024,Starbucks,Debit Card DEBIT TRAN STARBUCKS #22910 LAKEVIEW OH,5.47,Debit,Food & Dining,Restaurants,FREE CHECKING,,Debit Card DEBIT TRAN STARBUCKS #22910 LAKEVIEW OH,FALSE
09/06/2024,Lakeview County Payroll,Deposit LAKEVIEW COUNTY PAYROLL / TYPE: DIRECT DEP ID: XXXXXX4410 CO: LAKEVIEW COUNTY %% ACH ECC PPD,1970.68,Credit,Income,Paycheck,FREE CHECKING,,TYPE: DIRECT DEP ID: XXXXXX4410 CO: LAKEVIEW COUNTY %% ACH ECC PPD,FALSE
09/06/2024,Fourth Street Market,Debit Card DEBIT TRAN FOURTH STREET MARKET LAKEVIEW OH,3.48,Debit,Food & Dining,Convenience,FREE CHECKING,,Debit Card DEBIT TRAN FOURTH STREET MARKET LAKEVIEW OH,FALSE
09/06/2024,Cafe Lumen,Debit Card DEBIT TRAN CAFE LUMEN LAKEVIEW OH,6.66,Debit,Food & Dining,Restaurants,FREE CHECKING,,Debit Card DEBIT TRAN CAFE LUMEN LAKEVIEW OH,FALSE
09/05/2024,Zelle to Linda Morgan,Withdrawal ZELLE TO LINDA MORGAN / TYPE: P2P CO: ZELLE %% ACH ECC WEB,120.00,Debit,Transfer,Zelle,FREE CHECKING,,TYPE: P2P CO: ZELLE %% ACH ECC WEB,FALSE
09/05/2024,LaundryCard Reload,Withdrawal LAUNDRYCARD RELOAD / TYPE: PURCHASE CO: LAUNDRYCARD,16.00,Debit,Home,Laundry,FREE CHECKING,,TYPE: PURCHASE CO: LAUNDRYCARD,FALSE
09/05/2024,Lakeview Farmers Market,Debit Card DEBIT TRAN LAKEVIEW FARMERS MARKET LAKEVIEW OH,17.36,Debit,Food & Dining,Groceries,FREE CHECKING,,Debit Card DEBIT TRAN LAKEVIEW FARMERS MARKET LAKEVIEW OH,FALSE
09/05/2024,Fourth Street Market,Debit Card DEBIT TRAN FOURTH STREET MARKET LAKEVIEW OH,2.41,Debit,Food & Dining,Convenience,FREE CHECKING,,Debit Card DEBIT TRAN FOURTH STREET MARKET LAKEVIEW OH,FALSE
09/05/2024,Fourth Street Market,Debit Card DEBIT TRAN FOURTH STREET MARKET LAKEVIEW OH,5.35,Debit,Food & Dining,Convenience,FREE CHECKING,,Debit Card DEBIT TRAN FOURTH STREET MARKET LAKEVIEW OH,FALSE
09/04/2024,Corner Books Lakeview,Debit Card DEBIT TRAN CORNER BOOKS LAKEVIEW LAKEVIEW OH,18.54,Debit,Entertainment,Movies & Music,FREE CHECKING,,Debit Card DEBIT TRAN CORNER BOOKS LAKEVIEW LAKEVIEW OH,FALSE
09/03/2024,Fourth Street Market,Debit Card DEBIT TRAN FOURTH STREET MARKET LAKEVIEW OH,1.61,Debit,Food & Dining,Convenience,FREE CHECKING,,Debit Card DEBIT TRAN FOURTH STREET MARKET LAKEVIEW OH,FALSE
09/03/2024,Amc Theatres,Debit Card DEBIT TRAN AMC THEATRES #2255 LAKEVIEW OH,17.79,Debit,Entertainment,Movies & Music,FREE CHECKING,,Debit Card DEBIT TRAN AMC THEATRES #2255 LAKEVIEW OH,FALSE
09/02/2024,Vanguard Buy,Withdrawal VANGUARD BUY / TYPE: INVESTMENT CO: VMC %% ACH ECC WEB,1200.00,Debit,Investments,Investment,SHARE SAVINGS,,TYPE: INVESTMENT CO: VMC %% ACH ECC WEB,FALSE
09/02/2024,Trader Joe's,Debit Card DEBIT TRAN TRADER JOE'S #712 LAKEVIEW OH,21.66,Debit,Food & Dining,Groceries,FREE CHECKING,,Debit Card DEBIT TRAN TRADER JOE'S #712 LAKEVIEW OH,FALSE
09/02/2024,Starbucks,Debit Card DEBIT TRAN STARBUCKS #22910 LAKEVIEW OH,5.72,Debit,Food & Dining,Restaurants,FREE CHECKING,,Debit Card DEBIT TRAN STARBUCKS #22910 LAKEVIEW OH,FALSE
09/02/2024,Riverside Quick Stop,Debit Card DEBIT TRAN RIVERSIDE QUICK STOP LAKEVIEW OH,5.42,Debit,Food & Dining,Convenience,FREE CHECKING,,Debit Card DEBIT TRAN RIVERSIDE QUICK STOP LAKEVIEW OH,FALSE
09/02/2024,Fourth Street Market,Debit Card DEBIT TRAN FOURTH STREET MARKET LAKEVIEW OH,5.35,Debit,Food & Dining,Convenience,FREE CHECKING,,Debit Card DEBIT TRAN FOURTH STREET MARKET LAKEVIEW OH,FALSE
09/02/2024,Fourth Street Market,Debit Card DEBIT TRAN FOURTH STREET MARKET LAKEVIEW OH,3.48,Debit,Food & Dining,Convenience,FREE CHECKING,,Debit Card DEBIT TRAN FOURTH STREET MARKET LAKEVIEW OH,FALSE
09/01/2024,Panera Bread,Debit Card DEBIT TRAN PANERA BREAD #601442 LAKEVIEW OH,13.73,Debit,Food & Dining,Restaurants,FREE CHECKING,,Debit Card DEBIT TRAN PANERA BREAD #601442 LAKEVIEW OH,FALSE
09/01/2024,Havenbrook Residential,Withdrawal HAVENBROOK RESIDENTIAL / TYPE: RENT ID: XXXXXX2210 CO: HAVENBROOK RES %% ACH ECC PPD,1285.00,Debit,Home,Rent,FREE CHECKING,,TYPE: RENT ID: XXXXXX2210 CO: HAVENBROOK RES %% ACH ECC PPD,FALSE
09/01/2024,Golden Wok,Debit Card DEBIT TRAN GOLDEN WOK LAKEVIEW OH,11.77,Debit,Food & Dining,Restaurants,FREE CHECKING,,Debit Card DEBIT TRAN GOLDEN WOK LAKEVIEW OH,FALSE
08/31/2024,Transfer from Account 0072,Transfer from Share 0072,500.00,Credit,Transfer,Transfer,SHARE SAVINGS,,Transfer from Share 0072,FALSE
08/31/2024,Transfer To Share,Transfer To Share 0001,500.00,Debit,Transfer,Transfer,FREE CHECKING,,Transfer To Share 0001,FALSE
08/31/2024,Fourth Street Market,Debit Card DEBIT TRAN FOURTH STREET MARKET LAKEVIEW OH,5.35,Debit,Food & Dining,Convenience,FREE CHECKING,,Debit Card DEBIT TRAN FOURTH STREET MARKET LAKEVIEW OH,FALSE
08/29/2024,Fourth Street Market,Debit Card DEBIT TRAN FOURTH STREET MARKET LAKEVIEW OH,5.35,Debit,Food & Dining,Convenience,FREE CHECKING,,Debit Card DEBIT TRAN FOURTH STREET MARKET LAKEVIEW OH,FALSE
08/29/2024,Elm & 9Th Convenience,Debit Card DEBIT TRAN ELM & 9TH CONVENIENCE LAKEVIEW OH,7.14,Debit,Food & Dining,Convenience,FREE CHECKING,,Debit Card DEBIT TRAN ELM & 9TH CONVENIENCE LAKEVIEW OH,FALSE
08/28/2024,Bandcamp,Debit Card DEBIT TRAN BANDCAMP LAKEVIEW OH,9.84,Debit,Entertainment,Movies & Music,FREE CHECKING,,Debit Card DEBIT TRAN BANDCAMP LAKEVIEW OH,FALSE
08/27/2024,Vantel Fiber,Withdrawal VANTEL FIBER / TYPE: INTERNET CO: VANTEL FIBER %% ACH ECC WEB,45.00,Debit,Bills & Utilities,Internet,FREE CHECKING,,TYPE: INTERNET CO: VANTEL FIBER %% ACH ECC WEB,FALSE
08/27/2024,Lakeview Parking,Debit Card DEBIT TRAN LAKEVIEW PARKING LAKEVIEW OH,8.85,Debit,Auto & Transport,Rideshare,FREE CHECKING,,Debit Card DEBIT TRAN LAKEVIEW PARKING LAKEVIEW OH,FALSE
08/26/2024,Riverside Quick Stop,Debit Card DEBIT TRAN RIVERSIDE QUICK STOP LAKEVIEW OH,6.72,Debit,Food & Dining,Convenience,FREE CHECKING,,Debit Card DEBIT TRAN RIVERSIDE QUICK STOP LAKEVIEW OH,FALSE
08/26/2024,Fourth Street Market,Debit Card DEBIT TRAN FOURTH STREET MARKET LAKEVIEW OH,5.35,Debit,Food & Dining,Convenience,FREE CHECKING,,Debit Card DEBIT TRAN FOURTH STREET MARKET LAKEVIEW OH,FALSE
08/25/2024,Northline Gas,Withdrawal NORTHLINE GAS / TYPE: GAS BILL CO: NORTHLINE GAS %% ACH ECC CCD,25.46,Debit,Bills & Utilities,Utilities,FREE CHECKING,,TYPE: GAS BILL CO: NORTHLINE GAS %% ACH ECC CCD,FALSE
08/25/2024,Fourth Street Market,Debit Card DEBIT TRAN FOURTH STREET MARKET LAKEVIEW OH,5.35,Debit,Food & Dining,Convenience,FREE CHECKING,,Debit Card DEBIT TRAN FOURTH STREET MARKET LAKEVIEW OH,FALSE
08/24/2024,Transfer to Venmo,Withdrawal VENMO / TYPE: PAYMENT CO: VENMO %% ACH ECC WEB,144.00,Debit,Transfer,Venmo,FREE CHECKING,,TYPE: PAYMENT CO: VENMO %% ACH ECC WEB,FALSE
08/24/2024,Trader Joe's,Debit Card DEBIT TRAN TRADER JOE'S #712 LAKEVIEW OH,25.20,Debit,Food & Dining,Groceries,FREE CHECKING,,Debit Card DEBIT TRAN TRADER JOE'S #712 LAKEVIEW OH,FALSE
08/23/2024,Riverside Quick Stop,Debit Card DEBIT TRAN RIVERSIDE QUICK STOP LAKEVIEW OH,3.59,Debit,Food & Dining,Convenience,FREE CHECKING,,Debit Card DEBIT TRAN RIVERSIDE QUICK STOP LAKEVIEW OH,FALSE
08/23/2024,Lakeview County Payroll,Deposit LAKEVIEW COUNTY PAYROLL / TYPE: DIRECT DEP ID: XXXXXX4410 CO: LAKEVIEW COUNTY %% ACH ECC PPD,1970.68,Credit,Income,Paycheck,FREE CHECKING,,TYPE: DIRECT DEP ID: XXXXXX4410 CO: LAKEVIEW COUNTY %% ACH ECC PPD,FALSE
08/22/2024,Trader Joe's,Debit Card DEBIT TRAN TRADER JOE'S #712 LAKEVIEW OH,40.98,Debit,Food & Dining,Groceries,FREE CHECKING,,Debit Card DEBIT TRAN TRADER JOE'S #712 LAKEVIEW OH,FALSE
08/22/2024,Lakeview Parking,Debit Card DEBIT TRAN LAKEVIEW PARKING LAKEVIEW OH,7.78,Debit,Auto & Transport,Rideshare,FREE CHECKING,,Debit Card DEBIT TRAN LAKEVIEW PARKING LAKEVIEW OH,FALSE
08/22/2024,Fourth Street Market,Debit Card DEBIT TRAN FOURTH STREET MARKET LAKEVIEW OH,5.35,Debit,Food & Dining,Convenience,FREE CHECKING,,Debit Card DEBIT TRAN FOURTH STREET MARKET LAKEVIEW OH,FALSE
08/22/2024,Fourth Street Market,Debit Card DEBIT TRAN FOURTH STREET MARKET LAKEVIEW OH,3.48,Debit,Food & Dining,Convenience,FREE CHECKING,,Debit Card DEBIT TRAN FOURTH STREET MARKET LAKEVIEW OH,FALSE
08/22/2024,Fourth Street Market,Debit Card DEBIT TRAN FOURTH STREET MARKET LAKEVIEW OH,6.96,Debit,Food & Dining,Convenience,FREE CHECKING,,Debit Card DEBIT TRAN FOURTH STREET MARKET LAKEVIEW OH,FALSE
08/21/2024,Campus Corner Deli,Debit Card DEBIT TRAN CAMPUS CORNER DELI LAKEVIEW OH,3.78,Debit,Food & Dining,Convenience,FREE CHECKING,,Debit Card DEBIT TRAN CAMPUS CORNER DELI LAKEVIEW OH,FALSE
08/20/2024,Lakeview Power & Light,Withdrawal LAKEVIEW PWR & LIGHT / TYPE: ELECTRIC ID: XXXXXX7002 CO: LAKEVIEW PWR LT %% ACH ECC CCD,95.73,Debit,Bills & Utilities,Utilities,FREE CHECKING,,TYPE: ELECTRIC ID: XXXXXX7002 CO: LAKEVIEW PWR LT %% ACH ECC CCD,FALSE
08/19/2024,Walgreens,Debit Card DEBIT TRAN WALGREENS #3310 LAKEVIEW OH,15.33,Debit,Health & Fitness,Pharmacy,FREE CHECKING,,Debit Card DEBIT TRAN WALGREENS #3310 LAKEVIEW OH,FALSE
08/19/2024,Golden Wok,Debit Card DEBIT TRAN GOLDEN WOK LAKEVIEW OH,16.16,Debit,Food & Dining,Restaurants,FREE CHECKING,,Debit Card DEBIT TRAN GOLDEN WOK LAKEVIEW OH,FALSE
08/19/2024,Bandcamp,Debit Card DEBIT TRAN BANDCAMP LAKEVIEW OH,6.64,Debit,Entertainment,Movies & Music,FREE CHECKING,,Debit Card DEBIT TRAN BANDCAMP LAKEVIEW OH,FALSE
08/18/2024,Transfer to Venmo,Withdrawal VENMO / TYPE: PAYMENT CO: VENMO %% ACH ECC WEB,7.00,Debit,Transfer,Venmo,FREE CHECKING,,TYPE: PAYMENT CO: VENMO %% ACH ECC WEB,FALSE
08/18/2024,Northgate Express Mart,Debit Card DEBIT TRAN NORTHGATE EXPRESS MART LAKEVIEW OH,8.38,Debit,Food & Dining,Convenience,FREE CHECKING,,Debit Card DEBIT TRAN NORTHGATE EXPRESS MART LAKEVIEW OH,FALSE
08/18/2024,Fourth Street Market,Debit Card DEBIT TRAN FOURTH STREET MARKET LAKEVIEW OH,3.48,Debit,Food & Dining,Convenience,FREE CHECKING,,Debit Card DEBIT TRAN FOURTH STREET MARKET LAKEVIEW OH,FALSE
08/18/2024,Chipotle,Debit Card DEBIT TRAN CHIPOTLE 2291 LAKEVIEW OH,11.25,Debit,Food & Dining,Restaurants,FREE CHECKING,,Debit Card DEBIT TRAN CHIPOTLE 2291 LAKEVIEW OH,FALSE
08/17/2024,Elm & 9Th Convenience,Debit Card DEBIT TRAN ELM & 9TH CONVENIENCE LAKEVIEW OH,4.73,Debit,Food & Dining,Convenience,FREE CHECKING,,Debit Card DEBIT TRAN ELM & 9TH CONVENIENCE LAKEVIEW OH,FALSE
08/17/2024,Basil & Rye,Debit Card DEBIT TRAN BASIL & RYE LAKEVIEW OH,20.56,Debit,Food & Dining,Restaurants,FREE CHECKING,,Debit Card DEBIT TRAN BASIL & RYE LAKEVIEW OH,FALSE
08/17/2024,Bandcamp,Debit Card DEBIT TRAN BANDCAMP LAKEVIEW OH,10.76,Debit,Entertainment,Movies & Music,FREE CHECKING,,Debit Card DEBIT TRAN BANDCAMP LAKEVIEW OH,FALSE
08/16/2024,Granite State Servicing,Withdrawal GRANITE STATE SERVICING / TYPE: STUDENT LN ID: XXXXXX2007 CO: GRANITE STATE SVC %% ACH ECC PPD,78.20,Debit,Education,Student Loan,FREE CHECKING,,TYPE: STUDENT LN ID: XXXXXX2007 CO: GRANITE STATE SVC %% ACH ECC PPD,FALSE
08/16/2024,Elm & 9Th Convenience,Debit Card DEBIT TRAN ELM & 9TH CONVENIENCE LAKEVIEW OH,8.20,Debit,Food & Dining,Convenience,FREE CHECKING,,Debit Card DEBIT TRAN ELM & 9TH CONVENIENCE LAKEVIEW OH,FALSE
08/16/2024,Chase Credit Card,Withdrawal CHASE CREDIT CRD / TYPE: AUTOPAY ID: XXXXXX4417 CO: CHASE CREDIT CRD %% ACH ECC WEB,90.72,Debit,Transfer,Credit Card Payment,FREE CHECKING,,TYPE: AUTOPAY ID: XXXXXX4417 CO: CHASE CREDIT CRD %% ACH ECC WEB,FALSE
08/15/2024,Lyft *Ride Sun 1Pm,Debit Card DEBIT TRAN LYFT *RIDE SUN 1PM LAKEVIEW OH,17.22,Debit,Auto & Transport,Rideshare,FREE CHECKING,,Debit Card DEBIT TRAN LYFT *RIDE SUN 1PM LAKEVIEW OH,FALSE
08/15/2024,Cvs/Pharmacy,Debit Card DEBIT TRAN CVS/PHARMACY #8812 LAKEVIEW OH,21.98,Debit,Health & Fitness,Pharmacy,FREE CHECKING,,Debit Card DEBIT TRAN CVS/PHARMACY #8812 LAKEVIEW OH,FALSE
08/14/2024,Fourth Street Market,Debit Card DEBIT TRAN FOURTH STREET MARKET LAKEVIEW OH,5.35,Debit,Food & Dining,Convenience,FREE CHECKING,,Debit Card DEBIT TRAN FOURTH STREET MARKET LAKEVIEW OH,FALSE
08/14/2024,Fourth Street Market,Debit Card DEBIT TRAN FOURTH STREET MARKET LAKEVIEW OH,5.35,Debit,Food & Dining,Convenience,FREE CHECKING,,Debit Card DEBIT TRAN FOURTH STREET MARKET LAKEVIEW OH,FALSE
08/14/2024,Fourth Street Market,Debit Card DEBIT TRAN FOURTH STREET MARKET LAKEVIEW OH,1.34,Debit,Food & Dining,Convenience,FREE CHECKING,,Debit Card DEBIT TRAN FOURTH STREET MARKET LAKEVIEW OH,FALSE
08/14/2024,Elm & 9Th Convenience,Debit Card DEBIT TRAN ELM & 9TH CONVENIENCE LAKEVIEW OH,5.01,Debit,Food & Dining,Convenience,FREE CHECKING,,Debit Card DEBIT TRAN ELM & 9TH CONVENIENCE LAKEVIEW OH,FALSE
08/14/2024,Chipotle,Debit Card DEBIT TRAN CHIPOTLE 2291 LAKEVIEW OH,12.11,Debit,Food & Dining,Restaurants,FREE CHECKING,,Debit Card DEBIT TRAN CHIPOTLE 2291 LAKEVIEW OH,FALSE
08/13/2024,Panera Bread,Debit Card DEBIT TRAN PANERA BREAD #601442 LAKEVIEW OH,12.16,Debit,Food & Dining,Restaurants,FREE CHECKING,,Debit Card DEBIT TRAN PANERA BREAD #601442 LAKEVIEW OH,FALSE
08/12/2024,Domino's,Debit Card DEBIT TRAN DOMINO'S 5512 LAKEVIEW OH,13.15,Debit,Food & Dining,Restaurants,FREE CHECKING,,Debit Card DEBIT TRAN DOMINO'S 5512 LAKEVIEW OH,FALSE
08/11/2024,Target,Debit Card DEBIT TRAN TARGET 00028215 LAKEVIEW OH,26.22,Debit,Shopping,General Merchandise,FREE CHECKING,,Debit Card DEBIT TRAN TARGET 00028215 LAKEVIEW OH,FALSE
08/11/2024,Riverside Quick Stop,Debit Card DEBIT TRAN RIVERSIDE QUICK STOP LAKEVIEW OH,4.00,Debit,Food & Dining,Convenience,FREE CHECKING,,Debit Card DEBIT TRAN RIVERSIDE QUICK STOP LAKEVIEW OH,FALSE
08/11/2024,Kroger,Debit Card DEBIT TRAN KROGER #445 LAKEVIEW OH,19.20,Debit,Food & Dining,Groceries,FREE CHECKING,,Debit Card DEBIT TRAN KROGER #445 LAKEVIEW OH,FALSE
08/11/2024,Fourth Street Market,Debit Card DEBIT TRAN FOURTH STREET MARKET LAKEVIEW OH,1.34,Debit,Food & Dining,Convenience,FREE CHECKING,,Debit Card DEBIT TRAN FOURTH STREET MARKET LAKEVIEW OH,FALSE
08/11/2024,Fourth Street Market,Debit Card DEBIT TRAN FOURTH STREET MARKET LAKEVIEW OH,5.35,Debit,Food & Dining,Convenience,FREE CHECKING,,Debit Card DEBIT TRAN FOURTH STREET MARKET LAKEVIEW OH,FALSE
08/10/2024,Northgate Express Mart,Debit Card DEBIT TRAN NORTHGATE EXPRESS MART LAKEVIEW OH,8.98,Debit,Food & Dining,Convenience,FREE CHECKING,,Debit Card DEBIT TRAN NORTHGATE EXPRESS MART LAKEVIEW OH,FALSE
08/10/2024,Fourth Street Market,Debit Card DEBIT TRAN FOURTH STREET MARKET LAKEVIEW OH,1.34,Debit,Food & Dining,Convenience,FREE CHECKING,,Debit Card DEBIT TRAN FOURTH STREET MARKET LAKEVIEW OH,FALSE
08/09/2024,Transfer to Venmo,Withdrawal VENMO / TYPE: PAYMENT CO: VENMO %% ACH ECC WEB,18.50,Debit,Transfer,Venmo,FREE CHECKING,,TYPE: PAYMENT CO: VENMO %% ACH ECC WEB,FALSE
08/09/2024,Lakeview Parking,Debit Card DEBIT TRAN LAKEVIEW PARKING LAKEVIEW OH,9.20,Debit,Auto & Transport,Rideshare,FREE CHECKING,,Debit Card DEBIT TRAN LAKEVIEW PARKING LAKEVIEW OH,FALSE
08/09/2024,Lakeview County Payroll,Deposit LAKEVIEW COUNTY PAYROLL / TYPE: DIRECT DEP ID: XXXXXX4410 CO: LAKEVIEW COUNTY %% ACH ECC PPD,1970.68,Credit,Income,Paycheck,FREE CHECKING,,TYPE: DIRECT DEP ID: XXXXXX4410 CO: LAKEVIEW COUNTY %% ACH ECC PPD,FALSE
08/09/2024,Cafe Lumen,Debit Card DEBIT TRAN CAFE LUMEN LAKEVIEW OH,4.62,Debit,Food & Dining,Restaurants,FREE CHECKING,,Debit Card DEBIT TRAN CAFE LUMEN LAKEVIEW OH,FALSE
08/08/2024,Riverside Quick Stop,Debit Card DEBIT TRAN RIVERSIDE QUICK STOP LAKEVIEW OH,6.79,Debit,Food & Dining,Convenience,FREE CHECKING,,Debit Card DEBIT TRAN RIVERSIDE QUICK STOP LAKEVIEW OH,FALSE
08/08/2024,Panera Bread,Debit Card DEBIT TRAN PANERA BREAD #601442 LAKEVIEW OH,12.64,Debit,Food & Dining,Restaurants,FREE CHECKING,,Debit Card DEBIT TRAN PANERA BREAD #601442 LAKEVIEW OH,FALSE
08/08/2024,Lakeview Gas & Go,Debit Card DEBIT TRAN LAKEVIEW GAS & GO LAKEVIEW OH,9.56,Debit,Food & Dining,Convenience,FREE CHECKING,,Debit Card DEBIT TRAN LAKEVIEW GAS & GO LAKEVIEW OH,FALSE
08/07/2024,Riverside Quick Stop,Debit Card DEBIT TRAN RIVERSIDE QUICK STOP LAKEVIEW OH,4.45,Debit,Food & Dining,Convenience,FREE CHECKING,,Debit Card DEBIT TRAN RIVERSIDE QUICK STOP LAKEVIEW OH,FALSE
08/07/2024,Chase Credit Card,Withdrawal CHASE CREDIT CRD / TYPE: AUTOPAY ID: XXXXXX8802 CO: CHASE CREDIT CRD %% ACH ECC WEB,20.81,Debit,Transfer,Credit Card Payment,FREE CHECKING,,TYPE: AUTOPAY ID: XXXXXX8802 CO: CHASE CREDIT CRD %% ACH ECC WEB,FALSE
08/06/2024,Riverside Quick Stop,Debit Card DEBIT TRAN RIVERSIDE QUICK STOP LAKEVIEW OH,3.35,Debit,Food & Dining,Convenience,FREE CHECKING,,Debit Card DEBIT TRAN RIVERSIDE QUICK STOP LAKEVIEW OH,FALSE
08/06/2024,Riverside Quick Stop,Debit Card DEBIT TRAN RIVERSIDE QUICK STOP LAKEVIEW OH,2.45,Debit,Food & Dining,Convenience,FREE CHECKING,,Debit Card DEBIT TRAN RIVERSIDE QUICK STOP LAKEVIEW OH,FALSE
08/06/2024,Fourth Street Market,Debit Card DEBIT TRAN FOURTH STREET MARKET LAKEVIEW OH,5.35,Debit,Food & Dining,Convenience,FREE CHECKING,,Debit Card DEBIT TRAN FOURTH STREET MARKET LAKEVIEW OH,FALSE
08/05/2024,Zelle to Linda Morgan,Withdrawal ZELLE TO LINDA MORGAN / TYPE: P2P CO: ZELLE %% ACH ECC WEB,120.00,Debit,Transfer,Zelle,FREE CHECKING,,TYPE: P2P CO: ZELLE %% ACH ECC WEB,FALSE
08/05/2024,LaundryCard Reload,Withdrawal LAUNDRYCARD RELOAD / TYPE: PURCHASE CO: LAUNDRYCARD,16.00,Debit,Home,Laundry,FREE CHECKING,,TYPE: PURCHASE CO: LAUNDRYCARD,FALSE
08/05/2024,Fourth Street Market,Debit Card DEBIT TRAN FOURTH STREET MARKET LAKEVIEW OH,5.35,Debit,Food & Dining,Convenience,FREE CHECKING,,Debit Card DEBIT TRAN FOURTH STREET MARKET LAKEVIEW OH,FALSE
08/05/2024,Chipotle,Debit Card DEBIT TRAN CHIPOTLE 2291 LAKEVIEW OH,11.22,Debit,Food & Dining,Restaurants,FREE CHECKING,,Debit Card DEBIT TRAN CHIPOTLE 2291 LAKEVIEW OH,FALSE
08/04/2024,Vanguard Buy,Withdrawal VANGUARD BUY / TYPE: INVESTMENT CO: VMC %% ACH ECC WEB,1000.00,Debit,Investments,Investment,SHARE SAVINGS,,TYPE: INVESTMENT CO: VMC %% ACH ECC WEB,FALSE
08/04/2024,Lakeview Gas & Go,Debit Card DEBIT TRAN LAKEVIEW GAS & GO LAKEVIEW OH,9.93,Debit,Food & Dining,Convenience,FREE CHECKING,,Debit Card DEBIT TRAN LAKEVIEW GAS & GO LAKEVIEW OH,FALSE
08/04/2024,Kroger,Debit Card DEBIT TRAN KROGER #445 LAKEVIEW OH,34.96,Debit,Food & Dining,Groceries,FREE CHECKING,,Debit Card DEBIT TRAN KROGER #445 LAKEVIEW OH,FALSE
08/04/2024,Fourth Street Market,Debit Card DEBIT TRAN FOURTH STREET MARKET LAKEVIEW OH,5.35,Debit,Food & Dining,Convenience,FREE CHECKING,,Debit Card DEBIT TRAN FOURTH STREET MARKET LAKEVIEW OH,FALSE
08/04/2024,Fourth Street Market,Debit Card DEBIT TRAN FOURTH STREET MARKET LAKEVIEW OH,1.34,Debit,Food & Dining,Convenience,FREE CHECKING,,Debit Card DEBIT TRAN FOURTH STREET MARKET LAKEVIEW OH,FALSE
08/04/2024,Fourth Street Market,Debit Card DEBIT TRAN FOURTH STREET MARKET LAKEVIEW OH,3.48,Debit,Food & Dining,Convenience,FREE CHECKING,,Debit Card DEBIT TRAN FOURTH STREET MARKET LAKEVIEW OH,FALSE
08/04/2024,Amc Theatres,Debit Card DEBIT TRAN AMC THEATRES #2255 LAKEVIEW OH,20.00,Debit,Entertainment,Movies & Music,FREE CHECKING,,Debit Card DEBIT TRAN AMC THEATRES #2255 LAKEVIEW OH,FALSE
08/03/2024,Transfer to Venmo,Withdrawal VENMO / TYPE: PAYMENT CO: VENMO %% ACH ECC WEB,16.06,Debit,Transfer,Venmo,FREE CHECKING,,TYPE: PAYMENT CO: VENMO %% ACH ECC WEB,FALSE
08/03/2024,Riverside Quick Stop,Debit Card DEBIT TRAN RIVERSIDE QUICK STOP LAKEVIEW OH,4.17,Debit,Food & Dining,Convenience,FREE CHECKING,,Debit Card DEBIT TRAN RIVERSIDE QUICK STOP LAKEVIEW OH,FALSE
08/03/2024,Panera Bread,Debit Card DEBIT TRAN PANERA BREAD #601442 LAKEVIEW OH,12.67,Debit,Food & Dining,Restaurants,FREE CHECKING,,Debit Card DEBIT TRAN PANERA BREAD #601442 LAKEVIEW OH,FALSE
08/03/2024,Fourth Street Market,Debit Card DEBIT TRAN FOURTH STREET MARKET LAKEVIEW OH,3.48,Debit,Food & Dining,Convenience,FREE CHECKING,,Debit Card DEBIT TRAN FOURTH STREET MARKET LAKEVIEW OH,FALSE
08/03/2024,Blue Line Snacks,Debit Card DEBIT TRAN BLUE LINE SNACKS LAKEVIEW OH,2.54,Debit,Food & Dining,Convenience,FREE CHECKING,,Debit Card DEBIT TRAN BLUE LINE SNACKS LAKEVIEW OH,FALSE
08/02/2024,Walgreens,Debit Card DEBIT TRAN WALGREENS #3310 LAKEVIEW OH,21.61,Debit,Health & Fitness,Pharmacy,FREE CHECKING,,Debit Card DEBIT TRAN WALGREENS #3310 LAKEVIEW OH,FALSE
08/02/2024,Fourth Street Market,Debit Card DEBIT TRAN FOURTH STREET MARKET LAKEVIEW OH,3.48,Debit,Food & Dining,Convenience,FREE CHECKING,,Debit Card DEBIT TRAN FOURTH STREET MARKET LAKEVIEW OH,FALSE
08/02/2024,Blue Line Snacks,Debit Card DEBIT TRAN BLUE LINE SNACKS LAKEVIEW OH,2.86,Debit,Food & Dining,Convenience,FREE CHECKING,,Debit Card DEBIT TRAN BLUE LINE SNACKS LAKEVIEW OH,FALSE
08/01/2024,Wendy's,Debit Card DEBIT TRAN WENDY'S #4471 LAKEVIEW OH,9.55,Debit,Food & Dining,Restaurants,FREE CHECKING,,Debit Card DEBIT TRAN WENDY'S #4471 LAKEVIEW OH,FALSE
08/01/2024,Old Rent Portal,Withdrawal OLD RENT PORTAL / TYPE: RENT CO: OLD RENT PORTAL %% ACH ECC WEB,1240.00,Debit,Home,Rent,FREE CHECKING,,TYPE: RENT CO: OLD RENT PORTAL %% ACH ECC WEB,FALSE
08/01/2024,Fourth Street Market,Debit Card DEBIT TRAN FOURTH STREET MARKET LAKEVIEW OH,3.48,Debit,Food & Dining,Convenience,FREE CHECKING,,Debit Card DEBIT TRAN FOURTH STREET MARKET LAKEVIEW OH,FALSE
07/31/2024,Transfer to Venmo,Withdrawal VENMO / TYPE: PAYMENT CO: VENMO %% ACH ECC WEB,39.96,Debit,Transfer,Venmo,FREE CHECKING,,TYPE: PAYMENT CO: VENMO %% ACH ECC WEB,FALSE
07/31/2024,Transfer from Account 0072,Transfer from Share 0072,750.00,Credit,Transfer,Transfer,SHARE SAVINGS,,Transfer from Share 0072,FALSE
07/31/2024,Transfer To Share,Transfer To Share 0001,750.00,Debit,Transfer,Transfer,FREE CHECKING,,Transfer To Share 0001,FALSE
07/31/2024,Amc Theatres,Debit Card DEBIT TRAN AMC THEATRES #2255 LAKEVIEW OH,16.68,Debit,Entertainment,Movies & Music,FREE CHECKING,,Debit Card DEBIT TRAN AMC THEATRES #2255 LAKEVIEW OH,FALSE
07/30/2024,Fourth Street Market,Debit Card DEBIT TRAN FOURTH STREET MARKET LAKEVIEW OH,5.35,Debit,Food & Dining,Convenience,FREE CHECKING,,Debit Card DEBIT TRAN FOURTH STREET MARKET LAKEVIEW OH,FALSE
07/30/2024,Fourth Street Market,Debit Card DEBIT TRAN FOURTH STREET MARKET LAKEVIEW OH,5.35,Debit,Food & Dining,Convenience,FREE CHECKING,,Debit Card DEBIT TRAN FOURTH STREET MARKET LAKEVIEW OH,FALSE
07/30/2024,Cafe Lumen,Debit Card DEBIT TRAN CAFE LUMEN LAKEVIEW OH,5.99,Debit,Food & Dining,Restaurants,FREE CHECKING,,Debit Card DEBIT TRAN CAFE LUMEN LAKEVIEW OH,FALSE
07/29/2024,Northgate Express Mart,Debit Card DEBIT TRAN NORTHGATE EXPRESS MART LAKEVIEW OH,8.18,Debit,Food & Dining,Convenience,FREE CHECKING,,Debit Card DEBIT TRAN NORTHGATE EXPRESS MART LAKEVIEW OH,FALSE
07/28/2024,Golden Wok,Debit Card DEBIT TRAN GOLDEN WOK LAKEVIEW OH,12.67,Debit,Food & Dining,Restaurants,FREE CHECKING,,Debit Card DEBIT TRAN GOLDEN WOK LAKEVIEW OH,FALSE
07/27/2024,Vantel Fiber,Withdrawal VANTEL FIBER / TYPE: INTERNET CO: VANTEL FIBER %% ACH ECC WEB,45.00,Debit,Bills & Utilities,Internet,FREE CHECKING,,TYPE: INTERNET CO: VANTEL FIBER %% ACH ECC WEB,FALSE
07/27/2024,Starbucks,Debit Card DEBIT TRAN STARBUCKS #22910 LAKEVIEW OH,6.79,Debit,Food & Dining,Restaurants,FREE CHECKING,,Debit Card DEBIT TRAN STARBUCKS #22910 LAKEVIEW OH,FALSE
07/27/2024,Panera Bread,Debit Card DEBIT TRAN PANERA BREAD #601442 LAKEVIEW OH,10.17,Debit,Food & Dining,Restaurants,FREE CHECKING,,Debit Card DEBIT TRAN PANERA BREAD #601442 LAKEVIEW OH,FALSE
07/26/2024,Starbucks,Debit Card DEBIT TRAN STARBUCKS #22910 LAKEVIEW OH,5.88,Debit,Food & Dining,Restaurants,FREE CHECKING,,Debit Card DEBIT TRAN STARBUCKS #22910 LAKEVIEW OH,FALSE
07/26/2024,Lakeview County Payroll,Deposit LAKEVIEW COUNTY PAYROLL / TYPE: DIRECT DEP ID: XXXXXX4410 CO: LAKEVIEW COUNTY %% ACH ECC PPD,1970.68,Credit,Income,Paycheck,FREE CHECKING,,TYPE: DIRECT DEP ID: XXXXXX4410 CO: LAKEVIEW COUNTY %% ACH ECC PPD,FALSE
07/25/2024,Northline Gas,Withdrawal NORTHLINE GAS / TYPE: GAS BILL CO: NORTHLINE GAS %% ACH ECC CCD,23.44,Debit,Bills & Utilities,Utilities,FREE CHECKING,,TYPE: GAS BILL CO: NORTHLINE GAS %% ACH ECC CCD,FALSE
07/25/2024,Kroger,Debit Card DEBIT TRAN KROGER #445 LAKEVIEW OH,31.09,Debit,Food & Dining,Groceries,FREE CHECKING,,Debit Card DEBIT TRAN KROGER #445 LAKEVIEW OH,FALSE
07/25/2024,Fourth Street Market,Debit Card DEBIT TRAN FOURTH STREET MARKET LAKEVIEW OH,1.61,Debit,Food & Dining,Convenience,FREE CHECKING,,Debit Card DEBIT TRAN FOURTH STREET MARKET LAKEVIEW OH,FALSE
07/25/2024,Fourth Street Market,Debit Card DEBIT TRAN FOURTH STREET MARKET LAKEVIEW OH,5.35,Debit,Food & Dining,Convenience,FREE CHECKING,,Debit Card DEBIT TRAN FOURTH STREET MARKET LAKEVIEW OH,FALSE
07/24/2024,Riverside Cinema,Debit Card DEBIT TRAN RIVERSIDE CINEMA LAKEVIEW OH,12.75,Debit,Entertainment,Movies & Music,FREE CHECKING,,Debit Card DEBIT TRAN RIVERSIDE CINEMA LAKEVIEW OH,FALSE
07/24/2024,Panera Bread,Debit Card DEBIT TRAN PANERA BREAD #601442 LAKEVIEW OH,13.60,Debit,Food & Dining,Restaurants,FREE CHECKING,,Debit Card DEBIT TRAN PANERA BREAD #601442 LAKEVIEW OH,FALSE
07/24/2024,Lakeview Pho House,Debit Card DEBIT TRAN LAKEVIEW PHO HOUSE LAKEVIEW OH,22.45,Debit,Food & Dining,Restaurants,FREE CHECKING,,Debit Card DEBIT TRAN LAKEVIEW PHO HOUSE LAKEVIEW OH,FALSE
07/23/2024,Sunfire Taqueria,Debit Card DEBIT TRAN SUNFIRE TAQUERIA LAKEVIEW OH,15.82,Debit,Food & Dining,Restaurants,FREE CHECKING,,Debit Card DEBIT TRAN SUNFIRE TAQUERIA LAKEVIEW OH,FALSE
07/22/2024,Kroger,Debit Card DEBIT TRAN KROGER #445 LAKEVIEW OH,40.54,Debit,Food & Dining,Groceries,FREE CHECKING,,Debit Card DEBIT TRAN KROGER #445 LAKEVIEW OH,FALSE
07/21/2024,Golden Wok,Debit Card DEBIT TRAN GOLDEN WOK LAKEVIEW OH,15.44,Debit,Food & Dining,Restaurants,FREE CHECKING,,Debit Card DEBIT TRAN GOLDEN WOK LAKEVIEW OH,FALSE
07/20/2024,Transfer to Venmo,Withdrawal VENMO / TYPE: PAYMENT CO: VENMO %% ACH ECC WEB,23.50,Debit,Transfer,Venmo,FREE CHECKING,,TYPE: PAYMENT CO: VENMO %% ACH ECC WEB,FALSE
07/20/2024,Lakeview Power & Light,Withdrawal LAKEVIEW PWR & LIGHT / TYPE: ELECTRIC ID: XXXXXX7002 CO: LAKEVIEW PWR LT %% ACH ECC CCD,98.58,Debit,Bills & Utilities,Utilities,FREE CHECKING,,TYPE: ELECTRIC ID: XXXXXX7002 CO: LAKEVIEW PWR LT %% ACH ECC CCD,FALSE
07/20/2024,Lakeview Pho House,Debit Card DEBIT TRAN LAKEVIEW PHO HOUSE LAKEVIEW OH,17.84,Debit,Food & Dining,Restaurants,FREE CHECKING,,Debit Card DEBIT TRAN LAKEVIEW PHO HOUSE LAKEVIEW OH,FALSE
07/20/2024,Cornerstone Life Ins Prem,Withdrawal CORNERSTONE LIFE INS PREM / TYPE: PREMIUM CO: CORNERSTONE LIFE %% ACH ECC PPD,93.00,Debit,Financial,Life Insurance,FREE CHECKING,,TYPE: PREMIUM CO: CORNERSTONE LIFE %% ACH ECC PPD,FALSE
07/19/2024,Riverside Quick Stop,Debit Card DEBIT TRAN RIVERSIDE QUICK STOP LAKEVIEW OH,4.71,Debit,Food & Dining,Convenience,FREE CHECKING,,Debit Card DEBIT TRAN RIVERSIDE QUICK STOP LAKEVIEW OH,FALSE
07/19/2024,Northgate Express Mart,Debit Card DEBIT TRAN NORTHGATE EXPRESS MART LAKEVIEW OH,4.81,Debit,Food & Dining,Convenience,FREE CHECKING,,Debit Card DEBIT TRAN NORTHGATE EXPRESS MART LAKEVIEW OH,FALSE
07/19/2024,Fourth Street Market,Debit Card DEBIT TRAN FOURTH STREET MARKET LAKEVIEW OH,5.35,Debit,Food & Dining,Convenience,FREE CHECKING,,Debit Card DEBIT TRAN FOURTH STREET MARKET LAKEVIEW OH,FALSE
07/19/2024,Fourth Street Market,Debit Card DEBIT TRAN FOURTH STREET MARKET LAKEVIEW OH,3.48,Debit,Food & Dining,Convenience,FREE CHECKING,,Debit Card DEBIT TRAN FOURTH STREET MARKET LAKEVIEW OH,FALSE
07/18/2024,Riverside Quick Stop,Debit Card DEBIT TRAN RIVERSIDE QUICK STOP LAKEVIEW OH,7.08,Debit,Food & Dining,Convenience,FREE CHECKING,,Debit Card DEBIT TRAN RIVERSIDE QUICK STOP LAKEVIEW OH,FALSE
07/16/2024,Riverside Quick Stop,Debit Card DEBIT TRAN RIVERSIDE QUICK STOP LAKEVIEW OH,7.30,Debit,Food & Dining,Convenience,FREE CHECKING,,Debit Card DEBIT TRAN RIVERSIDE QUICK STOP LAKEVIEW OH,FALSE
07/16/2024,Northgate Express Mart,Debit Card DEBIT TRAN NORTHGATE EXPRESS MART LAKEVIEW OH,4.79,Debit,Food & Dining,Convenience,FREE CHECKING,,Debit Card DEBIT TRAN NORTHGATE EXPRESS MART LAKEVIEW OH,FALSE
07/16/2024,Granite State Servicing,Withdrawal GRANITE STATE SERVICING / TYPE: STUDENT LN ID: XXXXXX2007 CO: GRANITE STATE SVC %% ACH ECC PPD,78.20,Debit,Education,Student Loan,FREE CHECKING,,TYPE: STUDENT LN ID: XXXXXX2007 CO: GRANITE STATE SVC %% ACH ECC PPD,FALSE
07/15/2024,Kroger,Debit Card DEBIT TRAN KROGER #445 LAKEVIEW OH,47.09,Debit,Food & Dining,Groceries,FREE CHECKING,,Debit Card DEBIT TRAN KROGER #445 LAKEVIEW OH,FALSE
07/15/2024,Fourth Street Market,Debit Card DEBIT TRAN FOURTH STREET MARKET LAKEVIEW OH,5.35,Debit,Food & Dining,Convenience,FREE CHECKING,,Debit Card DEBIT TRAN FOURTH STREET MARKET LAKEVIEW OH,FALSE
07/14/2024,Starbucks,Debit Card DEBIT TRAN STARBUCKS #22910 LAKEVIEW OH,4.28,Debit,Food & Dining,Restaurants,FREE CHECKING,,Debit Card DEBIT TRAN STARBUCKS #22910 LAKEVIEW OH,FALSE
07/14/2024,Northgate Express Mart,Debit Card DEBIT TRAN NORTHGATE EXPRESS MART LAKEVIEW OH,4.16,Debit,Food & Dining,Convenience,FREE CHECKING,,Debit Card DEBIT TRAN NORTHGATE EXPRESS MART LAKEVIEW OH,FALSE
07/14/2024,Fourth Street Market,Debit Card DEBIT TRAN FOURTH STREET MARKET LAKEVIEW OH,3.48,Debit,Food & Dining,Convenience,FREE CHECKING,,Debit Card DEBIT TRAN FOURTH STREET MARKET LAKEVIEW OH,FALSE
07/13/2024,Riverside Quick Stop,Debit Card DEBIT TRAN RIVERSIDE QUICK STOP LAKEVIEW OH,4.30,Debit,Food & Dining,Convenience,FREE CHECKING,,Debit Card DEBIT TRAN RIVERSIDE QUICK STOP LAKEVIEW OH,FALSE
07/13/2024,Amc Theatres,Debit Card DEBIT TRAN AMC THEATRES #2255 LAKEVIEW OH,18.31,Debit,Entertainment,Movies & Music,FREE CHECKING,,Debit Card DEBIT TRAN AMC THEATRES #2255 LAKEVIEW OH,FALSE
07/12/2024,Starbucks,Debit Card DEBIT TRAN STARBUCKS #22910 LAKEVIEW OH,4.93,Debit,Food & Dining,Restaurants,FREE CHECKING,,Debit Card DEBIT TRAN STARBUCKS #22910 LAKEVIEW OH,FALSE
07/12/2024,Lakeview County Payroll,Deposit LAKEVIEW COUNTY PAYROLL / TYPE: DIRECT DEP ID: XXXXXX4410 CO: LAKEVIEW COUNTY %% ACH ECC PPD,1970.68,Credit,Income,Paycheck,FREE CHECKING,,TYPE: DIRECT DEP ID: XXXXXX4410 CO: LAKEVIEW COUNTY %% ACH ECC PPD,FALSE
07/11/2024,Fourth Street Market,Debit Card DEBIT TRAN FOURTH STREET MARKET LAKEVIEW OH,1.34,Debit,Food & Dining,Convenience,FREE CHECKING,,Debit Card DEBIT TRAN FOURTH STREET MARKET LAKEVIEW OH,FALSE
07/10/2024,Transfer to Venmo,Withdrawal VENMO / TYPE: PAYMENT CO: VENMO %% ACH ECC WEB,41.43,Debit,Transfer,Venmo,FREE CHECKING,,TYPE: PAYMENT CO: VENMO %% ACH ECC WEB,FALSE
07/10/2024,Panera Bread,Debit Card DEBIT TRAN PANERA BREAD #601442 LAKEVIEW OH,13.20,Debit,Food & Dining,Restaurants,FREE CHECKING,,Debit Card DEBIT TRAN PANERA BREAD #601442 LAKEVIEW OH,FALSE
07/10/2024,Northgate Express Mart,Debit Card DEBIT TRAN NORTHGATE EXPRESS MART LAKEVIEW OH,8.68,Debit,Food & Dining,Convenience,FREE CHECKING,,Debit Card DEBIT TRAN NORTHGATE EXPRESS MART LAKEVIEW OH,FALSE
07/10/2024,Blue Line Snacks,Debit Card DEBIT TRAN BLUE LINE SNACKS LAKEVIEW OH,4.27,Debit,Food & Dining,Convenience,FREE CHECKING,,Debit Card DEBIT TRAN BLUE LINE SNACKS LAKEVIEW OH,FALSE
07/09/2024,Riverside Quick Stop,Debit Card DEBIT TRAN RIVERSIDE QUICK STOP LAKEVIEW OH,2.63,Debit,Food & Dining,Convenience,FREE CHECKING,,Debit Card DEBIT TRAN RIVERSIDE QUICK STOP LAKEVIEW OH,FALSE
07/09/2024,Northgate Express Mart,Debit Card DEBIT TRAN NORTHGATE EXPRESS MART LAKEVIEW OH,4.36,Debit,Food & Dining,Convenience,FREE CHECKING,,Debit Card DEBIT TRAN NORTHGATE EXPRESS MART LAKEVIEW OH,FALSE
07/09/2024,Blue Line Snacks,Debit Card DEBIT TRAN BLUE LINE SNACKS LAKEVIEW OH,3.15,Debit,Food & Dining,Convenience,FREE CHECKING,,Debit Card DEBIT TRAN BLUE LINE SNACKS LAKEVIEW OH,FALSE
07/08/2024,Fourth Street Market,Debit Card DEBIT TRAN FOURTH STREET MARKET LAKEVIEW OH,3.48,Debit,Food & Dining,Convenience,FREE CHECKING,,Debit Card DEBIT TRAN FOURTH STREET MARKET LAKEVIEW OH,FALSE
07/07/2024,Trader Joe's,Debit Card DEBIT TRAN TRADER JOE'S #712 LAKEVIEW OH,20.35,Debit,Food & Dining,Groceries,FREE CHECKING,,Debit Card DEBIT TRAN TRADER JOE'S #712 LAKEVIEW OH,FALSE
07/07/2024,Sunrise Bodega,Debit Card DEBIT TRAN SUNRISE BODEGA LAKEVIEW OH,4.37,Debit,Food & Dining,Convenience,FREE CHECKING,,Debit Card DEBIT TRAN SUNRISE BODEGA LAKEVIEW OH,FALSE
07/07/2024,Fourth Street Market,Debit Card DEBIT TRAN FOURTH STREET MARKET LAKEVIEW OH,3.48,Debit,Food & Dining,Convenience,FREE CHECKING,,Debit Card DEBIT TRAN FOURTH STREET MARKET LAKEVIEW OH,FALSE
07/06/2024,Vanguard Buy,Withdrawal VANGUARD BUY / TYPE: INVESTMENT CO: VMC %% ACH ECC WEB,1000.00,Debit,Investments,Investment,SHARE SAVINGS,,TYPE: INVESTMENT CO: VMC %% ACH ECC WEB,FALSE
07/06/2024,Fourth Street Market,Debit Card DEBIT TRAN FOURTH STREET MARKET LAKEVIEW OH,1.87,Debit,Food & Dining,Convenience,FREE CHECKING,,Debit Card DEBIT TRAN FOURTH STREET MARKET LAKEVIEW OH,FALSE
07/06/2024,Fourth Street Market,Debit Card DEBIT TRAN FOURTH STREET MARKET LAKEVIEW OH,5.35,Debit,Food & Dining,Convenience,FREE CHECKING,,Debit Card DEBIT TRAN FOURTH STREET MARKET LAKEVIEW OH,FALSE
07/06/2024,Fourth Street Market,Debit Card DEBIT TRAN FOURTH STREET MARKET LAKEVIEW OH,3.48,Debit,Food & Dining,Convenience,FREE CHECKING,,Debit Card DEBIT TRAN FOURTH STREET MARKET LAKEVIEW OH,FALSE
07/05/2024,Zelle to Linda Morgan,Withdrawal ZELLE TO LINDA MORGAN / TYPE: P2P CO: ZELLE %% ACH ECC WEB,120.00,Debit,Transfer,Zelle,FREE CHECKING,,TYPE: P2P CO: ZELLE %% ACH ECC WEB,FALSE
07/05/2024,LaundryCard Reload,Withdrawal LAUNDRYCARD RELOAD / TYPE: PURCHASE CO: LAUNDRYCARD,16.00,Debit,Home,Laundry,FREE CHECKING,,TYPE: PURCHASE CO: LAUNDRYCARD,FALSE
07/05/2024,Cvs/Pharmacy,Debit Card DEBIT TRAN CVS/PHARMACY #8812 LAKEVIEW OH,20.80,Debit,Health & Fitness,Pharmacy,FREE CHECKING,,Debit Card DEBIT TRAN CVS/PHARMACY #8812 LAKEVIEW OH,FALSE
07/04/2024,Lakeview Parking,Debit Card DEBIT TRAN LAKEVIEW PARKING LAKEVIEW OH,6.75,Debit,Auto & Transport,Rideshare,FREE CHECKING,,Debit Card DEBIT TRAN LAKEVIEW PARKING LAKEVIEW OH,FALSE
07/03/2024,Northgate Express Mart,Debit Card DEBIT TRAN NORTHGATE EXPRESS MART LAKEVIEW OH,4.37,Debit,Food & Dining,Convenience,FREE CHECKING,,Debit Card DEBIT TRAN NORTHGATE EXPRESS MART LAKEVIEW OH,FALSE
07/03/2024,Fourth Street Market,Debit Card DEBIT TRAN FOURTH STREET MARKET LAKEVIEW OH,6.96,Debit,Food & Dining,Convenience,FREE CHECKING,,Debit Card DEBIT TRAN FOURTH STREET MARKET LAKEVIEW OH,FALSE
07/03/2024,Fourth Street Market,Debit Card DEBIT TRAN FOURTH STREET MARKET LAKEVIEW OH,2.41,Debit,Food & Dining,Convenience,FREE CHECKING,,Debit Card DEBIT TRAN FOURTH STREET MARKET LAKEVIEW OH,FALSE
07/03/2024,Elm & 9Th Convenience,Debit Card DEBIT TRAN ELM & 9TH CONVENIENCE LAKEVIEW OH,5.96,Debit,Food & Dining,Convenience,FREE CHECKING,,Debit Card DEBIT TRAN ELM & 9TH CONVENIENCE LAKEVIEW OH,FALSE
07/01/2024,Riverside Quick Stop,Debit Card DEBIT TRAN RIVERSIDE QUICK STOP LAKEVIEW OH,5.73,Debit,Food & Dining,Convenience,FREE CHECKING,,Debit Card DEBIT TRAN RIVERSIDE QUICK STOP LAKEVIEW OH,FALSE
07/01/2024,Panera Bread,Debit Card DEBIT TRAN PANERA BREAD #601442 LAKEVIEW OH,13.62,Debit,Food & Dining,Restaurants,FREE CHECKING,,Debit Card DEBIT TRAN PANERA BREAD #601442 LAKEVIEW OH,FALSE
07/01/2024,Old Rent Portal,Withdrawal OLD RENT PORTAL / TYPE: RENT CO: OLD RENT PORTAL %% ACH ECC WEB,1240.00,Debit,Home,Rent,FREE CHECKING,,TYPE: RENT CO: OLD RENT PORTAL %% ACH ECC WEB,FALSE
