Date,Description,Original Description,Amount,Type,Parent Category,Category,Account,Tags,Memo,Pending
08/31/2026,Transfer from Account 0072,Transfer from Share 0072,500.00,Credit,Transfer,Transfer,SHARE SAVINGS,,Transfer from Share 0072,FALSE
08/31/2026,Transfer To Share,Transfer To Share 0001,500.00,Debit,Transfer,Transfer,FREE CHECKING,,Transfer To Share 0001,FALSE
08/27/2026,Vantel Fiber,Withdrawal VANTEL FIBER / TYPE: INTERNET CO: VANTEL FIBER %% ACH ECC WEB,49.00,Debit,Bills & Utilities,Internet,FREE CHECKING,,TYPE: INTERNET CO: VANTEL FIBER %% ACH ECC WEB,FALSE
08/25/2026,Transfer to Venmo,Withdrawal VENMO / TYPE: PAYMENT CO: VENMO %% ACH ECC WEB,21.24,Debit,Transfer,Venmo,FREE CHECKING,,TYPE: PAYMENT CO: VENMO %% ACH ECC WEB,FALSE
08/25/2026,Northline Gas,Withdrawal NORTHLINE GAS / TYPE: GAS BILL CO: NORTHLINE GAS %% ACH ECC CCD,18.12,Debit,Bills & Utilities,Utilities,FREE CHECKING,,TYPE: GAS BILL CO: NORTHLINE GAS %% ACH ECC CCD,FALSE
08/24/2026,Capital One Card Payment,Withdrawal CAPITAL ONE / TYPE: CRCARDPMT CO: CAPITAL ONE %% ACH ECC WEB,150.00,Debit,Transfer,Credit Card Payment,FREE CHECKING,,TYPE: CRCARDPMT CO: CAPITAL ONE %% ACH ECC WEB,FALSE
08/21/2026,Lakeview County Payroll,Deposit LAKEVIEW COUNTY PAYROLL / TYPE: DIRECT DEP ID: XXXXXX4410 CO: LAKEVIEW COUNTY %% ACH ECC PPD,1970.68,Credit,Income,Paycheck,FREE CHECKING,,TYPE: DIRECT DEP ID: XXXXXX4410 CO: LAKEVIEW COUNTY %% ACH ECC PPD,FALSE
08/21/2026,ATM Withdrawal Lakeshore CU,ATM Withdrawal LAKESHORE CU MAIN ST LAKEVIEW OH,40.00,Debit,Uncategorized,Cash,FREE CHECKING,,ATM Withdrawal LAKESHORE CU MAIN ST LAKEVIEW OH,FALSE
08/20/2026,Zelle to Alex Carver,Withdrawal ZELLE TO ALEX CARVER / TYPE: P2P CO: ZELLE %% ACH ECC WEB,3500.00,Debit,Transfer,Zelle,SHARE SAVINGS,,TYPE: P2P CO: ZELLE %% ACH ECC WEB,FALSE
08/20/2026,Lakeview Power & Light,Withdrawal LAKEVIEW PWR & LIGHT / TYPE: ELECTRIC ID: XXXXXX7002 CO: LAKEVIEW PWR LT %% ACH ECC CCD,95.09,Debit,Bills & Utilities,Utilities,FREE CHECKING,,TYPE: ELECTRIC ID: XXXXXX7002 CO: LAKEVIEW PWR LT %% ACH ECC CCD,FALSE
08/20/2026,Fourth Street Market,Debit Card DEBIT TRAN FOURTH STREET MARKET LAKEVIEW OH,5.35,Debit,Food & Dining,Convenience,FREE CHECKING,,Debit Card DEBIT TRAN FOURTH STREET MARKET LAKEVIEW OH,FALSE
08/18/2026,Transfer to Venmo,Withdrawal VENMO / TYPE: PAYMENT CO: VENMO %% ACH ECC WEB,23.50,Debit,Transfer,Venmo,FREE CHECKING,,TYPE: PAYMENT CO: VENMO %% ACH ECC WEB,FALSE
08/18/2026,ATM Withdrawal Lakeshore CU,ATM Withdrawal LAKESHORE CU MAIN ST LAKEVIEW OH,60.00,Debit,Uncategorized,Cash,FREE CHECKING,,ATM Withdrawal LAKESHORE CU MAIN ST LAKEVIEW OH,FALSE
08/16/2026,Granite State Servicing,Withdrawal GRANITE STATE SERVICING / TYPE: STUDENT LN ID: XXXXXX2007 CO: GRANITE STATE SVC %% ACH ECC PPD,78.20,Debit,Education,Student Loan,FREE CHECKING,,TYPE: STUDENT LN ID: XXXXXX2007 CO: GRANITE STATE SVC %% ACH ECC PPD,FALSE
08/16/2026,Chase Credit Card,Withdrawal CHASE CREDIT CRD / TYPE: AUTOPAY ID: XXXXXX4417 CO: CHASE CREDIT CRD %% ACH ECC WEB,878.28,Debit,Transfer,Credit Card Payment,FREE CHECKING,,TYPE: AUTOPAY ID: XXXXXX4417 CO: CHASE CREDIT CRD %% ACH ECC WEB,FALSE
08/16/2026,ATM Withdrawal Lakeshore CU,ATM Withdrawal LAKESHORE CU MAIN ST LAKEVIEW OH,60.00,Debit,Uncategorized,Cash,FREE CHECKING,,ATM Withdrawal LAKESHORE CU MAIN ST LAKEVIEW OH,FALSE
08/13/2026,Transfer to Share 0072,Transfer to Share 0072,200.00,Debit,Transfer,Transfer,SHARE SAVINGS,,Transfer to Share 0072,FALSE
08/13/2026,Transfer from Share 0001,Transfer from Share 0001,200.00,Credit,Transfer,Transfer,FREE CHECKING,,Transfer from Share 0001,FALSE
08/12/2026,ATM Withdrawal #4471 Fourth Street,ATM Withdrawal #4471 FOURTH STREET LAKEVIEW OH,20.00,Debit,Uncategorized,Cash,FREE CHECKING,,ATM Withdrawal #4471 FOURTH STREET LAKEVIEW OH,FALSE
08/12/2026,ATM Surcharge,ATM Surcharge FOURTH STREET,3.00,Debit,Fees & Charges,ATM Fee,FREE CHECKING,,ATM Surcharge FOURTH STREET,FALSE
08/07/2026,Lakeview County Payroll,Deposit LAKEVIEW COUNTY PAYROLL / TYPE: DIRECT DEP ID: XXXXXX4410 CO: LAKEVIEW COUNTY %% ACH ECC PPD,1970.68,Credit,Income,Paycheck,FREE CHECKING,,TYPE: DIRECT DEP ID: XXXXXX4410 CO: LAKEVIEW COUNTY %% ACH ECC PPD,FALSE
08/07/2026,Chase Credit Card,Withdrawal CHASE CREDIT CRD / TYPE: AUTOPAY ID: XXXXXX8802 CO: CHASE CREDIT CRD %% ACH ECC WEB,660.95,Debit,Transfer,Credit Card Payment,FREE CHECKING,,TYPE: AUTOPAY ID: XXXXXX8802 CO: CHASE CREDIT CRD %% ACH ECC WEB,FALSE
08/05/2026,Zelle to Linda Morgan,Withdrawal ZELLE TO LINDA MORGAN / TYPE: P2P CO: ZELLE %% ACH ECC WEB,120.00,Debit,Transfer,Zelle,FREE CHECKING,,TYPE: P2P CO: ZELLE %% ACH ECC WEB,FALSE
08/05/2026,LaundryCard Reload,Withdrawal LAUNDRYCARD RELOAD / TYPE: PURCHASE CO: LAUNDRYCARD,16.00,Debit,Home,Laundry,FREE CHECKING,,TYPE: PURCHASE CO: LAUNDRYCARD,FALSE
08/04/2026,Vanguard Buy,Withdrawal VANGUARD BUY / TYPE: INVESTMENT CO: VMC %% ACH ECC WEB,900.00,Debit,Investments,Investment,SHARE SAVINGS,,TYPE: INVESTMENT CO: VMC %% ACH ECC WEB,FALSE
08/01/2026,Havenbrook Residential,Withdrawal HAVENBROOK RESIDENTIAL / TYPE: RENT ID: XXXXXX2210 CO: HAVENBROOK RES %% ACH ECC PPD,1285.00,Debit,Home,Rent,FREE CHECKING,,TYPE: RENT ID: XXXXXX2210 CO: HAVENBROOK RES %% ACH ECC PPD,FALSE
07/31/2026,Transfer from Account 0072,Transfer from Share 0072,400.00,Credit,Transfer,Transfer,SHARE SAVINGS,,Transfer from Share 0072,FALSE
07/31/2026,Transfer To Share,Transfer To Share 0001,400.00,Debit,Transfer,Transfer,FREE CHECKING,,Transfer To Share 0001,FALSE
07/29/2026,Transfer to Venmo,Withdrawal VENMO / TYPE: PAYMENT CO: VENMO %% ACH ECC WEB,26.09,Debit,Transfer,Venmo,FREE CHECKING,,TYPE: PAYMENT CO: VENMO %% ACH ECC WEB,FALSE
07/28/2026,Transfer to Venmo,Withdrawal VENMO / TYPE: PAYMENT CO: VENMO %% ACH ECC WEB,7.00,Debit,Transfer,Venmo,FREE CHECKING,,TYPE: PAYMENT CO: VENMO %% ACH ECC WEB,FALSE
07/28/2026,ATM Withdrawal Lakeshore CU,ATM Withdrawal LAKESHORE CU MAIN ST LAKEVIEW OH,40.00,Debit,Uncategorized,Cash,FREE CHECKING,,ATM Withdrawal LAKESHORE CU MAIN ST LAKEVIEW OH,FALSE
07/27/2026,Vantel Fiber,Withdrawal VANTEL FIBER / TYPE: INTERNET CO: VANTEL FIBER %% ACH ECC WEB,49.00,Debit,Bills & Utilities,Internet,FREE CHECKING,,TYPE: INTERNET CO: VANTEL FIBER %% ACH ECC WEB,FALSE
07/27/2026,Transfer to Venmo,Withdrawal VENMO / TYPE: PAYMENT CO: VENMO %% ACH ECC WEB,23.50,Debit,Transfer,Venmo,FREE CHECKING,,TYPE: PAYMENT CO: VENMO %% ACH ECC WEB,FALSE
07/27/2026,Lakeview Farmers Market,Debit Card DEBIT TRAN LAKEVIEW FARMERS MARKET LAKEVIEW OH,14.07,Debit,Food & Dining,Groceries,FREE CHECKING,,Debit Card DEBIT TRAN LAKEVIEW FARMERS MARKET LAKEVIEW OH,FALSE
07/25/2026,Northline Gas,Withdrawal NORTHLINE GAS / TYPE: GAS BILL CO: NORTHLINE GAS %% ACH ECC CCD,25.94,Debit,Bills & Utilities,Utilities,FREE CHECKING,,TYPE: GAS BILL CO: NORTHLINE GAS %% ACH ECC CCD,FALSE
07/24/2026,Lakeview County Payroll,Deposit LAKEVIEW COUNTY PAYROLL / TYPE: DIRECT DEP ID: XXXXXX4410 CO: LAKEVIEW COUNTY %% ACH ECC PPD,1970.68,Credit,Income,Paycheck,FREE CHECKING,,TYPE: DIRECT DEP ID: XXXXXX4410 CO: LAKEVIEW COUNTY %% ACH ECC PPD,FALSE
07/21/2026,Panera Bread,Debit Card DEBIT TRAN PANERA BREAD #601442 LAKEVIEW OH,9.14,Debit,Food & Dining,Restaurants,FREE CHECKING,,Debit Card DEBIT TRAN PANERA BREAD #601442 LAKEVIEW OH,FALSE
07/20/2026,Lakeview Power & Light,Withdrawal LAKEVIEW PWR & LIGHT / TYPE: ELECTRIC ID: XXXXXX7002 CO: LAKEVIEW PWR LT %% ACH ECC CCD,99.62,Debit,Bills & Utilities,Utilities,FREE CHECKING,,TYPE: ELECTRIC ID: XXXXXX7002 CO: LAKEVIEW PWR LT %% ACH ECC CCD,FALSE
07/20/2026,Cornerstone Life Ins Prem,Withdrawal CORNERSTONE LIFE INS PREM / TYPE: PREMIUM CO: CORNERSTONE LIFE %% ACH ECC PPD,93.00,Debit,Financial,Life Insurance,FREE CHECKING,,TYPE: PREMIUM CO: CORNERSTONE LIFE %% ACH ECC PPD,FALSE
07/19/2026,Transfer to Venmo,Withdrawal VENMO / TYPE: PAYMENT CO: VENMO %% ACH ECC WEB,21.57,Debit,Transfer,Venmo,FREE CHECKING,,TYPE: PAYMENT CO: VENMO %% ACH ECC WEB,FALSE
07/17/2026,Streamco Settlement Fund,Deposit STREAMCO SETTLEMENT FUND / TYPE: SETTLEMENT CO: STREAMCO CLAIMS,1940.00,Credit,Income,Other Income,FREE CHECKING,,TYPE: SETTLEMENT CO: STREAMCO CLAIMS,FALSE
07/16/2026,Granite State Servicing,Withdrawal GRANITE STATE SERVICING / TYPE: STUDENT LN ID: XXXXXX2007 CO: GRANITE STATE SVC %% ACH ECC PPD,78.20,Debit,Education,Student Loan,FREE CHECKING,,TYPE: STUDENT LN ID: XXXXXX2007 CO: GRANITE STATE SVC %% ACH ECC PPD,FALSE
07/16/2026,Chase Credit Card,Withdrawal CHASE CREDIT CRD / TYPE: AUTOPAY ID: XXXXXX4417 CO: CHASE CREDIT CRD %% ACH ECC WEB,1740.47,Debit,Transfer,Credit Card Payment,FREE CHECKING,,TYPE: AUTOPAY ID: XXXXXX4417 CO: CHASE CREDIT CRD %% ACH ECC WEB,FALSE
07/15/2026,Transfer to Share 0072,Transfer to Share 0072,200.00,Debit,Transfer,Transfer,SHARE SAVINGS,,Transfer to Share 0072,FALSE
07/15/2026,Transfer from Share 0001,Transfer from Share 0001,200.00,Credit,Transfer,Transfer,FREE CHECKING,,Transfer from Share 0001,FALSE
07/14/2026,Chipotle,Debit Card DEBIT TRAN CHIPOTLE 2291 LAKEVIEW OH,13.53,Debit,Food & Dining,Restaurants,FREE CHECKING,,Debit Card DEBIT TRAN CHIPOTLE 2291 LAKEVIEW OH,FALSE
07/10/2026,Lakeview County Payroll,Deposit LAKEVIEW COUNTY PAYROLL / TYPE: DIRECT DEP ID: XXXXXX4410 CO: LAKEVIEW COUNTY %% ACH ECC PPD,1970.68,Credit,Income,Paycheck,FREE CHECKING,,TYPE: DIRECT DEP ID: XXXXXX4410 CO: LAKEVIEW COUNTY %% ACH ECC PPD,FALSE
07/10/2026,Fourth Street Market,Debit Card DEBIT TRAN FOURTH STREET MARKET LAKEVIEW OH,1.87,Debit,Food & Dining,Convenience,FREE CHECKING,,Debit Card DEBIT TRAN FOURTH STREET MARKET LAKEVIEW OH,FALSE
07/07/2026,Chase Credit Card,Withdrawal CHASE CREDIT CRD / TYPE: AUTOPAY ID: XXXXXX8802 CO: CHASE CREDIT CRD %% ACH ECC WEB,279.83,Debit,Transfer,Credit Card Payment,FREE CHECKING,,TYPE: AUTOPAY ID: XXXXXX8802 CO: CHASE CREDIT CRD %% ACH ECC WEB,FALSE
07/05/2026,Zelle to Linda Morgan,Withdrawal ZELLE TO LINDA MORGAN / TYPE: P2P CO: ZELLE %% ACH ECC WEB,120.00,Debit,Transfer,Zelle,FREE CHECKING,,TYPE: P2P CO: ZELLE %% ACH ECC WEB,FALSE
07/05/2026,LaundryCard Reload,Withdrawal LAUNDRYCARD RELOAD / TYPE: PURCHASE CO: LAUNDRYCARD,16.00,Debit,Home,Laundry,FREE CHECKING,,TYPE: PURCHASE CO: LAUNDRYCARD,FALSE
07/04/2026,ATM Withdrawal Lakeshore CU,ATM Withdrawal LAKESHORE CU MAIN ST LAKEVIEW OH,40.00,Debit,Uncategorized,Cash,FREE CHECKING,,ATM Withdrawal LAKESHORE CU MAIN ST LAKEVIEW OH,FALSE
07/02/2026,Vanguard Buy,Withdrawal VANGUARD BUY / TYPE: INVESTMENT CO: VMC %% ACH ECC WEB,1200.00,Debit,Investments,Investment,SHARE SAVINGS,,TYPE: INVESTMENT CO: VMC %% ACH ECC WEB,FALSE
07/01/2026,Transfer to Venmo,Withdrawal VENMO / TYPE: PAYMENT CO: VENMO %% ACH ECC WEB,47.91,Debit,Transfer,Venmo,FREE CHECKING,,TYPE: PAYMENT CO: VENMO %% ACH ECC WEB,FALSE
07/01/2026,Havenbrook Residential,Withdrawal HAVENBROOK RESIDENTIAL / TYPE: RENT ID: XXXXXX2210 CO: HAVENBROOK RES %% ACH ECC PPD,1285.00,Debit,Home,Rent,FREE CHECKING,,TYPE: RENT ID: XXXXXX2210 CO: HAVENBROOK RES %% ACH ECC PPD,FALSE
06/30/2026,Transfer from Account 0072,Transfer from Share 0072,400.00,Credit,Transfer,Transfer,SHARE SAVINGS,,Transfer from Share 0072,FALSE
06/30/2026,Transfer To Share,Transfer To Share 0001,400.00,Debit,Transfer,Transfer,FREE CHECKING,,Transfer To Share 0001,FALSE
06/27/2026,Vantel Fiber,Withdrawal VANTEL FIBER / TYPE: INTERNET CO: VANTEL FIBER %% ACH ECC WEB,49.00,Debit,Bills & Utilities,Internet,FREE CHECKING,,TYPE: INTERNET CO: VANTEL FIBER %% ACH ECC WEB,FALSE
06/26/2026,Lakeview County Payroll,Deposit LAKEVIEW COUNTY PAYROLL / TYPE: DIRECT DEP ID: XXXXXX4410 CO: LAKEVIEW COUNTY %% ACH ECC PPD,1970.68,Credit,Income,Paycheck,FREE CHECKING,,TYPE: DIRECT DEP ID: XXXXXX4410 CO: LAKEVIEW COUNTY %% ACH ECC PPD,FALSE
06/25/2026,Northline Gas,Withdrawal NORTHLINE GAS / TYPE: GAS BILL CO: NORTHLINE GAS %% ACH ECC CCD,18.05,Debit,Bills & Utilities,Utilities,FREE CHECKING,,TYPE: GAS BILL CO: NORTHLINE GAS %% ACH ECC CCD,FALSE
06/20/2026,Lakeview Power & Light,Withdrawal LAKEVIEW PWR & LIGHT / TYPE: ELECTRIC ID: XXXXXX7002 CO: LAKEVIEW PWR LT %% ACH ECC CCD,90.76,Debit,Bills & Utilities,Utilities,FREE CHECKING,,TYPE: ELECTRIC ID: XXXXXX7002 CO: LAKEVIEW PWR LT %% ACH ECC CCD,FALSE
06/18/2026,Fourth Street Market,Debit Card DEBIT TRAN FOURTH STREET MARKET LAKEVIEW OH,5.35,Debit,Food & Dining,Convenience,FREE CHECKING,,Debit Card DEBIT TRAN FOURTH STREET MARKET LAKEVIEW OH,FALSE
06/16/2026,Granite State Servicing,Withdrawal GRANITE STATE SERVICING / TYPE: STUDENT LN ID: XXXXXX2007 CO: GRANITE STATE SVC %% ACH ECC PPD,78.20,Debit,Education,Student Loan,FREE CHECKING,,TYPE: STUDENT LN ID: XXXXXX2007 CO: GRANITE STATE SVC %% ACH ECC PPD,FALSE
06/16/2026,Chase Credit Card,Withdrawal CHASE CREDIT CRD / TYPE: AUTOPAY ID: XXXXXX4417 CO: CHASE CREDIT CRD %% ACH ECC WEB,300.53,Debit,Transfer,Credit Card Payment,FREE CHECKING,,TYPE: AUTOPAY ID: XXXXXX4417 CO: CHASE CREDIT CRD %% ACH ECC WEB,FALSE
06/14/2026,Transfer to Venmo,Withdrawal VENMO / TYPE: PAYMENT CO: VENMO %% ACH ECC WEB,8.00,Debit,Transfer,Venmo,FREE CHECKING,,TYPE: PAYMENT CO: VENMO %% ACH ECC WEB,FALSE
06/12/2026,Lakeview County Payroll,Deposit LAKEVIEW COUNTY PAYROLL / TYPE: DIRECT DEP ID: XXXXXX4410 CO: LAKEVIEW COUNTY %% ACH ECC PPD,1970.68,Credit,Income,Paycheck,FREE CHECKING,,TYPE: DIRECT DEP ID: XXXXXX4410 CO: LAKEVIEW COUNTY %% ACH ECC PPD,FALSE
06/10/2026,Starbucks,Debit Card DEBIT TRAN STARBUCKS #22910 LAKEVIEW OH,4.72,Debit,Food & Dining,Restaurants,FREE CHECKING,,Debit Card DEBIT TRAN STARBUCKS #22910 LAKEVIEW OH,FALSE
06/09/2026,Transfer to Venmo,Withdrawal VENMO / TYPE: PAYMENT CO: VENMO %% ACH ECC WEB,18.50,Debit,Transfer,Venmo,FREE CHECKING,,TYPE: PAYMENT CO: VENMO %% ACH ECC WEB,FALSE
06/09/2026,Aldi,Debit Card DEBIT TRAN ALDI 71034 LAKEVIEW OH,24.63,Debit,Food & Dining,Groceries,FREE CHECKING,,Debit Card DEBIT TRAN ALDI 71034 LAKEVIEW OH,FALSE
06/09/2026,ATM Withdrawal Lakeshore CU,ATM Withdrawal LAKESHORE CU MAIN ST LAKEVIEW OH,60.00,Debit,Uncategorized,Cash,FREE CHECKING,,ATM Withdrawal LAKESHORE CU MAIN ST LAKEVIEW OH,FALSE
06/08/2026,ATM Withdrawal #4471 Fourth Street,ATM Withdrawal #4471 FOURTH STREET LAKEVIEW OH,20.00,Debit,Uncategorized,Cash,FREE CHECKING,,ATM Withdrawal #4471 FOURTH STREET LAKEVIEW OH,FALSE
06/08/2026,ATM Surcharge,ATM Surcharge FOURTH STREET,3.00,Debit,Fees & Charges,ATM Fee,FREE CHECKING,,ATM Surcharge FOURTH STREET,FALSE
06/07/2026,Chase Credit Card,Withdrawal CHASE CREDIT CRD / TYPE: AUTOPAY ID: XXXXXX8802 CO: CHASE CREDIT CRD %% ACH ECC WEB,488.97,Debit,Transfer,Credit Card Payment,FREE CHECKING,,TYPE: AUTOPAY ID: XXXXXX8802 CO: CHASE CREDIT CRD %% ACH ECC WEB,FALSE
06/05/2026,Zelle to Linda Morgan,Withdrawal ZELLE TO LINDA MORGAN / TYPE: P2P CO: ZELLE %% ACH ECC WEB,120.00,Debit,Transfer,Zelle,FREE CHECKING,,TYPE: P2P CO: ZELLE %% ACH ECC WEB,FALSE
06/05/2026,LaundryCard Reload,Withdrawal LAUNDRYCARD RELOAD / TYPE: PURCHASE CO: LAUNDRYCARD,16.00,Debit,Home,Laundry,FREE CHECKING,,TYPE: PURCHASE CO: LAUNDRYCARD,FALSE
06/04/2026,Vanguard Buy,Withdrawal VANGUARD BUY / TYPE: INVESTMENT CO: VMC %% ACH ECC WEB,1500.00,Debit,Investments,Investment,SHARE SAVINGS,,TYPE: INVESTMENT CO: VMC %% ACH ECC WEB,FALSE
06/04/2026,Starbucks,Debit Card DEBIT TRAN STARBUCKS #22910 LAKEVIEW OH,4.20,Debit,Food & Dining,Restaurants,FREE CHECKING,,Debit Card DEBIT TRAN STARBUCKS #22910 LAKEVIEW OH,FALSE
06/01/2026,Havenbrook Residential,Withdrawal HAVENBROOK RESIDENTIAL / TYPE: RENT ID: XXXXXX2210 CO: HAVENBROOK RES %% ACH ECC PPD,1285.00,Debit,Home,Rent,FREE CHECKING,,TYPE: RENT ID: XXXXXX2210 CO: HAVENBROOK RES %% ACH ECC PPD,FALSE
05/31/2026,Transfer from Account 0072,Transfer from Share 0072,500.00,Credit,Transfer,Transfer,SHARE SAVINGS,,Transfer from Share 0072,FALSE
05/31/2026,Transfer To Share,Transfer To Share 0001,500.00,Debit,Transfer,Transfer,FREE CHECKING,,Transfer To Share 0001,FALSE
05/29/2026,Lakeview County Payroll,Deposit LAKEVIEW COUNTY PAYROLL / TYPE: DIRECT DEP ID: XXXXXX4410 CO: LAKEVIEW COUNTY %% ACH ECC PPD,1970.68,Credit,Income,Paycheck,FREE CHECKING,,TYPE: DIRECT DEP ID: XXXXXX4410 CO: LAKEVIEW COUNTY %% ACH ECC PPD,FALSE
05/29/2026,Fourth Street Market,Debit Card DEBIT TRAN FOURTH STREET MARKET LAKEVIEW OH,5.35,Debit,Food & Dining,Convenience,FREE CHECKING,,Debit Card DEBIT TRAN FOURTH STREET MARKET LAKEVIEW OH,FALSE
05/27/2026,Vantel Fiber,Withdrawal VANTEL FIBER / TYPE: INTERNET CO: VANTEL FIBER %% ACH ECC WEB,49.00,Debit,Bills & Utilities,Internet,FREE CHECKING,,TYPE: INTERNET CO: VANTEL FIBER %% ACH ECC WEB,FALSE
05/25/2026,Northline Gas,Withdrawal NORTHLINE GAS / TYPE: GAS BILL CO: NORTHLINE GAS %% ACH ECC CCD,22.42,Debit,Bills & Utilities,Utilities,FREE CHECKING,,TYPE: GAS BILL CO: NORTHLINE GAS %% ACH ECC CCD,FALSE
05/22/2026,Fourth Street Market,Debit Card DEBIT TRAN FOURTH STREET MARKET LAKEVIEW OH,5.35,Debit,Food & Dining,Convenience,FREE CHECKING,,Debit Card DEBIT TRAN FOURTH STREET MARKET LAKEVIEW OH,FALSE
05/22/2026,Costco Whse,Debit Card DEBIT TRAN COSTCO WHSE #1187 LAKEVIEW OH,74.76,Debit,Food & Dining,Groceries,FREE CHECKING,,Debit Card DEBIT TRAN COSTCO WHSE #1187 LAKEVIEW OH,FALSE
05/20/2026,Lakeview Power & Light,Withdrawal LAKEVIEW PWR & LIGHT / TYPE: ELECTRIC ID: XXXXXX7002 CO: LAKEVIEW PWR LT %% ACH ECC CCD,82.08,Debit,Bills & Utilities,Utilities,FREE CHECKING,,TYPE: ELECTRIC ID: XXXXXX7002 CO: LAKEVIEW PWR LT %% ACH ECC CCD,FALSE
05/19/2026,Trader Joe's,Debit Card DEBIT TRAN TRADER JOE'S #712 LAKEVIEW OH,39.42,Debit,Food & Dining,Groceries,FREE CHECKING,,Debit Card DEBIT TRAN TRADER JOE'S #712 LAKEVIEW OH,FALSE
05/18/2026,Transfer to Venmo,Withdrawal VENMO / TYPE: PAYMENT CO: VENMO %% ACH ECC WEB,23.50,Debit,Transfer,Venmo,FREE CHECKING,,TYPE: PAYMENT CO: VENMO %% ACH ECC WEB,FALSE
05/18/2026,Target,Debit Card DEBIT TRAN TARGET 00028215 LAKEVIEW OH,54.17,Debit,Shopping,General Merchandise,FREE CHECKING,,Debit Card DEBIT TRAN TARGET 00028215 LAKEVIEW OH,FALSE
05/18/2026,Lyft *Ride Fri 11Pm,Debit Card DEBIT TRAN LYFT *RIDE FRI 11PM LAKEVIEW OH,12.95,Debit,Auto & Transport,Rideshare,FREE CHECKING,,Debit Card DEBIT TRAN LYFT *RIDE FRI 11PM LAKEVIEW OH,FALSE
05/17/2026,Riverside Cinema,Debit Card DEBIT TRAN RIVERSIDE CINEMA LAKEVIEW OH,16.64,Debit,Entertainment,Movies & Music,FREE CHECKING,,Debit Card DEBIT TRAN RIVERSIDE CINEMA LAKEVIEW OH,FALSE
05/17/2026,Fourth Street Market,Debit Card DEBIT TRAN FOURTH STREET MARKET LAKEVIEW OH,5.35,Debit,Food & Dining,Convenience,FREE CHECKING,,Debit Card DEBIT TRAN FOURTH STREET MARKET LAKEVIEW OH,FALSE
05/16/2026,Granite State Servicing,Withdrawal GRANITE STATE SERVICING / TYPE: STUDENT LN ID: XXXXXX2007 CO: GRANITE STATE SVC %% ACH ECC PPD,78.20,Debit,Education,Student Loan,FREE CHECKING,,TYPE: STUDENT LN ID: XXXXXX2007 CO: GRANITE STATE SVC %% ACH ECC PPD,FALSE
05/16/2026,Elm & 9Th Convenience,Debit Card DEBIT TRAN ELM & 9TH CONVENIENCE LAKEVIEW OH,3.57,Debit,Food & Dining,Convenience,FREE CHECKING,,Debit Card DEBIT TRAN ELM & 9TH CONVENIENCE LAKEVIEW OH,FALSE
05/16/2026,Chase Credit Card,Withdrawal CHASE CREDIT CRD / TYPE: AUTOPAY ID: XXXXXX4417 CO: CHASE CREDIT CRD %% ACH ECC WEB,122.17,Debit,Transfer,Credit Card Payment,FREE CHECKING,,TYPE: AUTOPAY ID: XXXXXX4417 CO: CHASE CREDIT CRD %% ACH ECC WEB,FALSE
05/15/2026,Transfer to Venmo,Withdrawal VENMO / TYPE: PAYMENT CO: VENMO %% ACH ECC WEB,8.00,Debit,Transfer,Venmo,FREE CHECKING,,TYPE: PAYMENT CO: VENMO %% ACH ECC WEB,FALSE
05/15/2026,Lakeview County Payroll,Deposit LAKEVIEW COUNTY PAYROLL / TYPE: DIRECT DEP ID: XXXXXX4410 CO: LAKEVIEW COUNTY %% ACH ECC PPD,1970.68,Credit,Income,Paycheck,FREE CHECKING,,TYPE: DIRECT DEP ID: XXXXXX4410 CO: LAKEVIEW COUNTY %% ACH ECC PPD,FALSE
05/15/2026,Fourth Street Market,Debit Card DEBIT TRAN FOURTH STREET MARKET LAKEVIEW OH,5.62,Debit,Food & Dining,Convenience,FREE CHECKING,,Debit Card DEBIT TRAN FOURTH STREET MARKET LAKEVIEW OH,FALSE
05/15/2026,Cafe Lumen,Debit Card DEBIT TRAN CAFE LUMEN LAKEVIEW OH,7.09,Debit,Food & Dining,Restaurants,FREE CHECKING,,Debit Card DEBIT TRAN CAFE LUMEN LAKEVIEW OH,FALSE
05/14/2026,Transfer to Share 0072,Transfer to Share 0072,300.00,Debit,Transfer,Transfer,SHARE SAVINGS,,Transfer to Share 0072,FALSE
05/14/2026,Transfer from Share 0001,Transfer from Share 0001,300.00,Credit,Transfer,Transfer,FREE CHECKING,,Transfer from Share 0001,FALSE
05/14/2026,Fourth Street Market,Debit Card DEBIT TRAN FOURTH STREET MARKET LAKEVIEW OH,1.87,Debit,Food & Dining,Convenience,FREE CHECKING,,Debit Card DEBIT TRAN FOURTH STREET MARKET LAKEVIEW OH,FALSE
05/13/2026,Fourth Street Market,Debit Card DEBIT TRAN FOURTH STREET MARKET LAKEVIEW OH,3.48,Debit,Food & Dining,Convenience,FREE CHECKING,,Debit Card DEBIT TRAN FOURTH STREET MARKET LAKEVIEW OH,FALSE
05/12/2026,Chipotle,Debit Card DEBIT TRAN CHIPOTLE 2291 LAKEVIEW OH,11.44,Debit,Food & Dining,Restaurants,FREE CHECKING,,Debit Card DEBIT TRAN CHIPOTLE 2291 LAKEVIEW OH,FALSE
05/11/2026,Trader Joe's,Debit Card DEBIT TRAN TRADER JOE'S #712 LAKEVIEW OH,31.88,Debit,Food & Dining,Groceries,FREE CHECKING,,Debit Card DEBIT TRAN TRADER JOE'S #712 LAKEVIEW OH,FALSE
05/11/2026,Fourth Street Market,Debit Card DEBIT TRAN FOURTH STREET MARKET LAKEVIEW OH,5.35,Debit,Food & Dining,Convenience,FREE CHECKING,,Debit Card DEBIT TRAN FOURTH STREET MARKET LAKEVIEW OH,FALSE
05/10/2026,Trader Joe's,Debit Card DEBIT TRAN TRADER JOE'S #712 LAKEVIEW OH,36.65,Debit,Food & Dining,Groceries,FREE CHECKING,,Debit Card DEBIT TRAN TRADER JOE'S #712 LAKEVIEW OH,FALSE
05/10/2026,Lyft *Ride Sat 2Pm,Debit Card DEBIT TRAN LYFT *RIDE SAT 2PM LAKEVIEW OH,14.75,Debit,Auto & Transport,Rideshare,FREE CHECKING,,Debit Card DEBIT TRAN LYFT *RIDE SAT 2PM LAKEVIEW OH,FALSE
05/08/2026,Fourth Street Market,Debit Card DEBIT TRAN FOURTH STREET MARKET LAKEVIEW OH,5.35,Debit,Food & Dining,Convenience,FREE CHECKING,,Debit Card DEBIT TRAN FOURTH STREET MARKET LAKEVIEW OH,FALSE
05/08/2026,Fourth Street Market,Debit Card DEBIT TRAN FOURTH STREET MARKET LAKEVIEW OH,5.35,Debit,Food & Dining,Convenience,FREE CHECKING,,Debit Card DEBIT TRAN FOURTH STREET MARKET LAKEVIEW OH,FALSE
05/08/2026,Corner Books Lakeview,Debit Card DEBIT TRAN CORNER BOOKS LAKEVIEW LAKEVIEW OH,10.79,Debit,Entertainment,Movies & Music,FREE CHECKING,,Debit Card DEBIT TRAN CORNER BOOKS LAKEVIEW LAKEVIEW OH,FALSE
05/07/2026,Riverside Quick Stop,Debit Card DEBIT TRAN RIVERSIDE QUICK STOP LAKEVIEW OH,3.53,Debit,Food & Dining,Convenience,FREE CHECKING,,Debit Card DEBIT TRAN RIVERSIDE QUICK STOP LAKEVIEW OH,FALSE
05/07/2026,Lyft *Ride Mon 6Pm,Debit Card DEBIT TRAN LYFT *RIDE MON 6PM LAKEVIEW OH,16.16,Debit,Auto & Transport,Rideshare,FREE CHECKING,,Debit Card DEBIT TRAN LYFT *RIDE MON 6PM LAKEVIEW OH,FALSE
05/07/2026,Chase Credit Card,Withdrawal CHASE CREDIT CRD / TYPE: AUTOPAY ID: XXXXXX8802 CO: CHASE CREDIT CRD %% ACH ECC WEB,121.30,Debit,Transfer,Credit Card Payment,FREE CHECKING,,TYPE: AUTOPAY ID: XXXXXX8802 CO: CHASE CREDIT CRD %% ACH ECC WEB,FALSE
05/06/2026,Vanguard Buy,Withdrawal VANGUARD BUY / TYPE: INVESTMENT CO: VMC %% ACH ECC WEB,1200.00,Debit,Investments,Investment,SHARE SAVINGS,,TYPE: INVESTMENT CO: VMC %% ACH ECC WEB,FALSE
05/06/2026,Aldi,Debit Card DEBIT TRAN ALDI 71034 LAKEVIEW OH,27.98,Debit,Food & Dining,Groceries,FREE CHECKING,,Debit Card DEBIT TRAN ALDI 71034 LAKEVIEW OH,FALSE
05/05/2026,Zelle to Linda Morgan,Withdrawal ZELLE TO LINDA MORGAN / TYPE: P2P CO: ZELLE %% ACH ECC WEB,120.00,Debit,Transfer,Zelle,FREE CHECKING,,TYPE: P2P CO: ZELLE %% ACH ECC WEB,FALSE
05/05/2026,LaundryCard Reload,Withdrawal LAUNDRYCARD RELOAD / TYPE: PURCHASE CO: LAUNDRYCARD,16.00,Debit,Home,Laundry,FREE CHECKING,,TYPE: PURCHASE CO: LAUNDRYCARD,FALSE
05/04/2026,Fourth Street Market,Debit Card DEBIT TRAN FOURTH STREET MARKET LAKEVIEW OH,5.35,Debit,Food & Dining,Convenience,FREE CHECKING,,Debit Card DEBIT TRAN FOURTH STREET MARKET LAKEVIEW OH,FALSE
05/03/2026,Fourth Street Market,Debit Card DEBIT TRAN FOURTH STREET MARKET LAKEVIEW OH,1.34,Debit,Food & Dining,Convenience,FREE CHECKING,,Debit Card DEBIT TRAN FOURTH STREET MARKET LAKEVIEW OH,FALSE
05/01/2026,Lakeview Transit Auth,Debit Card DEBIT TRAN LAKEVIEW TRANSIT AUTH LAKEVIEW OH,2.75,Debit,Auto & Transport,Public Transit,FREE CHECKING,,Debit Card DEBIT TRAN LAKEVIEW TRANSIT AUTH LAKEVIEW OH,FALSE
05/01/2026,Lakeview Transit Auth,Debit Card DEBIT TRAN LAKEVIEW TRANSIT AUTH LAKEVIEW OH,2.75,Debit,Auto & Transport,Public Transit,FREE CHECKING,,Debit Card DEBIT TRAN LAKEVIEW TRANSIT AUTH LAKEVIEW OH,FALSE
05/01/2026,Lakeview County Payroll,Deposit LAKEVIEW COUNTY PAYROLL / TYPE: DIRECT DEP ID: XXXXXX4410 CO: LAKEVIEW COUNTY %% ACH ECC PPD,1970.68,Credit,Income,Paycheck,FREE CHECKING,,TYPE: DIRECT DEP ID: XXXXXX4410 CO: LAKEVIEW COUNTY %% ACH ECC PPD,FALSE
05/01/2026,Havenbrook Residential,Withdrawal HAVENBROOK RESIDENTIAL / TYPE: RENT ID: XXXXXX2210 CO: HAVENBROOK RES %% ACH ECC PPD,1285.00,Debit,Home,Rent,FREE CHECKING,,TYPE: RENT ID: XXXXXX2210 CO: HAVENBROOK RES %% ACH ECC PPD,FALSE
05/01/2026,ATM Withdrawal #4471 Fourth Street,ATM Withdrawal #4471 FOURTH STREET LAKEVIEW OH,20.00,Debit,Uncategorized,Cash,FREE CHECKING,,ATM Withdrawal #4471 FOURTH STREET LAKEVIEW OH,FALSE
05/01/2026,ATM Surcharge,ATM Surcharge FOURTH STREET,3.00,Debit,Fees & Charges,ATM Fee,FREE CHECKING,,ATM Surcharge FOURTH STREET,FALSE
04/30/2026,Transfer to Venmo,Withdrawal VENMO / TYPE: PAYMENT CO: VENMO %% ACH ECC WEB,7.00,Debit,Transfer,Venmo,FREE CHECKING,,TYPE: PAYMENT CO: VENMO %% ACH ECC WEB,FALSE
04/30/2026,Transfer from Account 0072,Transfer from Share 0072,400.00,Credit,Transfer,Transfer,SHARE SAVINGS,,Transfer from Share 0072,FALSE
04/30/2026,Transfer To Share,Transfer To Share 0001,400.00,Debit,Transfer,Transfer,FREE CHECKING,,Transfer To Share 0001,FALSE
04/30/2026,Trader Joe's,Debit Card DEBIT TRAN TRADER JOE'S #712 LAKEVIEW OH,40.80,Debit,Food & Dining,Groceries,FREE CHECKING,,Debit Card DEBIT TRAN TRADER JOE'S #712 LAKEVIEW OH,FALSE
04/30/2026,Northgate Express Mart,Debit Card DEBIT TRAN NORTHGATE EXPRESS MART LAKEVIEW OH,3.27,Debit,Food & Dining,Convenience,FREE CHECKING,,Debit Card DEBIT TRAN NORTHGATE EXPRESS MART LAKEVIEW OH,FALSE
04/30/2026,Blue Line Snacks,Debit Card DEBIT TRAN BLUE LINE SNACKS LAKEVIEW OH,3.14,Debit,Food & Dining,Convenience,FREE CHECKING,,Debit Card DEBIT TRAN BLUE LINE SNACKS LAKEVIEW OH,FALSE
04/30/2026,Aldi,Debit Card DEBIT TRAN ALDI 71034 LAKEVIEW OH,18.27,Debit,Food & Dining,Groceries,FREE CHECKING,,Debit Card DEBIT TRAN ALDI 71034 LAKEVIEW OH,FALSE
04/29/2026,Kroger,Debit Card DEBIT TRAN KROGER #445 LAKEVIEW OH,43.40,Debit,Food & Dining,Groceries,FREE CHECKING,,Debit Card DEBIT TRAN KROGER #445 LAKEVIEW OH,FALSE
04/29/2026,Fourth Street Market,Debit Card DEBIT TRAN FOURTH STREET MARKET LAKEVIEW OH,5.35,Debit,Food & Dining,Convenience,FREE CHECKING,,Debit Card DEBIT TRAN FOURTH STREET MARKET LAKEVIEW OH,FALSE
04/29/2026,Aldi,Debit Card DEBIT TRAN ALDI 71034 LAKEVIEW OH,31.80,Debit,Food & Dining,Groceries,FREE CHECKING,,Debit Card DEBIT TRAN ALDI 71034 LAKEVIEW OH,FALSE
04/27/2026,Vantel Fiber,Withdrawal VANTEL FIBER / TYPE: INTERNET CO: VANTEL FIBER %% ACH ECC WEB,49.00,Debit,Bills & Utilities,Internet,FREE CHECKING,,TYPE: INTERNET CO: VANTEL FIBER %% ACH ECC WEB,FALSE
04/27/2026,Sunrise Bodega,Debit Card DEBIT TRAN SUNRISE BODEGA LAKEVIEW OH,7.49,Debit,Food & Dining,Convenience,FREE CHECKING,,Debit Card DEBIT TRAN SUNRISE BODEGA LAKEVIEW OH,FALSE
04/27/2026,Lakeview Gas & Go,Debit Card DEBIT TRAN LAKEVIEW GAS & GO LAKEVIEW OH,4.13,Debit,Food & Dining,Convenience,FREE CHECKING,,Debit Card DEBIT TRAN LAKEVIEW GAS & GO LAKEVIEW OH,FALSE
04/27/2026,ATM Withdrawal Lakeshore CU,ATM Withdrawal LAKESHORE CU MAIN ST LAKEVIEW OH,40.00,Debit,Uncategorized,Cash,FREE CHECKING,,ATM Withdrawal LAKESHORE CU MAIN ST LAKEVIEW OH,FALSE
04/26/2026,Riverside Quick Stop,Debit Card DEBIT TRAN RIVERSIDE QUICK STOP LAKEVIEW OH,3.13,Debit,Food & Dining,Convenience,FREE CHECKING,,Debit Card DEBIT TRAN RIVERSIDE QUICK STOP LAKEVIEW OH,FALSE
04/26/2026,Aldi,Debit Card DEBIT TRAN ALDI 71034 LAKEVIEW OH,15.26,Debit,Food & Dining,Groceries,FREE CHECKING,,Debit Card DEBIT TRAN ALDI 71034 LAKEVIEW OH,FALSE
04/25/2026,Northline Gas,Withdrawal NORTHLINE GAS / TYPE: GAS BILL CO: NORTHLINE GAS %% ACH ECC CCD,34.33,Debit,Bills & Utilities,Utilities,FREE CHECKING,,TYPE: GAS BILL CO: NORTHLINE GAS %% ACH ECC CCD,FALSE
04/25/2026,Lyft *Ride Sun 1Pm,Debit Card DEBIT TRAN LYFT *RIDE SUN 1PM LAKEVIEW OH,18.02,Debit,Auto & Transport,Rideshare,FREE CHECKING,,Debit Card DEBIT TRAN LYFT *RIDE SUN 1PM LAKEVIEW OH,FALSE
04/25/2026,Lakeview Farmers Market,Debit Card DEBIT TRAN LAKEVIEW FARMERS MARKET LAKEVIEW OH,17.26,Debit,Food & Dining,Groceries,FREE CHECKING,,Debit Card DEBIT TRAN LAKEVIEW FARMERS MARKET LAKEVIEW OH,FALSE
04/25/2026,Fourth Street Market,Debit Card DEBIT TRAN FOURTH STREET MARKET LAKEVIEW OH,5.35,Debit,Food & Dining,Convenience,FREE CHECKING,,Debit Card DEBIT TRAN FOURTH STREET MARKET LAKEVIEW OH,FALSE
04/25/2026,Cafe Lumen,Debit Card DEBIT TRAN CAFE LUMEN LAKEVIEW OH,4.54,Debit,Food & Dining,Restaurants,FREE CHECKING,,Debit Card DEBIT TRAN CAFE LUMEN LAKEVIEW OH,FALSE
04/24/2026,Riverside Quick Stop,Debit Card DEBIT TRAN RIVERSIDE QUICK STOP LAKEVIEW OH,3.53,Debit,Food & Dining,Convenience,FREE CHECKING,,Debit Card DEBIT TRAN RIVERSIDE QUICK STOP LAKEVIEW OH,FALSE
04/24/2026,Fourth Street Market,Debit Card DEBIT TRAN FOURTH STREET MARKET LAKEVIEW OH,5.35,Debit,Food & Dining,Convenience,FREE CHECKING,,Debit Card DEBIT TRAN FOURTH STREET MARKET LAKEVIEW OH,FALSE
04/23/2026,Sunfire Taqueria,Debit Card DEBIT TRAN SUNFIRE TAQUERIA LAKEVIEW OH,21.54,Debit,Food & Dining,Restaurants,FREE CHECKING,,Debit Card DEBIT TRAN SUNFIRE TAQUERIA LAKEVIEW OH,FALSE
04/22/2026,State Tax Refund,Deposit STATE TAX REFUND / TYPE: TAX REF CO: STATE TREASURER,612.00,Credit,Income,Other Income,FREE CHECKING,,TYPE: TAX REF CO: STATE TREASURER,FALSE
04/22/2026,Fourth Street Market,Debit Card DEBIT TRAN FOURTH STREET MARKET LAKEVIEW OH,3.48,Debit,Food & Dining,Convenience,FREE CHECKING,,Debit Card DEBIT TRAN FOURTH STREET MARKET LAKEVIEW OH,FALSE
04/20/2026,Riverside Quick Stop,Debit Card DEBIT TRAN RIVERSIDE QUICK STOP LAKEVIEW OH,5.47,Debit,Food & Dining,Convenience,FREE CHECKING,,Debit Card DEBIT TRAN RIVERSIDE QUICK STOP LAKEVIEW OH,FALSE
04/20/2026,Lakeview Power & Light,Withdrawal LAKEVIEW PWR & LIGHT / TYPE: ELECTRIC ID: XXXXXX7002 CO: LAKEVIEW PWR LT %% ACH ECC CCD,63.94,Debit,Bills & Utilities,Utilities,FREE CHECKING,,TYPE: ELECTRIC ID: XXXXXX7002 CO: LAKEVIEW PWR LT %% ACH ECC CCD,FALSE
04/20/2026,Cornerstone Life Ins Prem,Withdrawal CORNERSTONE LIFE INS PREM / TYPE: PREMIUM CO: CORNERSTONE LIFE %% ACH ECC PPD,93.00,Debit,Financial,Life Insurance,FREE CHECKING,,TYPE: PREMIUM CO: CORNERSTONE LIFE %% ACH ECC PPD,FALSE
04/19/2026,Trader Joe's,Debit Card DEBIT TRAN TRADER JOE'S #712 LAKEVIEW OH,23.49,Debit,Food & Dining,Groceries,FREE CHECKING,,Debit Card DEBIT TRAN TRADER JOE'S #712 LAKEVIEW OH,FALSE
04/17/2026,Trader Joe's,Debit Card DEBIT TRAN TRADER JOE'S #712 LAKEVIEW OH,40.82,Debit,Food & Dining,Groceries,FREE CHECKING,,Debit Card DEBIT TRAN TRADER JOE'S #712 LAKEVIEW OH,FALSE
04/17/2026,Lakeview County Payroll,Deposit LAKEVIEW COUNTY PAYROLL / TYPE: DIRECT DEP ID: XXXXXX4410 CO: LAKEVIEW COUNTY %% ACH ECC PPD,1970.68,Credit,Income,Paycheck,FREE CHECKING,,TYPE: DIRECT DEP ID: XXXXXX4410 CO: LAKEVIEW COUNTY %% ACH ECC PPD,FALSE
04/16/2026,Transfer to Venmo,Withdrawal VENMO / TYPE: PAYMENT CO: VENMO %% ACH ECC WEB,23.50,Debit,Transfer,Venmo,FREE CHECKING,,TYPE: PAYMENT CO: VENMO %% ACH ECC WEB,FALSE
04/16/2026,Granite State Servicing,Withdrawal GRANITE STATE SERVICING / TYPE: STUDENT LN ID: XXXXXX2007 CO: GRANITE STATE SVC %% ACH ECC PPD,78.20,Debit,Education,Student Loan,FREE CHECKING,,TYPE: STUDENT LN ID: XXXXXX2007 CO: GRANITE STATE SVC %% ACH ECC PPD,FALSE
04/16/2026,Chase Credit Card,Withdrawal CHASE CREDIT CRD / TYPE: AUTOPAY ID: XXXXXX4417 CO: CHASE CREDIT CRD %% ACH ECC WEB,329.49,Debit,Transfer,Credit Card Payment,FREE CHECKING,,TYPE: AUTOPAY ID: XXXXXX4417 CO: CHASE CREDIT CRD %% ACH ECC WEB,FALSE
04/15/2026,Golden Wok,Debit Card DEBIT TRAN GOLDEN WOK LAKEVIEW OH,16.24,Debit,Food & Dining,Restaurants,FREE CHECKING,,Debit Card DEBIT TRAN GOLDEN WOK LAKEVIEW OH,FALSE
04/15/2026,Aldi,Debit Card DEBIT TRAN ALDI 71034 LAKEVIEW OH,28.22,Debit,Food & Dining,Groceries,FREE CHECKING,,Debit Card DEBIT TRAN ALDI 71034 LAKEVIEW OH,FALSE
04/14/2026,Northgate Express Mart,Debit Card DEBIT TRAN NORTHGATE EXPRESS MART LAKEVIEW OH,3.20,Debit,Food & Dining,Convenience,FREE CHECKING,,Debit Card DEBIT TRAN NORTHGATE EXPRESS MART LAKEVIEW OH,FALSE
04/13/2026,Golden Wok,Debit Card DEBIT TRAN GOLDEN WOK LAKEVIEW OH,13.44,Debit,Food & Dining,Restaurants,FREE CHECKING,,Debit Card DEBIT TRAN GOLDEN WOK LAKEVIEW OH,FALSE
04/13/2026,Fourth Street Market,Debit Card DEBIT TRAN FOURTH STREET MARKET LAKEVIEW OH,5.35,Debit,Food & Dining,Convenience,FREE CHECKING,,Debit Card DEBIT TRAN FOURTH STREET MARKET LAKEVIEW OH,FALSE
04/12/2026,Kroger,Debit Card DEBIT TRAN KROGER #445 LAKEVIEW OH,41.55,Debit,Food & Dining,Groceries,FREE CHECKING,,Debit Card DEBIT TRAN KROGER #445 LAKEVIEW OH,FALSE
04/12/2026,Fourth Street Market,Debit Card DEBIT TRAN FOURTH STREET MARKET LAKEVIEW OH,1.34,Debit,Food & Dining,Convenience,FREE CHECKING,,Debit Card DEBIT TRAN FOURTH STREET MARKET LAKEVIEW OH,FALSE
04/11/2026,Fourth Street Market,Debit Card DEBIT TRAN FOURTH STREET MARKET LAKEVIEW OH,5.35,Debit,Food & Dining,Convenience,FREE CHECKING,,Debit Card DEBIT TRAN FOURTH STREET MARKET LAKEVIEW OH,FALSE
04/11/2026,Aldi,Debit Card DEBIT TRAN ALDI 71034 LAKEVIEW OH,31.98,Debit,Food & Dining,Groceries,FREE CHECKING,,Debit Card DEBIT TRAN ALDI 71034 LAKEVIEW OH,FALSE
04/10/2026,ATM Withdrawal #4471 Fourth Street,ATM Withdrawal #4471 FOURTH STREET LAKEVIEW OH,20.00,Debit,Uncategorized,Cash,FREE CHECKING,,ATM Withdrawal #4471 FOURTH STREET LAKEVIEW OH,FALSE
04/10/2026,ATM Surcharge,ATM Surcharge FOURTH STREET,3.00,Debit,Fees & Charges,ATM Fee,FREE CHECKING,,ATM Surcharge FOURTH STREET,FALSE
04/09/2026,Panera Bread,Debit Card DEBIT TRAN PANERA BREAD #601442 LAKEVIEW OH,9.12,Debit,Food & Dining,Restaurants,FREE CHECKING,,Debit Card DEBIT TRAN PANERA BREAD #601442 LAKEVIEW OH,FALSE
04/09/2026,Lakeview Parking,Debit Card DEBIT TRAN LAKEVIEW PARKING LAKEVIEW OH,8.62,Debit,Auto & Transport,Rideshare,FREE CHECKING,,Debit Card DEBIT TRAN LAKEVIEW PARKING LAKEVIEW OH,FALSE
04/08/2026,Riverside Quick Stop,Debit Card DEBIT TRAN RIVERSIDE QUICK STOP LAKEVIEW OH,5.38,Debit,Food & Dining,Convenience,FREE CHECKING,,Debit Card DEBIT TRAN RIVERSIDE QUICK STOP LAKEVIEW OH,FALSE
04/08/2026,Fourth Street Market,Debit Card DEBIT TRAN FOURTH STREET MARKET LAKEVIEW OH,3.48,Debit,Food & Dining,Convenience,FREE CHECKING,,Debit Card DEBIT TRAN FOURTH STREET MARKET LAKEVIEW OH,FALSE
04/08/2026,Fourth Street Market,Debit Card DEBIT TRAN FOURTH STREET MARKET LAKEVIEW OH,5.35,Debit,Food & Dining,Convenience,FREE CHECKING,,Debit Card DEBIT TRAN FOURTH STREET MARKET LAKEVIEW OH,FALSE
04/08/2026,Cafe Lumen,Debit Card DEBIT TRAN CAFE LUMEN LAKEVIEW OH,7.42,Debit,Food & Dining,Restaurants,FREE CHECKING,,Debit Card DEBIT TRAN CAFE LUMEN LAKEVIEW OH,FALSE
04/07/2026,Trader Joe's,Debit Card DEBIT TRAN TRADER JOE'S #712 LAKEVIEW OH,22.88,Debit,Food & Dining,Groceries,FREE CHECKING,,Debit Card DEBIT TRAN TRADER JOE'S #712 LAKEVIEW OH,FALSE
04/07/2026,Panera Bread,Debit Card DEBIT TRAN PANERA BREAD #601442 LAKEVIEW OH,9.63,Debit,Food & Dining,Restaurants,FREE CHECKING,,Debit Card DEBIT TRAN PANERA BREAD #601442 LAKEVIEW OH,FALSE
04/07/2026,Lakeview Parking,Debit Card DEBIT TRAN LAKEVIEW PARKING LAKEVIEW OH,8.52,Debit,Auto & Transport,Rideshare,FREE CHECKING,,Debit Card DEBIT TRAN LAKEVIEW PARKING LAKEVIEW OH,FALSE
04/07/2026,Fourth Street Market,Debit Card DEBIT TRAN FOURTH STREET MARKET LAKEVIEW OH,1.61,Debit,Food & Dining,Convenience,FREE CHECKING,,Debit Card DEBIT TRAN FOURTH STREET MARKET LAKEVIEW OH,FALSE
04/07/2026,Chase Credit Card,Withdrawal CHASE CREDIT CRD / TYPE: AUTOPAY ID: XXXXXX8802 CO: CHASE CREDIT CRD %% ACH ECC WEB,174.08,Debit,Transfer,Credit Card Payment,FREE CHECKING,,TYPE: AUTOPAY ID: XXXXXX8802 CO: CHASE CREDIT CRD %% ACH ECC WEB,FALSE
04/06/2026,Riverside Quick Stop,Debit Card DEBIT TRAN RIVERSIDE QUICK STOP LAKEVIEW OH,2.33,Debit,Food & Dining,Convenience,FREE CHECKING,,Debit Card DEBIT TRAN RIVERSIDE QUICK STOP LAKEVIEW OH,FALSE
04/06/2026,Kroger,Debit Card DEBIT TRAN KROGER #445 LAKEVIEW OH,22.36,Debit,Food & Dining,Groceries,FREE CHECKING,,Debit Card DEBIT TRAN KROGER #445 LAKEVIEW OH,FALSE
04/06/2026,Chipotle,Debit Card DEBIT TRAN CHIPOTLE 2291 LAKEVIEW OH,12.28,Debit,Food & Dining,Restaurants,FREE CHECKING,,Debit Card DEBIT TRAN CHIPOTLE 2291 LAKEVIEW OH,FALSE
04/05/2026,Zelle to Linda Morgan,Withdrawal ZELLE TO LINDA MORGAN / TYPE: P2P CO: ZELLE %% ACH ECC WEB,120.00,Debit,Transfer,Zelle,FREE CHECKING,,TYPE: P2P CO: ZELLE %% ACH ECC WEB,FALSE
04/05/2026,LaundryCard Reload,Withdrawal LAUNDRYCARD RELOAD / TYPE: PURCHASE CO: LAUNDRYCARD,16.00,Debit,Home,Laundry,FREE CHECKING,,TYPE: PURCHASE CO: LAUNDRYCARD,FALSE
04/05/2026,Kroger,Debit Card DEBIT TRAN KROGER #445 LAKEVIEW OH,51.18,Debit,Food & Dining,Groceries,FREE CHECKING,,Debit Card DEBIT TRAN KROGER #445 LAKEVIEW OH,FALSE
04/05/2026,Fourth Street Market,Debit Card DEBIT TRAN FOURTH STREET MARKET LAKEVIEW OH,1.61,Debit,Food & Dining,Convenience,FREE CHECKING,,Debit Card DEBIT TRAN FOURTH STREET MARKET LAKEVIEW OH,FALSE
04/04/2026,Northgate Express Mart,Debit Card DEBIT TRAN NORTHGATE EXPRESS MART LAKEVIEW OH,7.79,Debit,Food & Dining,Convenience,FREE CHECKING,,Debit Card DEBIT TRAN NORTHGATE EXPRESS MART LAKEVIEW OH,FALSE
04/04/2026,Lakeview Gas & Go,Debit Card DEBIT TRAN LAKEVIEW GAS & GO LAKEVIEW OH,4.40,Debit,Food & Dining,Convenience,FREE CHECKING,,Debit Card DEBIT TRAN LAKEVIEW GAS & GO LAKEVIEW OH,FALSE
04/04/2026,Fourth Street Market,Debit Card DEBIT TRAN FOURTH STREET MARKET LAKEVIEW OH,1.34,Debit,Food & Dining,Convenience,FREE CHECKING,,Debit Card DEBIT TRAN FOURTH STREET MARKET LAKEVIEW OH,FALSE
04/04/2026,Fourth Street Market,Debit Card DEBIT TRAN FOURTH STREET MARKET LAKEVIEW OH,3.48,Debit,Food & Dining,Convenience,FREE CHECKING,,Debit Card DEBIT TRAN FOURTH STREET MARKET LAKEVIEW OH,FALSE
04/03/2026,Wendy's,Debit Card DEBIT TRAN WENDY'S #4471 LAKEVIEW OH,7.11,Debit,Food & Dining,Restaurants,FREE CHECKING,,Debit Card DEBIT TRAN WENDY'S #4471 LAKEVIEW OH,FALSE
04/03/2026,Transfer to Venmo,Withdrawal VENMO / TYPE: PAYMENT CO: VENMO %% ACH ECC WEB,28.41,Debit,Transfer,Venmo,FREE CHECKING,,TYPE: PAYMENT CO: VENMO %% ACH ECC WEB,FALSE
04/03/2026,Lakeview Farmers Market,Debit Card DEBIT TRAN LAKEVIEW FARMERS MARKET LAKEVIEW OH,9.51,Debit,Food & Dining,Groceries,FREE CHECKING,,Debit Card DEBIT TRAN LAKEVIEW FARMERS MARKET LAKEVIEW OH,FALSE
04/03/2026,Lakeview Farmers Market,Debit Card DEBIT TRAN LAKEVIEW FARMERS MARKET LAKEVIEW OH,14.31,Debit,Food & Dining,Groceries,FREE CHECKING,,Debit Card DEBIT TRAN LAKEVIEW FARMERS MARKET LAKEVIEW OH,FALSE
04/03/2026,Lakeview County Payroll,Deposit LAKEVIEW COUNTY PAYROLL / TYPE: DIRECT DEP ID: XXXXXX4410 CO: LAKEVIEW COUNTY %% ACH ECC PPD,1970.68,Credit,Income,Paycheck,FREE CHECKING,,TYPE: DIRECT DEP ID: XXXXXX4410 CO: LAKEVIEW COUNTY %% ACH ECC PPD,FALSE
04/03/2026,Golden Wok,Debit Card DEBIT TRAN GOLDEN WOK LAKEVIEW OH,11.82,Debit,Food & Dining,Restaurants,FREE CHECKING,,Debit Card DEBIT TRAN GOLDEN WOK LAKEVIEW OH,FALSE
04/03/2026,Fourth Street Market,Debit Card DEBIT TRAN FOURTH STREET MARKET LAKEVIEW OH,3.48,Debit,Food & Dining,Convenience,FREE CHECKING,,Debit Card DEBIT TRAN FOURTH STREET MARKET LAKEVIEW OH,FALSE
04/02/2026,Vanguard Buy,Withdrawal VANGUARD BUY / TYPE: INVESTMENT CO: VMC %% ACH ECC WEB,900.00,Debit,Investments,Investment,SHARE SAVINGS,,TYPE: INVESTMENT CO: VMC %% ACH ECC WEB,FALSE
04/02/2026,Northgate Express Mart,Debit Card DEBIT TRAN NORTHGATE EXPRESS MART LAKEVIEW OH,5.40,Debit,Food & Dining,Convenience,FREE CHECKING,,Debit Card DEBIT TRAN NORTHGATE EXPRESS MART LAKEVIEW OH,FALSE
04/02/2026,Chipotle,Debit Card DEBIT TRAN CHIPOTLE 2291 LAKEVIEW OH,14.61,Debit,Food & Dining,Restaurants,FREE CHECKING,,Debit Card DEBIT TRAN CHIPOTLE 2291 LAKEVIEW OH,FALSE
04/02/2026,Cafe Lumen,Debit Card DEBIT TRAN CAFE LUMEN LAKEVIEW OH,6.06,Debit,Food & Dining,Restaurants,FREE CHECKING,,Debit Card DEBIT TRAN CAFE LUMEN LAKEVIEW OH,FALSE
04/01/2026,Kroger,Debit Card DEBIT TRAN KROGER #445 LAKEVIEW OH,36.03,Debit,Food & Dining,Groceries,FREE CHECKING,,Debit Card DEBIT TRAN KROGER #445 LAKEVIEW OH,FALSE
04/01/2026,Havenbrook Residential,Withdrawal HAVENBROOK RESIDENTIAL / TYPE: RENT ID: XXXXXX2210 CO: HAVENBROOK RES %% ACH ECC PPD,1285.00,Debit,Home,Rent,FREE CHECKING,,TYPE: RENT ID: XXXXXX2210 CO: HAVENBROOK RES %% ACH ECC PPD,FALSE
03/31/2026,Transfer from Account 0072,Transfer from Share 0072,500.00,Credit,Transfer,Transfer,SHARE SAVINGS,,Transfer from Share 0072,FALSE
03/31/2026,Transfer To Share,Transfer To Share 0001,500.00,Debit,Transfer,Transfer,FREE CHECKING,,Transfer To Share 0001,FALSE
03/31/2026,Fourth Street Market,Debit Card DEBIT TRAN FOURTH STREET MARKET LAKEVIEW OH,5.35,Debit,Food & Dining,Convenience,FREE CHECKING,,Debit Card DEBIT TRAN FOURTH STREET MARKET LAKEVIEW OH,FALSE
03/30/2026,Transfer to Venmo,Withdrawal VENMO / TYPE: PAYMENT CO: VENMO %% ACH ECC WEB,7.00,Debit,Transfer,Venmo,FREE CHECKING,,TYPE: PAYMENT CO: VENMO %% ACH ECC WEB,FALSE
03/30/2026,Fourth Street Market,Debit Card DEBIT TRAN FOURTH STREET MARKET LAKEVIEW OH,3.48,Debit,Food & Dining,Convenience,FREE CHECKING,,Debit Card DEBIT TRAN FOURTH STREET MARKET LAKEVIEW OH,FALSE
03/30/2026,Chipotle,Debit Card DEBIT TRAN CHIPOTLE 2291 LAKEVIEW OH,14.89,Debit,Food & Dining,Restaurants,FREE CHECKING,,Debit Card DEBIT TRAN CHIPOTLE 2291 LAKEVIEW OH,FALSE
03/30/2026,Cafe Lumen,Debit Card DEBIT TRAN CAFE LUMEN LAKEVIEW OH,4.20,Debit,Food & Dining,Restaurants,FREE CHECKING,,Debit Card DEBIT TRAN CAFE LUMEN LAKEVIEW OH,FALSE
03/28/2026,Riverside Quick Stop,Debit Card DEBIT TRAN RIVERSIDE QUICK STOP LAKEVIEW OH,5.50,Debit,Food & Dining,Convenience,FREE CHECKING,,Debit Card DEBIT TRAN RIVERSIDE QUICK STOP LAKEVIEW OH,FALSE
03/28/2026,Fourth Street Market,Debit Card DEBIT TRAN FOURTH STREET MARKET LAKEVIEW OH,5.35,Debit,Food & Dining,Convenience,FREE CHECKING,,Debit Card DEBIT TRAN FOURTH STREET MARKET LAKEVIEW OH,FALSE
03/28/2026,Domino's,Debit Card DEBIT TRAN DOMINO'S 5512 LAKEVIEW OH,14.82,Debit,Food & Dining,Restaurants,FREE CHECKING,,Debit Card DEBIT TRAN DOMINO'S 5512 LAKEVIEW OH,FALSE
03/28/2026,Amc Theatres,Debit Card DEBIT TRAN AMC THEATRES #2255 LAKEVIEW OH,20.30,Debit,Entertainment,Movies & Music,FREE CHECKING,,Debit Card DEBIT TRAN AMC THEATRES #2255 LAKEVIEW OH,FALSE
03/27/2026,Vantel Fiber,Withdrawal VANTEL FIBER / TYPE: INTERNET CO: VANTEL FIBER %% ACH ECC WEB,49.00,Debit,Bills & Utilities,Internet,FREE CHECKING,,TYPE: INTERNET CO: VANTEL FIBER %% ACH ECC WEB,FALSE
03/27/2026,Trader Joe's,Debit Card DEBIT TRAN TRADER JOE'S #712 LAKEVIEW OH,24.67,Debit,Food & Dining,Groceries,FREE CHECKING,,Debit Card DEBIT TRAN TRADER JOE'S #712 LAKEVIEW OH,FALSE
03/27/2026,Lakeview Transit Auth,Debit Card DEBIT TRAN LAKEVIEW TRANSIT AUTH LAKEVIEW OH,2.75,Debit,Auto & Transport,Public Transit,FREE CHECKING,,Debit Card DEBIT TRAN LAKEVIEW TRANSIT AUTH LAKEVIEW OH,FALSE
03/27/2026,Lakeview Transit Auth,Debit Card DEBIT TRAN LAKEVIEW TRANSIT AUTH LAKEVIEW OH,2.75,Debit,Auto & Transport,Public Transit,FREE CHECKING,,Debit Card DEBIT TRAN LAKEVIEW TRANSIT AUTH LAKEVIEW OH,FALSE
03/27/2026,Fourth Street Market,Debit Card DEBIT TRAN FOURTH STREET MARKET LAKEVIEW OH,5.35,Debit,Food & Dining,Convenience,FREE CHECKING,,Debit Card DEBIT TRAN FOURTH STREET MARKET LAKEVIEW OH,FALSE
03/25/2026,Northline Gas,Withdrawal NORTHLINE GAS / TYPE: GAS BILL CO: NORTHLINE GAS %% ACH ECC CCD,29.79,Debit,Bills & Utilities,Utilities,FREE CHECKING,,TYPE: GAS BILL CO: NORTHLINE GAS %% ACH ECC CCD,FALSE
03/25/2026,Elm & 9Th Convenience,Debit Card DEBIT TRAN ELM & 9TH CONVENIENCE LAKEVIEW OH,8.14,Debit,Food & Dining,Convenience,FREE CHECKING,,Debit Card DEBIT TRAN ELM & 9TH CONVENIENCE LAKEVIEW OH,FALSE
03/24/2026,Riverside Quick Stop,Debit Card DEBIT TRAN RIVERSIDE QUICK STOP LAKEVIEW OH,7.33,Debit,Food & Dining,Convenience,FREE CHECKING,,Debit Card DEBIT TRAN RIVERSIDE QUICK STOP LAKEVIEW OH,FALSE
03/24/2026,Discover Card Payment,Withdrawal DISCOVER / TYPE: E-PAYMENT CO: DISCOVER %% ACH ECC WEB,118.75,Debit,Transfer,Credit Card Payment,FREE CHECKING,,TYPE: E-PAYMENT CO: DISCOVER %% ACH ECC WEB,FALSE
03/24/2026,Corner Books Lakeview,Debit Card DEBIT TRAN CORNER BOOKS LAKEVIEW LAKEVIEW OH,20.07,Debit,Entertainment,Movies & Music,FREE CHECKING,,Debit Card DEBIT TRAN CORNER BOOKS LAKEVIEW LAKEVIEW OH,FALSE
03/23/2026,Fourth Street Market,Debit Card DEBIT TRAN FOURTH STREET MARKET LAKEVIEW OH,5.35,Debit,Food & Dining,Convenience,FREE CHECKING,,Debit Card DEBIT TRAN FOURTH STREET MARKET LAKEVIEW OH,FALSE
03/23/2026,Elm & 9Th Convenience,Debit Card DEBIT TRAN ELM & 9TH CONVENIENCE LAKEVIEW OH,7.53,Debit,Food & Dining,Convenience,FREE CHECKING,,Debit Card DEBIT TRAN ELM & 9TH CONVENIENCE LAKEVIEW OH,FALSE
03/20/2026,Riverside Quick Stop,Debit Card DEBIT TRAN RIVERSIDE QUICK STOP LAKEVIEW OH,7.15,Debit,Food & Dining,Convenience,FREE CHECKING,,Debit Card DEBIT TRAN RIVERSIDE QUICK STOP LAKEVIEW OH,FALSE
03/20/2026,Lakeview Power & Light,Withdrawal LAKEVIEW PWR & LIGHT / TYPE: ELECTRIC ID: XXXXXX7002 CO: LAKEVIEW PWR LT %% ACH ECC CCD,62.39,Debit,Bills & Utilities,Utilities,FREE CHECKING,,TYPE: ELECTRIC ID: XXXXXX7002 CO: LAKEVIEW PWR LT %% ACH ECC CCD,FALSE
03/20/2026,Lakeview County Payroll,Deposit LAKEVIEW COUNTY PAYROLL / TYPE: DIRECT DEP ID: XXXXXX4410 CO: LAKEVIEW COUNTY %% ACH ECC PPD,1970.68,Credit,Income,Paycheck,FREE CHECKING,,TYPE: DIRECT DEP ID: XXXXXX4410 CO: LAKEVIEW COUNTY %% ACH ECC PPD,FALSE
03/19/2026,Fourth Street Market,Debit Card DEBIT TRAN FOURTH STREET MARKET LAKEVIEW OH,1.34,Debit,Food & Dining,Convenience,FREE CHECKING,,Debit Card DEBIT TRAN FOURTH STREET MARKET LAKEVIEW OH,FALSE
03/19/2026,Fourth Street Market,Debit Card DEBIT TRAN FOURTH STREET MARKET LAKEVIEW OH,3.48,Debit,Food & Dining,Convenience,FREE CHECKING,,Debit Card DEBIT TRAN FOURTH STREET MARKET LAKEVIEW OH,FALSE
03/19/2026,Fourth Street Market,Debit Card DEBIT TRAN FOURTH STREET MARKET LAKEVIEW OH,3.48,Debit,Food & Dining,Convenience,FREE CHECKING,,Debit Card DEBIT TRAN FOURTH STREET MARKET LAKEVIEW OH,FALSE
03/17/2026,Riverside Quick Stop,Debit Card DEBIT TRAN RIVERSIDE QUICK STOP LAKEVIEW OH,6.42,Debit,Food & Dining,Convenience,FREE CHECKING,,Debit Card DEBIT TRAN RIVERSIDE QUICK STOP LAKEVIEW OH,FALSE
03/17/2026,Fourth Street Market,Debit Card DEBIT TRAN FOURTH STREET MARKET LAKEVIEW OH,3.48,Debit,Food & Dining,Convenience,FREE CHECKING,,Debit Card DEBIT TRAN FOURTH STREET MARKET LAKEVIEW OH,FALSE
03/17/2026,Elm & 9Th Convenience,Debit Card DEBIT TRAN ELM & 9TH CONVENIENCE LAKEVIEW OH,7.47,Debit,Food & Dining,Convenience,FREE CHECKING,,Debit Card DEBIT TRAN ELM & 9TH CONVENIENCE LAKEVIEW OH,FALSE
03/16/2026,Riverside Quick Stop,Debit Card DEBIT TRAN RIVERSIDE QUICK STOP LAKEVIEW OH,4.16,Debit,Food & Dining,Convenience,FREE CHECKING,,Debit Card DEBIT TRAN RIVERSIDE QUICK STOP LAKEVIEW OH,FALSE
03/16/2026,Granite State Servicing,Withdrawal GRANITE STATE SERVICING / TYPE: STUDENT LN ID: XXXXXX2007 CO: GRANITE STATE SVC %% ACH ECC PPD,78.20,Debit,Education,Student Loan,FREE CHECKING,,TYPE: STUDENT LN ID: XXXXXX2007 CO: GRANITE STATE SVC %% ACH ECC PPD,FALSE
03/16/2026,Fourth Street Market,Debit Card DEBIT TRAN FOURTH STREET MARKET LAKEVIEW OH,2.41,Debit,Food & Dining,Convenience,FREE CHECKING,,Debit Card DEBIT TRAN FOURTH STREET MARKET LAKEVIEW OH,FALSE
03/16/2026,Elm & 9Th Convenience,Debit Card DEBIT TRAN ELM & 9TH CONVENIENCE LAKEVIEW OH,3.61,Debit,Food & Dining,Convenience,FREE CHECKING,,Debit Card DEBIT TRAN ELM & 9TH CONVENIENCE LAKEVIEW OH,FALSE
03/16/2026,Chase Credit Card,Withdrawal CHASE CREDIT CRD / TYPE: AUTOPAY ID: XXXXXX4417 CO: CHASE CREDIT CRD %% ACH ECC WEB,351.32,Debit,Transfer,Credit Card Payment,FREE CHECKING,,TYPE: AUTOPAY ID: XXXXXX4417 CO: CHASE CREDIT CRD %% ACH ECC WEB,FALSE
03/15/2026,Transfer to Venmo,Withdrawal VENMO / TYPE: PAYMENT CO: VENMO %% ACH ECC WEB,27.00,Debit,Transfer,Venmo,FREE CHECKING,,TYPE: PAYMENT CO: VENMO %% ACH ECC WEB,FALSE
03/15/2026,Fourth Street Market,Debit Card DEBIT TRAN FOURTH STREET MARKET LAKEVIEW OH,1.34,Debit,Food & Dining,Convenience,FREE CHECKING,,Debit Card DEBIT TRAN FOURTH STREET MARKET LAKEVIEW OH,FALSE
03/14/2026,Trader Joe's,Debit Card DEBIT TRAN TRADER JOE'S #712 LAKEVIEW OH,26.39,Debit,Food & Dining,Groceries,FREE CHECKING,,Debit Card DEBIT TRAN TRADER JOE'S #712 LAKEVIEW OH,FALSE
03/13/2026,Fourth Street Market,Debit Card DEBIT TRAN FOURTH STREET MARKET LAKEVIEW OH,5.35,Debit,Food & Dining,Convenience,FREE CHECKING,,Debit Card DEBIT TRAN FOURTH STREET MARKET LAKEVIEW OH,FALSE
03/13/2026,Fourth Street Market,Debit Card DEBIT TRAN FOURTH STREET MARKET LAKEVIEW OH,1.34,Debit,Food & Dining,Convenience,FREE CHECKING,,Debit Card DEBIT TRAN FOURTH STREET MARKET LAKEVIEW OH,FALSE
03/13/2026,Fourth Street Market,Debit Card DEBIT TRAN FOURTH STREET MARKET LAKEVIEW OH,6.96,Debit,Food & Dining,Convenience,FREE CHECKING,,Debit Card DEBIT TRAN FOURTH STREET MARKET LAKEVIEW OH,FALSE
03/12/2026,Wendy's,Debit Card DEBIT TRAN WENDY'S #4471 LAKEVIEW OH,8.02,Debit,Food & Dining,Restaurants,FREE CHECKING,,Debit Card DEBIT TRAN WENDY'S #4471 LAKEVIEW OH,FALSE
03/12/2026,Fourth Street Market,Debit Card DEBIT TRAN FOURTH STREET MARKET LAKEVIEW OH,5.35,Debit,Food & Dining,Convenience,FREE CHECKING,,Debit Card DEBIT TRAN FOURTH STREET MARKET LAKEVIEW OH,FALSE
03/11/2026,Northgate Express Mart,Debit Card DEBIT TRAN NORTHGATE EXPRESS MART LAKEVIEW OH,3.46,Debit,Food & Dining,Convenience,FREE CHECKING,,Debit Card DEBIT TRAN NORTHGATE EXPRESS MART LAKEVIEW OH,FALSE
03/11/2026,Fourth Street Market,Debit Card DEBIT TRAN FOURTH STREET MARKET LAKEVIEW OH,3.48,Debit,Food & Dining,Convenience,FREE CHECKING,,Debit Card DEBIT TRAN FOURTH STREET MARKET LAKEVIEW OH,FALSE
03/10/2026,Target,Debit Card DEBIT TRAN TARGET 00028215 LAKEVIEW OH,53.04,Debit,Shopping,General Merchandise,FREE CHECKING,,Debit Card DEBIT TRAN TARGET 00028215 LAKEVIEW OH,FALSE
03/10/2026,Cvs/Pharmacy,Debit Card DEBIT TRAN CVS/PHARMACY #8812 LAKEVIEW OH,15.56,Debit,Health & Fitness,Pharmacy,FREE CHECKING,,Debit Card DEBIT TRAN CVS/PHARMACY #8812 LAKEVIEW OH,FALSE
03/09/2026,Fourth Street Market,Debit Card DEBIT TRAN FOURTH STREET MARKET LAKEVIEW OH,3.48,Debit,Food & Dining,Convenience,FREE CHECKING,,Debit Card DEBIT TRAN FOURTH STREET MARKET LAKEVIEW OH,FALSE
03/08/2026,Fourth Street Market,Debit Card DEBIT TRAN FOURTH STREET MARKET LAKEVIEW OH,1.34,Debit,Food & Dining,Convenience,FREE CHECKING,,Debit Card DEBIT TRAN FOURTH STREET MARKET LAKEVIEW OH,FALSE
03/08/2026,Campus Corner Deli,Debit Card DEBIT TRAN CAMPUS CORNER DELI LAKEVIEW OH,6.16,Debit,Food & Dining,Convenience,FREE CHECKING,,Debit Card DEBIT TRAN CAMPUS CORNER DELI LAKEVIEW OH,FALSE
03/07/2026,Trader Joe's,Debit Card DEBIT TRAN TRADER JOE'S #712 LAKEVIEW OH,43.00,Debit,Food & Dining,Groceries,FREE CHECKING,,Debit Card DEBIT TRAN TRADER JOE'S #712 LAKEVIEW OH,FALSE
03/07/2026,Kroger,Debit Card DEBIT TRAN KROGER #445 LAKEVIEW OH,22.20,Debit,Food & Dining,Groceries,FREE CHECKING,,Debit Card DEBIT TRAN KROGER #445 LAKEVIEW OH,FALSE
03/07/2026,Golden Wok,Debit Card DEBIT TRAN GOLDEN WOK LAKEVIEW OH,12.35,Debit,Food & Dining,Restaurants,FREE CHECKING,,Debit Card DEBIT TRAN GOLDEN WOK LAKEVIEW OH,FALSE
03/07/2026,Chase Credit Card,Withdrawal CHASE CREDIT CRD / TYPE: AUTOPAY ID: XXXXXX8802 CO: CHASE CREDIT CRD %% ACH ECC WEB,305.48,Debit,Transfer,Credit Card Payment,FREE CHECKING,,TYPE: AUTOPAY ID: XXXXXX8802 CO: CHASE CREDIT CRD %% ACH ECC WEB,FALSE
03/06/2026,Vanguard Buy,Withdrawal VANGUARD BUY / TYPE: INVESTMENT CO: VMC %% ACH ECC WEB,1000.00,Debit,Investments,Investment,SHARE SAVINGS,,TYPE: INVESTMENT CO: VMC %% ACH ECC WEB,FALSE
03/06/2026,Starbucks,Debit Card DEBIT TRAN STARBUCKS #22910 LAKEVIEW OH,6.03,Debit,Food & Dining,Restaurants,FREE CHECKING,,Debit Card DEBIT TRAN STARBUCKS #22910 LAKEVIEW OH,FALSE
03/06/2026,Lakeview County Payroll,Deposit LAKEVIEW COUNTY PAYROLL / TYPE: DIRECT DEP ID: XXXXXX4410 CO: LAKEVIEW COUNTY %% ACH ECC PPD,1970.68,Credit,Income,Paycheck,FREE CHECKING,,TYPE: DIRECT DEP ID: XXXXXX4410 CO: LAKEVIEW COUNTY %% ACH ECC PPD,FALSE
03/06/2026,Cafe Lumen,Debit Card DEBIT TRAN CAFE LUMEN LAKEVIEW OH,5.13,Debit,Food & Dining,Restaurants,FREE CHECKING,,Debit Card DEBIT TRAN CAFE LUMEN LAKEVIEW OH,FALSE
03/06/2026,Blue Line Snacks,Debit Card DEBIT TRAN BLUE LINE SNACKS LAKEVIEW OH,4.54,Debit,Food & Dining,Convenience,FREE CHECKING,,Debit Card DEBIT TRAN BLUE LINE SNACKS LAKEVIEW OH,FALSE
03/05/2026,Zelle to Linda Morgan,Withdrawal ZELLE TO LINDA MORGAN / TYPE: P2P CO: ZELLE %% ACH ECC WEB,180.00,Debit,Transfer,Zelle,FREE CHECKING,,TYPE: P2P CO: ZELLE %% ACH ECC WEB,FALSE
03/05/2026,LaundryCard Reload,Withdrawal LAUNDRYCARD RELOAD / TYPE: PURCHASE CO: LAUNDRYCARD,16.00,Debit,Home,Laundry,FREE CHECKING,,TYPE: PURCHASE CO: LAUNDRYCARD,FALSE
03/05/2026,Lakeview Gas & Go,Debit Card DEBIT TRAN LAKEVIEW GAS & GO LAKEVIEW OH,3.72,Debit,Food & Dining,Convenience,FREE CHECKING,,Debit Card DEBIT TRAN LAKEVIEW GAS & GO LAKEVIEW OH,FALSE
03/04/2026,Wendy's,Debit Card DEBIT TRAN WENDY'S #4471 LAKEVIEW OH,9.75,Debit,Food & Dining,Restaurants,FREE CHECKING,,Debit Card DEBIT TRAN WENDY'S #4471 LAKEVIEW OH,FALSE
03/04/2026,Riverside Quick Stop,Debit Card DEBIT TRAN RIVERSIDE QUICK STOP LAKEVIEW OH,4.67,Debit,Food & Dining,Convenience,FREE CHECKING,,Debit Card DEBIT TRAN RIVERSIDE QUICK STOP LAKEVIEW OH,FALSE
03/04/2026,Fourth Street Market,Debit Card DEBIT TRAN FOURTH STREET MARKET LAKEVIEW OH,5.35,Debit,Food & Dining,Convenience,FREE CHECKING,,Debit Card DEBIT TRAN FOURTH STREET MARKET LAKEVIEW OH,FALSE
03/03/2026,Fourth Street Market,Debit Card DEBIT TRAN FOURTH STREET MARKET LAKEVIEW OH,3.48,Debit,Food & Dining,Convenience,FREE CHECKING,,Debit Card DEBIT TRAN FOURTH STREET MARKET LAKEVIEW OH,FALSE
03/03/2026,Fourth Street Market,Debit Card DEBIT TRAN FOURTH STREET MARKET LAKEVIEW OH,5.35,Debit,Food & Dining,Convenience,FREE CHECKING,,Debit Card DEBIT TRAN FOURTH STREET MARKET LAKEVIEW OH,FALSE
03/02/2026,Riverside Quick Stop,Debit Card DEBIT TRAN RIVERSIDE QUICK STOP LAKEVIEW OH,6.56,Debit,Food & Dining,Convenience,FREE CHECKING,,Debit Card DEBIT TRAN RIVERSIDE QUICK STOP LAKEVIEW OH,FALSE
03/02/2026,Lyft *Ride Mon 6Pm,Debit Card DEBIT TRAN LYFT *RIDE MON 6PM LAKEVIEW OH,10.36,Debit,Auto & Transport,Rideshare,FREE CHECKING,,Debit Card DEBIT TRAN LYFT *RIDE MON 6PM LAKEVIEW OH,FALSE
03/02/2026,Fourth Street Market,Debit Card DEBIT TRAN FOURTH STREET MARKET LAKEVIEW OH,3.48,Debit,Food & Dining,Convenience,FREE CHECKING,,Debit Card DEBIT TRAN FOURTH STREET MARKET LAKEVIEW OH,FALSE
03/02/2026,Basil & Rye,Debit Card DEBIT TRAN BASIL & RYE LAKEVIEW OH,24.81,Debit,Food & Dining,Restaurants,FREE CHECKING,,Debit Card DEBIT TRAN BASIL & RYE LAKEVIEW OH,FALSE
03/01/2026,Sunfire Taqueria,Debit Card DEBIT TRAN SUNFIRE TAQUERIA LAKEVIEW OH,19.30,Debit,Food & Dining,Restaurants,FREE CHECKING,,Debit Card DEBIT TRAN SUNFIRE TAQUERIA LAKEVIEW OH,FALSE
03/01/2026,Havenbrook Residential,Withdrawal HAVENBROOK RESIDENTIAL / TYPE: RENT ID: XXXXXX2210 CO: HAVENBROOK RES %% ACH ECC PPD,1285.00,Debit,Home,Rent,FREE CHECKING,,TYPE: RENT ID: XXXXXX2210 CO: HAVENBROOK RES %% ACH ECC PPD,FALSE
03/01/2026,Fourth Street Market,Debit Card DEBIT TRAN FOURTH STREET MARKET LAKEVIEW OH,5.35,Debit,Food & Dining,Convenience,FREE CHECKING,,Debit Card DEBIT TRAN FOURTH STREET MARKET LAKEVIEW OH,FALSE
03/01/2026,Chipotle,Debit Card DEBIT TRAN CHIPOTLE 2291 LAKEVIEW OH,10.56,Debit,Food & Dining,Restaurants,FREE CHECKING,,Debit Card DEBIT TRAN CHIPOTLE 2291 LAKEVIEW OH,FALSE
03/01/2026,ATM Withdrawal Lakeshore CU,ATM Withdrawal LAKESHORE CU MAIN ST LAKEVIEW OH,20.00,Debit,Uncategorized,Cash,FREE CHECKING,,ATM Withdrawal LAKESHORE CU MAIN ST LAKEVIEW OH,FALSE
02/28/2026,Transfer from Account 0072,Transfer from Share 0072,500.00,Credit,Transfer,Transfer,SHARE SAVINGS,,Transfer from Share 0072,FALSE
02/28/2026,Transfer To Share,Transfer To Share 0001,500.00,Debit,Transfer,Transfer,FREE CHECKING,,Transfer To Share 0001,FALSE
02/28/2026,Riverside Quick Stop,Debit Card DEBIT TRAN RIVERSIDE QUICK STOP LAKEVIEW OH,3.15,Debit,Food & Dining,Convenience,FREE CHECKING,,Debit Card DEBIT TRAN RIVERSIDE QUICK STOP LAKEVIEW OH,FALSE
02/28/2026,Lakeview Farmers Market,Debit Card DEBIT TRAN LAKEVIEW FARMERS MARKET LAKEVIEW OH,15.40,Debit,Food & Dining,Groceries,FREE CHECKING,,Debit Card DEBIT TRAN LAKEVIEW FARMERS MARKET LAKEVIEW OH,FALSE
02/28/2026,Blue Line Snacks,Debit Card DEBIT TRAN BLUE LINE SNACKS LAKEVIEW OH,3.34,Debit,Food & Dining,Convenience,FREE CHECKING,,Debit Card DEBIT TRAN BLUE LINE SNACKS LAKEVIEW OH,FALSE
02/27/2026,Vantel Fiber,Withdrawal VANTEL FIBER / TYPE: INTERNET CO: VANTEL FIBER %% ACH ECC WEB,49.00,Debit,Bills & Utilities,Internet,FREE CHECKING,,TYPE: INTERNET CO: VANTEL FIBER %% ACH ECC WEB,FALSE
02/27/2026,Transfer to Venmo,Withdrawal VENMO / TYPE: PAYMENT CO: VENMO %% ACH ECC WEB,18.50,Debit,Transfer,Venmo,FREE CHECKING,,TYPE: PAYMENT CO: VENMO %% ACH ECC WEB,FALSE
02/27/2026,Riverside Quick Stop,Debit Card DEBIT TRAN RIVERSIDE QUICK STOP LAKEVIEW OH,7.44,Debit,Food & Dining,Convenience,FREE CHECKING,,Debit Card DEBIT TRAN RIVERSIDE QUICK STOP LAKEVIEW OH,FALSE
02/27/2026,Fourth Street Market,Debit Card DEBIT TRAN FOURTH STREET MARKET LAKEVIEW OH,3.48,Debit,Food & Dining,Convenience,FREE CHECKING,,Debit Card DEBIT TRAN FOURTH STREET MARKET LAKEVIEW OH,FALSE
02/27/2026,Blue Line Snacks,Debit Card DEBIT TRAN BLUE LINE SNACKS LAKEVIEW OH,4.70,Debit,Food & Dining,Convenience,FREE CHECKING,,Debit Card DEBIT TRAN BLUE LINE SNACKS LAKEVIEW OH,FALSE
02/25/2026,Walgreens,Debit Card DEBIT TRAN WALGREENS #3310 LAKEVIEW OH,8.30,Debit,Health & Fitness,Pharmacy,FREE CHECKING,,Debit Card DEBIT TRAN WALGREENS #3310 LAKEVIEW OH,FALSE
02/25/2026,Northline Gas,Withdrawal NORTHLINE GAS / TYPE: GAS BILL CO: NORTHLINE GAS %% ACH ECC CCD,38.44,Debit,Bills & Utilities,Utilities,FREE CHECKING,,TYPE: GAS BILL CO: NORTHLINE GAS %% ACH ECC CCD,FALSE
02/25/2026,Fourth Street Market,Debit Card DEBIT TRAN FOURTH STREET MARKET LAKEVIEW OH,5.35,Debit,Food & Dining,Convenience,FREE CHECKING,,Debit Card DEBIT TRAN FOURTH STREET MARKET LAKEVIEW OH,FALSE
02/25/2026,Fourth Street Market,Debit Card DEBIT TRAN FOURTH STREET MARKET LAKEVIEW OH,1.34,Debit,Food & Dining,Convenience,FREE CHECKING,,Debit Card DEBIT TRAN FOURTH STREET MARKET LAKEVIEW OH,FALSE
02/24/2026,Sunrise Bodega,Debit Card DEBIT TRAN SUNRISE BODEGA LAKEVIEW OH,7.78,Debit,Food & Dining,Convenience,FREE CHECKING,,Debit Card DEBIT TRAN SUNRISE BODEGA LAKEVIEW OH,FALSE
02/24/2026,Fourth Street Market,Debit Card DEBIT TRAN FOURTH STREET MARKET LAKEVIEW OH,5.35,Debit,Food & Dining,Convenience,FREE CHECKING,,Debit Card DEBIT TRAN FOURTH STREET MARKET LAKEVIEW OH,FALSE
02/24/2026,Cvs/Pharmacy,Debit Card DEBIT TRAN CVS/PHARMACY #8812 LAKEVIEW OH,22.98,Debit,Health & Fitness,Pharmacy,FREE CHECKING,,Debit Card DEBIT TRAN CVS/PHARMACY #8812 LAKEVIEW OH,FALSE
02/24/2026,Chipotle,Debit Card DEBIT TRAN CHIPOTLE 2291 LAKEVIEW OH,15.61,Debit,Food & Dining,Restaurants,FREE CHECKING,,Debit Card DEBIT TRAN CHIPOTLE 2291 LAKEVIEW OH,FALSE
02/24/2026,Campus Corner Deli,Debit Card DEBIT TRAN CAMPUS CORNER DELI LAKEVIEW OH,5.20,Debit,Food & Dining,Convenience,FREE CHECKING,,Debit Card DEBIT TRAN CAMPUS CORNER DELI LAKEVIEW OH,FALSE
02/23/2026,Fourth Street Market,Debit Card DEBIT TRAN FOURTH STREET MARKET LAKEVIEW OH,3.48,Debit,Food & Dining,Convenience,FREE CHECKING,,Debit Card DEBIT TRAN FOURTH STREET MARKET LAKEVIEW OH,FALSE
02/23/2026,Amc Theatres,Debit Card DEBIT TRAN AMC THEATRES #2255 LAKEVIEW OH,15.13,Debit,Entertainment,Movies & Music,FREE CHECKING,,Debit Card DEBIT TRAN AMC THEATRES #2255 LAKEVIEW OH,FALSE
02/22/2026,Lyft *Ride Sat 2Pm,Debit Card DEBIT TRAN LYFT *RIDE SAT 2PM LAKEVIEW OH,8.73,Debit,Auto & Transport,Rideshare,FREE CHECKING,,Debit Card DEBIT TRAN LYFT *RIDE SAT 2PM LAKEVIEW OH,FALSE
02/22/2026,Fourth Street Market,Debit Card DEBIT TRAN FOURTH STREET MARKET LAKEVIEW OH,1.61,Debit,Food & Dining,Convenience,FREE CHECKING,,Debit Card DEBIT TRAN FOURTH STREET MARKET LAKEVIEW OH,FALSE
02/22/2026,Fourth Street Market,Debit Card DEBIT TRAN FOURTH STREET MARKET LAKEVIEW OH,5.35,Debit,Food & Dining,Convenience,FREE CHECKING,,Debit Card DEBIT TRAN FOURTH STREET MARKET LAKEVIEW OH,FALSE
02/22/2026,Blue Line Snacks,Debit Card DEBIT TRAN BLUE LINE SNACKS LAKEVIEW OH,4.71,Debit,Food & Dining,Convenience,FREE CHECKING,,Debit Card DEBIT TRAN BLUE LINE SNACKS LAKEVIEW OH,FALSE
02/21/2026,Target,Debit Card DEBIT TRAN TARGET 00028215 LAKEVIEW OH,23.50,Debit,Shopping,General Merchandise,FREE CHECKING,,Debit Card DEBIT TRAN TARGET 00028215 LAKEVIEW OH,FALSE
02/21/2026,Kroger,Debit Card DEBIT TRAN KROGER #445 LAKEVIEW OH,27.22,Debit,Food & Dining,Groceries,FREE CHECKING,,Debit Card DEBIT TRAN KROGER #445 LAKEVIEW OH,FALSE
02/21/2026,Blue Line Snacks,Debit Card DEBIT TRAN BLUE LINE SNACKS LAKEVIEW OH,2.44,Debit,Food & Dining,Convenience,FREE CHECKING,,Debit Card DEBIT TRAN BLUE LINE SNACKS LAKEVIEW OH,FALSE
02/20/2026,Lakeview Power & Light,Withdrawal LAKEVIEW PWR & LIGHT / TYPE: ELECTRIC ID: XXXXXX7002 CO: LAKEVIEW PWR LT %% ACH ECC CCD,70.21,Debit,Bills & Utilities,Utilities,FREE CHECKING,,TYPE: ELECTRIC ID: XXXXXX7002 CO: LAKEVIEW PWR LT %% ACH ECC CCD,FALSE
02/20/2026,Lakeview County Payroll,Deposit LAKEVIEW COUNTY PAYROLL / TYPE: DIRECT DEP ID: XXXXXX4410 CO: LAKEVIEW COUNTY %% ACH ECC PPD,1970.68,Credit,Income,Paycheck,FREE CHECKING,,TYPE: DIRECT DEP ID: XXXXXX4410 CO: LAKEVIEW COUNTY %% ACH ECC PPD,FALSE
02/19/2026,Panera Bread,Debit Card DEBIT TRAN PANERA BREAD #601442 LAKEVIEW OH,11.71,Debit,Food & Dining,Restaurants,FREE CHECKING,,Debit Card DEBIT TRAN PANERA BREAD #601442 LAKEVIEW OH,FALSE
02/19/2026,Northgate Express Mart,Debit Card DEBIT TRAN NORTHGATE EXPRESS MART LAKEVIEW OH,3.68,Debit,Food & Dining,Convenience,FREE CHECKING,,Debit Card DEBIT TRAN NORTHGATE EXPRESS MART LAKEVIEW OH,FALSE
02/19/2026,Lyft *Ride Sat 2Pm,Debit Card DEBIT TRAN LYFT *RIDE SAT 2PM LAKEVIEW OH,14.41,Debit,Auto & Transport,Rideshare,FREE CHECKING,,Debit Card DEBIT TRAN LYFT *RIDE SAT 2PM LAKEVIEW OH,FALSE
02/19/2026,Lakeview Transit Auth,Debit Card DEBIT TRAN LAKEVIEW TRANSIT AUTH LAKEVIEW OH,2.75,Debit,Auto & Transport,Public Transit,FREE CHECKING,,Debit Card DEBIT TRAN LAKEVIEW TRANSIT AUTH LAKEVIEW OH,FALSE
02/19/2026,Lakeview Transit Auth,Debit Card DEBIT TRAN LAKEVIEW TRANSIT AUTH LAKEVIEW OH,2.75,Debit,Auto & Transport,Public Transit,FREE CHECKING,,Debit Card DEBIT TRAN LAKEVIEW TRANSIT AUTH LAKEVIEW OH,FALSE
02/19/2026,Chipotle,Debit Card DEBIT TRAN CHIPOTLE 2291 LAKEVIEW OH,11.72,Debit,Food & Dining,Restaurants,FREE CHECKING,,Debit Card DEBIT TRAN CHIPOTLE 2291 LAKEVIEW OH,FALSE
02/19/2026,Aldi,Debit Card DEBIT TRAN ALDI 71034 LAKEVIEW OH,15.98,Debit,Food & Dining,Groceries,FREE CHECKING,,Debit Card DEBIT TRAN ALDI 71034 LAKEVIEW OH,FALSE
02/18/2026,Target,Debit Card DEBIT TRAN TARGET 00028215 LAKEVIEW OH,50.52,Debit,Shopping,General Merchandise,FREE CHECKING,,Debit Card DEBIT TRAN TARGET 00028215 LAKEVIEW OH,FALSE
02/17/2026,Fourth Street Market,Debit Card DEBIT TRAN FOURTH STREET MARKET LAKEVIEW OH,5.35,Debit,Food & Dining,Convenience,FREE CHECKING,,Debit Card DEBIT TRAN FOURTH STREET MARKET LAKEVIEW OH,FALSE
02/17/2026,Cafe Lumen,Debit Card DEBIT TRAN CAFE LUMEN LAKEVIEW OH,5.85,Debit,Food & Dining,Restaurants,FREE CHECKING,,Debit Card DEBIT TRAN CAFE LUMEN LAKEVIEW OH,FALSE
02/17/2026,Basil & Rye,Debit Card DEBIT TRAN BASIL & RYE LAKEVIEW OH,20.32,Debit,Food & Dining,Restaurants,FREE CHECKING,,Debit Card DEBIT TRAN BASIL & RYE LAKEVIEW OH,FALSE
02/16/2026,Riverside Quick Stop,Debit Card DEBIT TRAN RIVERSIDE QUICK STOP LAKEVIEW OH,7.60,Debit,Food & Dining,Convenience,FREE CHECKING,,Debit Card DEBIT TRAN RIVERSIDE QUICK STOP LAKEVIEW OH,FALSE
02/16/2026,Granite State Servicing,Withdrawal GRANITE STATE SERVICING / TYPE: STUDENT LN ID: XXXXXX2007 CO: GRANITE STATE SVC %% ACH ECC PPD,78.20,Debit,Education,Student Loan,FREE CHECKING,,TYPE: STUDENT LN ID: XXXXXX2007 CO: GRANITE STATE SVC %% ACH ECC PPD,FALSE
02/16/2026,Fourth Street Market,Debit Card DEBIT TRAN FOURTH STREET MARKET LAKEVIEW OH,5.62,Debit,Food & Dining,Convenience,FREE CHECKING,,Debit Card DEBIT TRAN FOURTH STREET MARKET LAKEVIEW OH,FALSE
02/16/2026,Elm & 9Th Convenience,Debit Card DEBIT TRAN ELM & 9TH CONVENIENCE LAKEVIEW OH,6.19,Debit,Food & Dining,Convenience,FREE CHECKING,,Debit Card DEBIT TRAN ELM & 9TH CONVENIENCE LAKEVIEW OH,FALSE
02/16/2026,Chase Credit Card,Withdrawal CHASE CREDIT CRD / TYPE: AUTOPAY ID: XXXXXX4417 CO: CHASE CREDIT CRD %% ACH ECC WEB,415.99,Debit,Transfer,Credit Card Payment,FREE CHECKING,,TYPE: AUTOPAY ID: XXXXXX4417 CO: CHASE CREDIT CRD %% ACH ECC WEB,FALSE
02/16/2026,Bandcamp,Debit Card DEBIT TRAN BANDCAMP LAKEVIEW OH,7.55,Debit,Entertainment,Movies & Music,FREE CHECKING,,Debit Card DEBIT TRAN BANDCAMP LAKEVIEW OH,FALSE
02/15/2026,Walgreens,Debit Card DEBIT TRAN WALGREENS #3310 LAKEVIEW OH,21.05,Debit,Health & Fitness,Pharmacy,FREE CHECKING,,Debit Card DEBIT TRAN WALGREENS #3310 LAKEVIEW OH,FALSE
02/15/2026,Riverside Quick Stop,Debit Card DEBIT TRAN RIVERSIDE QUICK STOP LAKEVIEW OH,7.32,Debit,Food & Dining,Convenience,FREE CHECKING,,Debit Card DEBIT TRAN RIVERSIDE QUICK STOP LAKEVIEW OH,FALSE
02/15/2026,Cafe Lumen,Debit Card DEBIT TRAN CAFE LUMEN LAKEVIEW OH,6.63,Debit,Food & Dining,Restaurants,FREE CHECKING,,Debit Card DEBIT TRAN CAFE LUMEN LAKEVIEW OH,FALSE
02/14/2026,Riverside Quick Stop,Debit Card DEBIT TRAN RIVERSIDE QUICK STOP LAKEVIEW OH,3.58,Debit,Food & Dining,Convenience,FREE CHECKING,,Debit Card DEBIT TRAN RIVERSIDE QUICK STOP LAKEVIEW OH,FALSE
02/13/2026,Lakeview County AP Reimb,Deposit LAKEVIEW COUNTY AP REIMB / TYPE: VENDOR PAY CO: LAKEVIEW COUNTY,318.40,Credit,Income,Other Income,FREE CHECKING,,TYPE: VENDOR PAY CO: LAKEVIEW COUNTY,FALSE
02/13/2026,Fourth Street Market,Debit Card DEBIT TRAN FOURTH STREET MARKET LAKEVIEW OH,3.48,Debit,Food & Dining,Convenience,FREE CHECKING,,Debit Card DEBIT TRAN FOURTH STREET MARKET LAKEVIEW OH,FALSE
02/12/2026,Fourth Street Market,Debit Card DEBIT TRAN FOURTH STREET MARKET LAKEVIEW OH,1.61,Debit,Food & Dining,Convenience,FREE CHECKING,,Debit Card DEBIT TRAN FOURTH STREET MARKET LAKEVIEW OH,FALSE
02/11/2026,Transfer to Venmo,Withdrawal VENMO / TYPE: PAYMENT CO: VENMO %% ACH ECC WEB,32.90,Debit,Transfer,Venmo,FREE CHECKING,,TYPE: PAYMENT CO: VENMO %% ACH ECC WEB,FALSE
02/11/2026,Elm & 9Th Convenience,Debit Card DEBIT TRAN ELM & 9TH CONVENIENCE LAKEVIEW OH,5.69,Debit,Food & Dining,Convenience,FREE CHECKING,,Debit Card DEBIT TRAN ELM & 9TH CONVENIENCE LAKEVIEW OH,FALSE
02/10/2026,Lakeview Transit Auth,Debit Card DEBIT TRAN LAKEVIEW TRANSIT AUTH LAKEVIEW OH,2.75,Debit,Auto & Transport,Public Transit,FREE CHECKING,,Debit Card DEBIT TRAN LAKEVIEW TRANSIT AUTH LAKEVIEW OH,FALSE
02/10/2026,Lakeview Transit Auth,Debit Card DEBIT TRAN LAKEVIEW TRANSIT AUTH LAKEVIEW OH,2.75,Debit,Auto & Transport,Public Transit,FREE CHECKING,,Debit Card DEBIT TRAN LAKEVIEW TRANSIT AUTH LAKEVIEW OH,FALSE
02/10/2026,Fourth Street Market,Debit Card DEBIT TRAN FOURTH STREET MARKET LAKEVIEW OH,5.35,Debit,Food & Dining,Convenience,FREE CHECKING,,Debit Card DEBIT TRAN FOURTH STREET MARKET LAKEVIEW OH,FALSE
02/08/2026,Fourth Street Market,Debit Card DEBIT TRAN FOURTH STREET MARKET LAKEVIEW OH,3.48,Debit,Food & Dining,Convenience,FREE CHECKING,,Debit Card DEBIT TRAN FOURTH STREET MARKET LAKEVIEW OH,FALSE
02/07/2026,Chase Credit Card,Withdrawal CHASE CREDIT CRD / TYPE: AUTOPAY ID: XXXXXX8802 CO: CHASE CREDIT CRD %% ACH ECC WEB,83.59,Debit,Transfer,Credit Card Payment,FREE CHECKING,,TYPE: AUTOPAY ID: XXXXXX8802 CO: CHASE CREDIT CRD %% ACH ECC WEB,FALSE
02/06/2026,Trader Joe's,Debit Card DEBIT TRAN TRADER JOE'S #712 LAKEVIEW OH,31.75,Debit,Food & Dining,Groceries,FREE CHECKING,,Debit Card DEBIT TRAN TRADER JOE'S #712 LAKEVIEW OH,FALSE
02/06/2026,Riverside Quick Stop,Debit Card DEBIT TRAN RIVERSIDE QUICK STOP LAKEVIEW OH,2.34,Debit,Food & Dining,Convenience,FREE CHECKING,,Debit Card DEBIT TRAN RIVERSIDE QUICK STOP LAKEVIEW OH,FALSE
02/06/2026,Lakeview County Payroll,Deposit LAKEVIEW COUNTY PAYROLL / TYPE: DIRECT DEP ID: XXXXXX4410 CO: LAKEVIEW COUNTY %% ACH ECC PPD,1970.68,Credit,Income,Paycheck,FREE CHECKING,,TYPE: DIRECT DEP ID: XXXXXX4410 CO: LAKEVIEW COUNTY %% ACH ECC PPD,FALSE
02/06/2026,Kroger,Debit Card DEBIT TRAN KROGER #445 LAKEVIEW OH,51.33,Debit,Food & Dining,Groceries,FREE CHECKING,,Debit Card DEBIT TRAN KROGER #445 LAKEVIEW OH,FALSE
02/05/2026,Zelle to Linda Morgan,Withdrawal ZELLE TO LINDA MORGAN / TYPE: P2P CO: ZELLE %% ACH ECC WEB,120.00,Debit,Transfer,Zelle,FREE CHECKING,,TYPE: P2P CO: ZELLE %% ACH ECC WEB,FALSE
02/05/2026,LaundryCard Reload,Withdrawal LAUNDRYCARD RELOAD / TYPE: PURCHASE CO: LAUNDRYCARD,16.00,Debit,Home,Laundry,FREE CHECKING,,TYPE: PURCHASE CO: LAUNDRYCARD,FALSE
02/03/2026,Vanguard Buy,Withdrawal VANGUARD BUY / TYPE: INVESTMENT CO: VMC %% ACH ECC WEB,1000.00,Debit,Investments,Investment,SHARE SAVINGS,,TYPE: INVESTMENT CO: VMC %% ACH ECC WEB,FALSE
02/03/2026,Trader Joe's,Debit Card DEBIT TRAN TRADER JOE'S #712 LAKEVIEW OH,41.48,Debit,Food & Dining,Groceries,FREE CHECKING,,Debit Card DEBIT TRAN TRADER JOE'S #712 LAKEVIEW OH,FALSE
02/03/2026,Starbucks,Debit Card DEBIT TRAN STARBUCKS #22910 LAKEVIEW OH,6.31,Debit,Food & Dining,Restaurants,FREE CHECKING,,Debit Card DEBIT TRAN STARBUCKS #22910 LAKEVIEW OH,FALSE
02/02/2026,Transfer to Venmo,Withdrawal VENMO / TYPE: PAYMENT CO: VENMO %% ACH ECC WEB,8.00,Debit,Transfer,Venmo,FREE CHECKING,,TYPE: PAYMENT CO: VENMO %% ACH ECC WEB,FALSE
02/02/2026,Basil & Rye,Debit Card DEBIT TRAN BASIL & RYE LAKEVIEW OH,25.32,Debit,Food & Dining,Restaurants,FREE CHECKING,,Debit Card DEBIT TRAN BASIL & RYE LAKEVIEW OH,FALSE
02/01/2026,Riverside Quick Stop,Debit Card DEBIT TRAN RIVERSIDE QUICK STOP LAKEVIEW OH,5.36,Debit,Food & Dining,Convenience,FREE CHECKING,,Debit Card DEBIT TRAN RIVERSIDE QUICK STOP LAKEVIEW OH,FALSE
02/01/2026,Lakeview Transit Auth,Debit Card DEBIT TRAN LAKEVIEW TRANSIT AUTH LAKEVIEW OH,2.75,Debit,Auto & Transport,Public Transit,FREE CHECKING,,Debit Card DEBIT TRAN LAKEVIEW TRANSIT AUTH LAKEVIEW OH,FALSE
02/01/2026,Lakeview Transit Auth,Debit Card DEBIT TRAN LAKEVIEW TRANSIT AUTH LAKEVIEW OH,2.75,Debit,Auto & Transport,Public Transit,FREE CHECKING,,Debit Card DEBIT TRAN LAKEVIEW TRANSIT AUTH LAKEVIEW OH,FALSE
02/01/2026,Lakeview Pho House,Debit Card DEBIT TRAN LAKEVIEW PHO HOUSE LAKEVIEW OH,22.89,Debit,Food & Dining,Restaurants,FREE CHECKING,,Debit Card DEBIT TRAN LAKEVIEW PHO HOUSE LAKEVIEW OH,FALSE
02/01/2026,Havenbrook Residential,Withdrawal HAVENBROOK RESIDENTIAL / TYPE: RENT ID: XXXXXX2210 CO: HAVENBROOK RES %% ACH ECC PPD,1285.00,Debit,Home,Rent,FREE CHECKING,,TYPE: RENT ID: XXXXXX2210 CO: HAVENBROOK RES %% ACH ECC PPD,FALSE
02/01/2026,Fourth Street Market,Debit Card DEBIT TRAN FOURTH STREET MARKET LAKEVIEW OH,5.35,Debit,Food & Dining,Convenience,FREE CHECKING,,Debit Card DEBIT TRAN FOURTH STREET MARKET LAKEVIEW OH,FALSE
02/01/2026,Domino's,Debit Card DEBIT TRAN DOMINO'S 5512 LAKEVIEW OH,13.05,Debit,Food & Dining,Restaurants,FREE CHECKING,,Debit Card DEBIT TRAN DOMINO'S 5512 LAKEVIEW OH,FALSE
01/31/2026,Transfer from Account 0072,Transfer from Share 0072,750.00,Credit,Transfer,Transfer,SHARE SAVINGS,,Transfer from Share 0072,FALSE
01/31/2026,Transfer To Share,Transfer To Share 0001,750.00,Debit,Transfer,Transfer,FREE CHECKING,,Transfer To Share 0001,FALSE
01/31/2026,Kroger,Debit Card DEBIT TRAN KROGER #445 LAKEVIEW OH,39.84,Debit,Food & Dining,Groceries,FREE CHECKING,,Debit Card DEBIT TRAN KROGER #445 LAKEVIEW OH,FALSE
01/31/2026,Fourth Street Market,Debit Card DEBIT TRAN FOURTH STREET MARKET LAKEVIEW OH,5.35,Debit,Food & Dining,Convenience,FREE CHECKING,,Debit Card DEBIT TRAN FOURTH STREET MARKET LAKEVIEW OH,FALSE
01/30/2026,Riverside Quick Stop,Debit Card DEBIT TRAN RIVERSIDE QUICK STOP LAKEVIEW OH,7.23,Debit,Food & Dining,Convenience,FREE CHECKING,,Debit Card DEBIT TRAN RIVERSIDE QUICK STOP LAKEVIEW OH,FALSE
01/30/2026,Northgate Express Mart,Debit Card DEBIT TRAN NORTHGATE EXPRESS MART LAKEVIEW OH,5.31,Debit,Food & Dining,Convenience,FREE CHECKING,,Debit Card DEBIT TRAN NORTHGATE EXPRESS MART LAKEVIEW OH,FALSE
01/29/2026,Riverside Quick Stop,Debit Card DEBIT TRAN RIVERSIDE QUICK STOP LAKEVIEW OH,3.90,Debit,Food & Dining,Convenience,FREE CHECKING,,Debit Card DEBIT TRAN RIVERSIDE QUICK STOP LAKEVIEW OH,FALSE
01/28/2026,Wendy's,Debit Card DEBIT TRAN WENDY'S #4471 LAKEVIEW OH,8.03,Debit,Food & Dining,Restaurants,FREE CHECKING,,Debit Card DEBIT TRAN WENDY'S #4471 LAKEVIEW OH,FALSE
01/27/2026,Vantel Fiber,Withdrawal VANTEL FIBER / TYPE: INTERNET CO: VANTEL FIBER %% ACH ECC WEB,49.00,Debit,Bills & Utilities,Internet,FREE CHECKING,,TYPE: INTERNET CO: VANTEL FIBER %% ACH ECC WEB,FALSE
01/27/2026,Kroger,Debit Card DEBIT TRAN KROGER #445 LAKEVIEW OH,45.71,Debit,Food & Dining,Groceries,FREE CHECKING,,Debit Card DEBIT TRAN KROGER #445 LAKEVIEW OH,FALSE
01/27/2026,Fourth Street Market,Debit Card DEBIT TRAN FOURTH STREET MARKET LAKEVIEW OH,5.35,Debit,Food & Dining,Convenience,FREE CHECKING,,Debit Card DEBIT TRAN FOURTH STREET MARKET LAKEVIEW OH,FALSE
01/26/2026,Kroger,Debit Card DEBIT TRAN KROGER #445 LAKEVIEW OH,31.50,Debit,Food & Dining,Groceries,FREE CHECKING,,Debit Card DEBIT TRAN KROGER #445 LAKEVIEW OH,FALSE
01/26/2026,Fourth Street Market,Debit Card DEBIT TRAN FOURTH STREET MARKET LAKEVIEW OH,3.48,Debit,Food & Dining,Convenience,FREE CHECKING,,Debit Card DEBIT TRAN FOURTH STREET MARKET LAKEVIEW OH,FALSE
01/26/2026,Blue Line Snacks,Debit Card DEBIT TRAN BLUE LINE SNACKS LAKEVIEW OH,4.66,Debit,Food & Dining,Convenience,FREE CHECKING,,Debit Card DEBIT TRAN BLUE LINE SNACKS LAKEVIEW OH,FALSE
01/25/2026,Northline Gas,Withdrawal NORTHLINE GAS / TYPE: GAS BILL CO: NORTHLINE GAS %% ACH ECC CCD,34.30,Debit,Bills & Utilities,Utilities,FREE CHECKING,,TYPE: GAS BILL CO: NORTHLINE GAS %% ACH ECC CCD,FALSE
01/25/2026,ATM Withdrawal #4471 Fourth Street,ATM Withdrawal #4471 FOURTH STREET LAKEVIEW OH,20.00,Debit,Uncategorized,Cash,FREE CHECKING,,ATM Withdrawal #4471 FOURTH STREET LAKEVIEW OH,FALSE
01/25/2026,ATM Surcharge,ATM Surcharge FOURTH STREET,3.00,Debit,Fees & Charges,ATM Fee,FREE CHECKING,,ATM Surcharge FOURTH STREET,FALSE
01/24/2026,Fourth Street Market,Debit Card DEBIT TRAN FOURTH STREET MARKET LAKEVIEW OH,3.48,Debit,Food & Dining,Convenience,FREE CHECKING,,Debit Card DEBIT TRAN FOURTH STREET MARKET LAKEVIEW OH,FALSE
01/23/2026,Lakeview County Payroll,Deposit LAKEVIEW COUNTY PAYROLL / TYPE: DIRECT DEP ID: XXXXXX4410 CO: LAKEVIEW COUNTY %% ACH ECC PPD,1970.68,Credit,Income,Paycheck,FREE CHECKING,,TYPE: DIRECT DEP ID: XXXXXX4410 CO: LAKEVIEW COUNTY %% ACH ECC PPD,FALSE
01/23/2026,Blue Line Snacks,Debit Card DEBIT TRAN BLUE LINE SNACKS LAKEVIEW OH,3.06,Debit,Food & Dining,Convenience,FREE CHECKING,,Debit Card DEBIT TRAN BLUE LINE SNACKS LAKEVIEW OH,FALSE
01/21/2026,Fourth Street Market,Debit Card DEBIT TRAN FOURTH STREET MARKET LAKEVIEW OH,5.35,Debit,Food & Dining,Convenience,FREE CHECKING,,Debit Card DEBIT TRAN FOURTH STREET MARKET LAKEVIEW OH,FALSE
01/20/2026,Lakeview Power & Light,Withdrawal LAKEVIEW PWR & LIGHT / TYPE: ELECTRIC ID: XXXXXX7002 CO: LAKEVIEW PWR LT %% ACH ECC CCD,58.08,Debit,Bills & Utilities,Utilities,FREE CHECKING,,TYPE: ELECTRIC ID: XXXXXX7002 CO: LAKEVIEW PWR LT %% ACH ECC CCD,FALSE
01/20/2026,Cornerstone Life Ins Prem,Withdrawal CORNERSTONE LIFE INS PREM / TYPE: PREMIUM CO: CORNERSTONE LIFE %% ACH ECC PPD,93.00,Debit,Financial,Life Insurance,FREE CHECKING,,TYPE: PREMIUM CO: CORNERSTONE LIFE %% ACH ECC PPD,FALSE
01/19/2026,Sunfire Taqueria,Debit Card DEBIT TRAN SUNFIRE TAQUERIA LAKEVIEW OH,20.90,Debit,Food & Dining,Restaurants,FREE CHECKING,,Debit Card DEBIT TRAN SUNFIRE TAQUERIA LAKEVIEW OH,FALSE
01/19/2026,Fourth Street Market,Debit Card DEBIT TRAN FOURTH STREET MARKET LAKEVIEW OH,3.48,Debit,Food & Dining,Convenience,FREE CHECKING,,Debit Card DEBIT TRAN FOURTH STREET MARKET LAKEVIEW OH,FALSE
01/19/2026,Chipotle,Debit Card DEBIT TRAN CHIPOTLE 2291 LAKEVIEW OH,10.77,Debit,Food & Dining,Restaurants,FREE CHECKING,,Debit Card DEBIT TRAN CHIPOTLE 2291 LAKEVIEW OH,FALSE
01/17/2026,Transfer to Venmo,Withdrawal VENMO / TYPE: PAYMENT CO: VENMO %% ACH ECC WEB,23.50,Debit,Transfer,Venmo,FREE CHECKING,,TYPE: PAYMENT CO: VENMO %% ACH ECC WEB,FALSE
01/17/2026,Fourth Street Market,Debit Card DEBIT TRAN FOURTH STREET MARKET LAKEVIEW OH,3.48,Debit,Food & Dining,Convenience,FREE CHECKING,,Debit Card DEBIT TRAN FOURTH STREET MARKET LAKEVIEW OH,FALSE
01/16/2026,Granite State Servicing,Withdrawal GRANITE STATE SERVICING / TYPE: STUDENT LN ID: XXXXXX2007 CO: GRANITE STATE SVC %% ACH ECC PPD,78.20,Debit,Education,Student Loan,FREE CHECKING,,TYPE: STUDENT LN ID: XXXXXX2007 CO: GRANITE STATE SVC %% ACH ECC PPD,FALSE
01/16/2026,Fourth Street Market,Debit Card DEBIT TRAN FOURTH STREET MARKET LAKEVIEW OH,1.34,Debit,Food & Dining,Convenience,FREE CHECKING,,Debit Card DEBIT TRAN FOURTH STREET MARKET LAKEVIEW OH,FALSE
01/16/2026,Elm & 9Th Convenience,Debit Card DEBIT TRAN ELM & 9TH CONVENIENCE LAKEVIEW OH,5.76,Debit,Food & Dining,Convenience,FREE CHECKING,,Debit Card DEBIT TRAN ELM & 9TH CONVENIENCE LAKEVIEW OH,FALSE
01/16/2026,Chase Credit Card,Withdrawal CHASE CREDIT CRD / TYPE: AUTOPAY ID: XXXXXX4417 CO: CHASE CREDIT CRD %% ACH ECC WEB,334.47,Debit,Transfer,Credit Card Payment,FREE CHECKING,,TYPE: AUTOPAY ID: XXXXXX4417 CO: CHASE CREDIT CRD %% ACH ECC WEB,FALSE
01/15/2026,Fourth Street Market,Debit Card DEBIT TRAN FOURTH STREET MARKET LAKEVIEW OH,5.35,Debit,Food & Dining,Convenience,FREE CHECKING,,Debit Card DEBIT TRAN FOURTH STREET MARKET LAKEVIEW OH,FALSE
01/15/2026,Fourth Street Market,Debit Card DEBIT TRAN FOURTH STREET MARKET LAKEVIEW OH,3.48,Debit,Food & Dining,Convenience,FREE CHECKING,,Debit Card DEBIT TRAN FOURTH STREET MARKET LAKEVIEW OH,FALSE
01/14/2026,Basil & Rye,Debit Card DEBIT TRAN BASIL & RYE LAKEVIEW OH,26.30,Debit,Food & Dining,Restaurants,FREE CHECKING,,Debit Card DEBIT TRAN BASIL & RYE LAKEVIEW OH,FALSE
01/12/2026,Riverside Quick Stop,Debit Card DEBIT TRAN RIVERSIDE QUICK STOP LAKEVIEW OH,2.51,Debit,Food & Dining,Convenience,FREE CHECKING,,Debit Card DEBIT TRAN RIVERSIDE QUICK STOP LAKEVIEW OH,FALSE
01/10/2026,Transfer to Venmo,Withdrawal VENMO / TYPE: PAYMENT CO: VENMO %% ACH ECC WEB,8.00,Debit,Transfer,Venmo,FREE CHECKING,,TYPE: PAYMENT CO: VENMO %% ACH ECC WEB,FALSE
01/10/2026,Riverside Quick Stop,Debit Card DEBIT TRAN RIVERSIDE QUICK STOP LAKEVIEW OH,5.79,Debit,Food & Dining,Convenience,FREE CHECKING,,Debit Card DEBIT TRAN RIVERSIDE QUICK STOP LAKEVIEW OH,FALSE
01/10/2026,Riverside Quick Stop,Debit Card DEBIT TRAN RIVERSIDE QUICK STOP LAKEVIEW OH,3.00,Debit,Food & Dining,Convenience,FREE CHECKING,,Debit Card DEBIT TRAN RIVERSIDE QUICK STOP LAKEVIEW OH,FALSE
01/10/2026,Kroger,Debit Card DEBIT TRAN KROGER #445 LAKEVIEW OH,36.05,Debit,Food & Dining,Groceries,FREE CHECKING,,Debit Card DEBIT TRAN KROGER #445 LAKEVIEW OH,FALSE
01/10/2026,Fourth Street Market,Debit Card DEBIT TRAN FOURTH STREET MARKET LAKEVIEW OH,5.62,Debit,Food & Dining,Convenience,FREE CHECKING,,Debit Card DEBIT TRAN FOURTH STREET MARKET LAKEVIEW OH,FALSE
01/09/2026,Riverside Quick Stop,Debit Card DEBIT TRAN RIVERSIDE QUICK STOP LAKEVIEW OH,2.72,Debit,Food & Dining,Convenience,FREE CHECKING,,Debit Card DEBIT TRAN RIVERSIDE QUICK STOP LAKEVIEW OH,FALSE
01/09/2026,Lakeview County Payroll,Deposit LAKEVIEW COUNTY PAYROLL / TYPE: DIRECT DEP ID: XXXXXX4410 CO: LAKEVIEW COUNTY %% ACH ECC PPD,1970.68,Credit,Income,Paycheck,FREE CHECKING,,TYPE: DIRECT DEP ID: XXXXXX4410 CO: LAKEVIEW COUNTY %% ACH ECC PPD,FALSE
01/08/2026,Blue Line Snacks,Debit Card DEBIT TRAN BLUE LINE SNACKS LAKEVIEW OH,2.94,Debit,Food & Dining,Convenience,FREE CHECKING,,Debit Card DEBIT TRAN BLUE LINE SNACKS LAKEVIEW OH,FALSE
01/07/2026,Northgate Express Mart,Debit Card DEBIT TRAN NORTHGATE EXPRESS MART LAKEVIEW OH,3.40,Debit,Food & Dining,Convenience,FREE CHECKING,,Debit Card DEBIT TRAN NORTHGATE EXPRESS MART LAKEVIEW OH,FALSE
01/07/2026,Chase Credit Card,Withdrawal CHASE CREDIT CRD / TYPE: AUTOPAY ID: XXXXXX8802 CO: CHASE CREDIT CRD %% ACH ECC WEB,110.53,Debit,Transfer,Credit Card Payment,FREE CHECKING,,TYPE: AUTOPAY ID: XXXXXX8802 CO: CHASE CREDIT CRD %% ACH ECC WEB,FALSE
01/07/2026,Campus Corner Deli,Debit Card DEBIT TRAN CAMPUS CORNER DELI LAKEVIEW OH,3.59,Debit,Food & Dining,Convenience,FREE CHECKING,,Debit Card DEBIT TRAN CAMPUS CORNER DELI LAKEVIEW OH,FALSE
01/07/2026,Cafe Lumen,Debit Card DEBIT TRAN CAFE LUMEN LAKEVIEW OH,5.01,Debit,Food & Dining,Restaurants,FREE CHECKING,,Debit Card DEBIT TRAN CAFE LUMEN LAKEVIEW OH,FALSE
01/06/2026,Fourth Street Market,Debit Card DEBIT TRAN FOURTH STREET MARKET LAKEVIEW OH,3.48,Debit,Food & Dining,Convenience,FREE CHECKING,,Debit Card DEBIT TRAN FOURTH STREET MARKET LAKEVIEW OH,FALSE
01/05/2026,Zelle to Linda Morgan,Withdrawal ZELLE TO LINDA MORGAN / TYPE: P2P CO: ZELLE %% ACH ECC WEB,120.00,Debit,Transfer,Zelle,FREE CHECKING,,TYPE: P2P CO: ZELLE %% ACH ECC WEB,FALSE
01/05/2026,Starbucks,Debit Card DEBIT TRAN STARBUCKS #22910 LAKEVIEW OH,6.54,Debit,Food & Dining,Restaurants,FREE CHECKING,,Debit Card DEBIT TRAN STARBUCKS #22910 LAKEVIEW OH,FALSE
01/05/2026,LaundryCard Reload,Withdrawal LAUNDRYCARD RELOAD / TYPE: PURCHASE CO: LAUNDRYCARD,16.00,Debit,Home,Laundry,FREE CHECKING,,TYPE: PURCHASE CO: LAUNDRYCARD,FALSE
01/03/2026,Vanguard Buy,Withdrawal VANGUARD BUY / TYPE: INVESTMENT CO: VMC %% ACH ECC WEB,1500.00,Debit,Investments,Investment,SHARE SAVINGS,,TYPE: INVESTMENT CO: VMC %% ACH ECC WEB,FALSE
01/03/2026,Riverside Quick Stop,Debit Card DEBIT TRAN RIVERSIDE QUICK STOP LAKEVIEW OH,2.30,Debit,Food & Dining,Convenience,FREE CHECKING,,Debit Card DEBIT TRAN RIVERSIDE QUICK STOP LAKEVIEW OH,FALSE
01/02/2026,Lakeview Farmers Market,Debit Card DEBIT TRAN LAKEVIEW FARMERS MARKET LAKEVIEW OH,16.46,Debit,Food & Dining,Groceries,FREE CHECKING,,Debit Card DEBIT TRAN LAKEVIEW FARMERS MARKET LAKEVIEW OH,FALSE
01/01/2026,Havenbrook Residential,Withdrawal HAVENBROOK RESIDENTIAL / TYPE: RENT ID: XXXXXX2210 CO: HAVENBROOK RES %% ACH ECC PPD,1285.00,Debit,Home,Rent,FREE CHECKING,,TYPE: RENT ID: XXXXXX2210 CO: HAVENBROOK RES %% ACH ECC PPD,FALSE
01/01/2026,Fourth Street Market,Debit Card DEBIT TRAN FOURTH STREET MARKET LAKEVIEW OH,5.35,Debit,Food & Dining,Convenience,FREE CHECKING,,Debit Card DEBIT TRAN FOURTH STREET MARKET LAKEVIEW OH,FALSE
01/01/2026,Corner Books Lakeview,Debit Card DEBIT TRAN CORNER BOOKS LAKEVIEW LAKEVIEW OH,20.68,Debit,Entertainment,Movies & Music,FREE CHECKING,,Debit Card DEBIT TRAN CORNER BOOKS LAKEVIEW LAKEVIEW OH,FALSE
12/31/2025,Transfer from Account 0072,Transfer from Share 0072,750.00,Credit,Transfer,Transfer,SHARE SAVINGS,,Transfer from Share 0072,FALSE
12/31/2025,Transfer To Share,Transfer To Share 0001,750.00,Debit,Transfer,Transfer,FREE CHECKING,,Transfer To Share 0001,FALSE
12/31/2025,Riverside Quick Stop,Debit Card DEBIT TRAN RIVERSIDE QUICK STOP LAKEVIEW OH,4.48,Debit,Food & Dining,Convenience,FREE CHECKING,,Debit Card DEBIT TRAN RIVERSIDE QUICK STOP LAKEVIEW OH,FALSE
12/31/2025,Fourth Street Market,Debit Card DEBIT TRAN FOURTH STREET MARKET LAKEVIEW OH,1.34,Debit,Food & Dining,Convenience,FREE CHECKING,,Debit Card DEBIT TRAN FOURTH STREET MARKET LAKEVIEW OH,FALSE
12/31/2025,Fourth Street Market,Debit Card DEBIT TRAN FOURTH STREET MARKET LAKEVIEW OH,3.48,Debit,Food & Dining,Convenience,FREE CHECKING,,Debit Card DEBIT TRAN FOURTH STREET MARKET LAKEVIEW OH,FALSE
12/31/2025,Blue Line Snacks,Debit Card DEBIT TRAN BLUE LINE SNACKS LAKEVIEW OH,2.36,Debit,Food & Dining,Convenience,FREE CHECKING,,Debit Card DEBIT TRAN BLUE LINE SNACKS LAKEVIEW OH,FALSE
12/30/2025,Northgate Express Mart,Debit Card DEBIT TRAN NORTHGATE EXPRESS MART LAKEVIEW OH,4.98,Debit,Food & Dining,Convenience,FREE CHECKING,,Debit Card DEBIT TRAN NORTHGATE EXPRESS MART LAKEVIEW OH,FALSE
12/29/2025,Lakeview Farmers Market,Debit Card DEBIT TRAN LAKEVIEW FARMERS MARKET LAKEVIEW OH,10.17,Debit,Food & Dining,Groceries,FREE CHECKING,,Debit Card DEBIT TRAN LAKEVIEW FARMERS MARKET LAKEVIEW OH,FALSE
12/29/2025,Fourth Street Market,Debit Card DEBIT TRAN FOURTH STREET MARKET LAKEVIEW OH,3.48,Debit,Food & Dining,Convenience,FREE CHECKING,,Debit Card DEBIT TRAN FOURTH STREET MARKET LAKEVIEW OH,FALSE
12/29/2025,Campus Corner Deli,Debit Card DEBIT TRAN CAMPUS CORNER DELI LAKEVIEW OH,4.88,Debit,Food & Dining,Convenience,FREE CHECKING,,Debit Card DEBIT TRAN CAMPUS CORNER DELI LAKEVIEW OH,FALSE
12/28/2025,Lyft *Ride Sun 1Pm,Debit Card DEBIT TRAN LYFT *RIDE SUN 1PM LAKEVIEW OH,18.29,Debit,Auto & Transport,Rideshare,FREE CHECKING,,Debit Card DEBIT TRAN LYFT *RIDE SUN 1PM LAKEVIEW OH,FALSE
12/28/2025,Lakeview Transit Auth,Debit Card DEBIT TRAN LAKEVIEW TRANSIT AUTH LAKEVIEW OH,2.75,Debit,Auto & Transport,Public Transit,FREE CHECKING,,Debit Card DEBIT TRAN LAKEVIEW TRANSIT AUTH LAKEVIEW OH,FALSE
12/28/2025,Lakeview Transit Auth,Debit Card DEBIT TRAN LAKEVIEW TRANSIT AUTH LAKEVIEW OH,2.75,Debit,Auto & Transport,Public Transit,FREE CHECKING,,Debit Card DEBIT TRAN LAKEVIEW TRANSIT AUTH LAKEVIEW OH,FALSE
12/28/2025,Fourth Street Market,Debit Card DEBIT TRAN FOURTH STREET MARKET LAKEVIEW OH,6.96,Debit,Food & Dining,Convenience,FREE CHECKING,,Debit Card DEBIT TRAN FOURTH STREET MARKET LAKEVIEW OH,FALSE
12/27/2025,Vantel Fiber,Withdrawal VANTEL FIBER / TYPE: INTERNET CO: VANTEL FIBER %% ACH ECC WEB,45.00,Debit,Bills & Utilities,Internet,FREE CHECKING,,TYPE: INTERNET CO: VANTEL FIBER %% ACH ECC WEB,FALSE
12/27/2025,Chipotle,Debit Card DEBIT TRAN CHIPOTLE 2291 LAKEVIEW OH,10.59,Debit,Food & Dining,Restaurants,FREE CHECKING,,Debit Card DEBIT TRAN CHIPOTLE 2291 LAKEVIEW OH,FALSE
12/26/2025,Transfer to Venmo,Withdrawal VENMO / TYPE: PAYMENT CO: VENMO %% ACH ECC WEB,23.50,Debit,Transfer,Venmo,FREE CHECKING,,TYPE: PAYMENT CO: VENMO %% ACH ECC WEB,FALSE
12/26/2025,Trader Joe's,Debit Card DEBIT TRAN TRADER JOE'S #712 LAKEVIEW OH,31.82,Debit,Food & Dining,Groceries,FREE CHECKING,,Debit Card DEBIT TRAN TRADER JOE'S #712 LAKEVIEW OH,FALSE
12/26/2025,Lakeview County Payroll,Deposit LAKEVIEW COUNTY PAYROLL / TYPE: DIRECT DEP ID: XXXXXX4410 CO: LAKEVIEW COUNTY %% ACH ECC PPD,1970.68,Credit,Income,Paycheck,FREE CHECKING,,TYPE: DIRECT DEP ID: XXXXXX4410 CO: LAKEVIEW COUNTY %% ACH ECC PPD,FALSE
12/26/2025,Fourth Street Market,Debit Card DEBIT TRAN FOURTH STREET MARKET LAKEVIEW OH,5.35,Debit,Food & Dining,Convenience,FREE CHECKING,,Debit Card DEBIT TRAN FOURTH STREET MARKET LAKEVIEW OH,FALSE
12/26/2025,Fourth Street Market,Debit Card DEBIT TRAN FOURTH STREET MARKET LAKEVIEW OH,1.34,Debit,Food & Dining,Convenience,FREE CHECKING,,Debit Card DEBIT TRAN FOURTH STREET MARKET LAKEVIEW OH,FALSE
12/26/2025,Fourth Street Market,Debit Card DEBIT TRAN FOURTH STREET MARKET LAKEVIEW OH,3.48,Debit,Food & Dining,Convenience,FREE CHECKING,,Debit Card DEBIT TRAN FOURTH STREET MARKET LAKEVIEW OH,FALSE
12/26/2025,Elm & 9Th Convenience,Debit Card DEBIT TRAN ELM & 9TH CONVENIENCE LAKEVIEW OH,7.16,Debit,Food & Dining,Convenience,FREE CHECKING,,Debit Card DEBIT TRAN ELM & 9TH CONVENIENCE LAKEVIEW OH,FALSE
12/25/2025,Northline Gas,Withdrawal NORTHLINE GAS / TYPE: GAS BILL CO: NORTHLINE GAS %% ACH ECC CCD,27.44,Debit,Bills & Utilities,Utilities,FREE CHECKING,,TYPE: GAS BILL CO: NORTHLINE GAS %% ACH ECC CCD,FALSE
12/25/2025,Fourth Street Market,Debit Card DEBIT TRAN FOURTH STREET MARKET LAKEVIEW OH,6.96,Debit,Food & Dining,Convenience,FREE CHECKING,,Debit Card DEBIT TRAN FOURTH STREET MARKET LAKEVIEW OH,FALSE
12/24/2025,Fourth Street Market,Debit Card DEBIT TRAN FOURTH STREET MARKET LAKEVIEW OH,3.48,Debit,Food & Dining,Convenience,FREE CHECKING,,Debit Card DEBIT TRAN FOURTH STREET MARKET LAKEVIEW OH,FALSE
12/20/2025,Transfer to Venmo,Withdrawal VENMO / TYPE: PAYMENT CO: VENMO %% ACH ECC WEB,8.00,Debit,Transfer,Venmo,FREE CHECKING,,TYPE: PAYMENT CO: VENMO %% ACH ECC WEB,FALSE
12/20/2025,Lakeview Power & Light,Withdrawal LAKEVIEW PWR & LIGHT / TYPE: ELECTRIC ID: XXXXXX7002 CO: LAKEVIEW PWR LT %% ACH ECC CCD,60.85,Debit,Bills & Utilities,Utilities,FREE CHECKING,,TYPE: ELECTRIC ID: XXXXXX7002 CO: LAKEVIEW PWR LT %% ACH ECC CCD,FALSE
12/20/2025,Chipotle,Debit Card DEBIT TRAN CHIPOTLE 2291 LAKEVIEW OH,14.37,Debit,Food & Dining,Restaurants,FREE CHECKING,,Debit Card DEBIT TRAN CHIPOTLE 2291 LAKEVIEW OH,FALSE
12/19/2025,Wendy's,Debit Card DEBIT TRAN WENDY'S #4471 LAKEVIEW OH,8.43,Debit,Food & Dining,Restaurants,FREE CHECKING,,Debit Card DEBIT TRAN WENDY'S #4471 LAKEVIEW OH,FALSE
12/19/2025,Elm & 9Th Convenience,Debit Card DEBIT TRAN ELM & 9TH CONVENIENCE LAKEVIEW OH,3.01,Debit,Food & Dining,Convenience,FREE CHECKING,,Debit Card DEBIT TRAN ELM & 9TH CONVENIENCE LAKEVIEW OH,FALSE
12/19/2025,Cafe Lumen,Debit Card DEBIT TRAN CAFE LUMEN LAKEVIEW OH,6.04,Debit,Food & Dining,Restaurants,FREE CHECKING,,Debit Card DEBIT TRAN CAFE LUMEN LAKEVIEW OH,FALSE
12/18/2025,Starbucks,Debit Card DEBIT TRAN STARBUCKS #22910 LAKEVIEW OH,6.45,Debit,Food & Dining,Restaurants,FREE CHECKING,,Debit Card DEBIT TRAN STARBUCKS #22910 LAKEVIEW OH,FALSE
12/18/2025,Riverside Quick Stop,Debit Card DEBIT TRAN RIVERSIDE QUICK STOP LAKEVIEW OH,5.95,Debit,Food & Dining,Convenience,FREE CHECKING,,Debit Card DEBIT TRAN RIVERSIDE QUICK STOP LAKEVIEW OH,FALSE
12/18/2025,Lakeview Parking,Debit Card DEBIT TRAN LAKEVIEW PARKING LAKEVIEW OH,9.21,Debit,Auto & Transport,Rideshare,FREE CHECKING,,Debit Card DEBIT TRAN LAKEVIEW PARKING LAKEVIEW OH,FALSE
12/18/2025,Golden Wok,Debit Card DEBIT TRAN GOLDEN WOK LAKEVIEW OH,15.44,Debit,Food & Dining,Restaurants,FREE CHECKING,,Debit Card DEBIT TRAN GOLDEN WOK LAKEVIEW OH,FALSE
12/17/2025,Riverside Quick Stop,Debit Card DEBIT TRAN RIVERSIDE QUICK STOP LAKEVIEW OH,6.79,Debit,Food & Dining,Convenience,FREE CHECKING,,Debit Card DEBIT TRAN RIVERSIDE QUICK STOP LAKEVIEW OH,FALSE
12/16/2025,Granite State Servicing,Withdrawal GRANITE STATE SERVICING / TYPE: STUDENT LN ID: XXXXXX2007 CO: GRANITE STATE SVC %% ACH ECC PPD,78.20,Debit,Education,Student Loan,FREE CHECKING,,TYPE: STUDENT LN ID: XXXXXX2007 CO: GRANITE STATE SVC %% ACH ECC PPD,FALSE
12/16/2025,Fourth Street Market,Debit Card DEBIT TRAN FOURTH STREET MARKET LAKEVIEW OH,5.35,Debit,Food & Dining,Convenience,FREE CHECKING,,Debit Card DEBIT TRAN FOURTH STREET MARKET LAKEVIEW OH,FALSE
12/16/2025,Chase Credit Card,Withdrawal CHASE CREDIT CRD / TYPE: AUTOPAY ID: XXXXXX4417 CO: CHASE CREDIT CRD %% ACH ECC WEB,267.47,Debit,Transfer,Credit Card Payment,FREE CHECKING,,TYPE: AUTOPAY ID: XXXXXX4417 CO: CHASE CREDIT CRD %% ACH ECC WEB,FALSE
12/15/2025,Fourth Street Market,Debit Card DEBIT TRAN FOURTH STREET MARKET LAKEVIEW OH,3.48,Debit,Food & Dining,Convenience,FREE CHECKING,,Debit Card DEBIT TRAN FOURTH STREET MARKET LAKEVIEW OH,FALSE
12/15/2025,Blue Line Snacks,Debit Card DEBIT TRAN BLUE LINE SNACKS LAKEVIEW OH,5.30,Debit,Food & Dining,Convenience,FREE CHECKING,,Debit Card DEBIT TRAN BLUE LINE SNACKS LAKEVIEW OH,FALSE
12/14/2025,Starbucks,Debit Card DEBIT TRAN STARBUCKS #22910 LAKEVIEW OH,5.15,Debit,Food & Dining,Restaurants,FREE CHECKING,,Debit Card DEBIT TRAN STARBUCKS #22910 LAKEVIEW OH,FALSE
12/14/2025,Starbucks,Debit Card DEBIT TRAN STARBUCKS #22910 LAKEVIEW OH,5.64,Debit,Food & Dining,Restaurants,FREE CHECKING,,Debit Card DEBIT TRAN STARBUCKS #22910 LAKEVIEW OH,FALSE
12/13/2025,Sunrise Bodega,Debit Card DEBIT TRAN SUNRISE BODEGA LAKEVIEW OH,8.73,Debit,Food & Dining,Convenience,FREE CHECKING,,Debit Card DEBIT TRAN SUNRISE BODEGA LAKEVIEW OH,FALSE
12/13/2025,Starbucks,Debit Card DEBIT TRAN STARBUCKS #22910 LAKEVIEW OH,4.69,Debit,Food & Dining,Restaurants,FREE CHECKING,,Debit Card DEBIT TRAN STARBUCKS #22910 LAKEVIEW OH,FALSE
12/13/2025,Aldi,Debit Card DEBIT TRAN ALDI 71034 LAKEVIEW OH,25.10,Debit,Food & Dining,Groceries,FREE CHECKING,,Debit Card DEBIT TRAN ALDI 71034 LAKEVIEW OH,FALSE
12/12/2025,Lakeview County Payroll,Deposit LAKEVIEW COUNTY PAYROLL / TYPE: DIRECT DEP ID: XXXXXX4410 CO: LAKEVIEW COUNTY %% ACH ECC PPD,1970.68,Credit,Income,Paycheck,FREE CHECKING,,TYPE: DIRECT DEP ID: XXXXXX4410 CO: LAKEVIEW COUNTY %% ACH ECC PPD,FALSE
12/11/2025,Fourth Street Market,Debit Card DEBIT TRAN FOURTH STREET MARKET LAKEVIEW OH,6.69,Debit,Food & Dining,Convenience,FREE CHECKING,,Debit Card DEBIT TRAN FOURTH STREET MARKET LAKEVIEW OH,FALSE
12/10/2025,Riverside Quick Stop,Debit Card DEBIT TRAN RIVERSIDE QUICK STOP LAKEVIEW OH,2.84,Debit,Food & Dining,Convenience,FREE CHECKING,,Debit Card DEBIT TRAN RIVERSIDE QUICK STOP LAKEVIEW OH,FALSE
12/09/2025,Riverside Quick Stop,Debit Card DEBIT TRAN RIVERSIDE QUICK STOP LAKEVIEW OH,4.01,Debit,Food & Dining,Convenience,FREE CHECKING,,Debit Card DEBIT TRAN RIVERSIDE QUICK STOP LAKEVIEW OH,FALSE
12/09/2025,Fourth Street Market,Debit Card DEBIT TRAN FOURTH STREET MARKET LAKEVIEW OH,3.48,Debit,Food & Dining,Convenience,FREE CHECKING,,Debit Card DEBIT TRAN FOURTH STREET MARKET LAKEVIEW OH,FALSE
12/08/2025,Riverside Quick Stop,Debit Card DEBIT TRAN RIVERSIDE QUICK STOP LAKEVIEW OH,6.25,Debit,Food & Dining,Convenience,FREE CHECKING,,Debit Card DEBIT TRAN RIVERSIDE QUICK STOP LAKEVIEW OH,FALSE
12/08/2025,Riverside Quick Stop,Debit Card DEBIT TRAN RIVERSIDE QUICK STOP LAKEVIEW OH,7.27,Debit,Food & Dining,Convenience,FREE CHECKING,,Debit Card DEBIT TRAN RIVERSIDE QUICK STOP LAKEVIEW OH,FALSE
12/07/2025,Riverside Quick Stop,Debit Card DEBIT TRAN RIVERSIDE QUICK STOP LAKEVIEW OH,3.39,Debit,Food & Dining,Convenience,FREE CHECKING,,Debit Card DEBIT TRAN RIVERSIDE QUICK STOP LAKEVIEW OH,FALSE
12/07/2025,Panera Bread,Debit Card DEBIT TRAN PANERA BREAD #601442 LAKEVIEW OH,9.16,Debit,Food & Dining,Restaurants,FREE CHECKING,,Debit Card DEBIT TRAN PANERA BREAD #601442 LAKEVIEW OH,FALSE
12/07/2025,Fourth Street Market,Debit Card DEBIT TRAN FOURTH STREET MARKET LAKEVIEW OH,5.35,Debit,Food & Dining,Convenience,FREE CHECKING,,Debit Card DEBIT TRAN FOURTH STREET MARKET LAKEVIEW OH,FALSE
12/07/2025,Elm & 9Th Convenience,Debit Card DEBIT TRAN ELM & 9TH CONVENIENCE LAKEVIEW OH,7.91,Debit,Food & Dining,Convenience,FREE CHECKING,,Debit Card DEBIT TRAN ELM & 9TH CONVENIENCE LAKEVIEW OH,FALSE
12/07/2025,Chase Credit Card,Withdrawal CHASE CREDIT CRD / TYPE: AUTOPAY ID: XXXXXX8802 CO: CHASE CREDIT CRD %% ACH ECC WEB,613.77,Debit,Transfer,Credit Card Payment,FREE CHECKING,,TYPE: AUTOPAY ID: XXXXXX8802 CO: CHASE CREDIT CRD %% ACH ECC WEB,FALSE
12/06/2025,Vanguard Buy,Withdrawal VANGUARD BUY / TYPE: INVESTMENT CO: VMC %% ACH ECC WEB,1000.00,Debit,Investments,Investment,SHARE SAVINGS,,TYPE: INVESTMENT CO: VMC %% ACH ECC WEB,FALSE
12/06/2025,Riverside Quick Stop,Debit Card DEBIT TRAN RIVERSIDE QUICK STOP LAKEVIEW OH,2.19,Debit,Food & Dining,Convenience,FREE CHECKING,,Debit Card DEBIT TRAN RIVERSIDE QUICK STOP LAKEVIEW OH,FALSE
12/06/2025,Bandcamp,Debit Card DEBIT TRAN BANDCAMP LAKEVIEW OH,6.12,Debit,Entertainment,Movies & Music,FREE CHECKING,,Debit Card DEBIT TRAN BANDCAMP LAKEVIEW OH,FALSE
12/05/2025,Zelle to Linda Morgan,Withdrawal ZELLE TO LINDA MORGAN / TYPE: P2P CO: ZELLE %% ACH ECC WEB,240.00,Debit,Transfer,Zelle,FREE CHECKING,,TYPE: P2P CO: ZELLE %% ACH ECC WEB,FALSE
12/05/2025,LaundryCard Reload,Withdrawal LAUNDRYCARD RELOAD / TYPE: PURCHASE CO: LAUNDRYCARD,16.00,Debit,Home,Laundry,FREE CHECKING,,TYPE: PURCHASE CO: LAUNDRYCARD,FALSE
12/05/2025,Fourth Street Market,Debit Card DEBIT TRAN FOURTH STREET MARKET LAKEVIEW OH,3.48,Debit,Food & Dining,Convenience,FREE CHECKING,,Debit Card DEBIT TRAN FOURTH STREET MARKET LAKEVIEW OH,FALSE
12/05/2025,Fourth Street Market,Debit Card DEBIT TRAN FOURTH STREET MARKET LAKEVIEW OH,5.35,Debit,Food & Dining,Convenience,FREE CHECKING,,Debit Card DEBIT TRAN FOURTH STREET MARKET LAKEVIEW OH,FALSE
12/05/2025,Fourth Street Market,Debit Card DEBIT TRAN FOURTH STREET MARKET LAKEVIEW OH,3.48,Debit,Food & Dining,Convenience,FREE CHECKING,,Debit Card DEBIT TRAN FOURTH STREET MARKET LAKEVIEW OH,FALSE
12/05/2025,Blue Line Snacks,Debit Card DEBIT TRAN BLUE LINE SNACKS LAKEVIEW OH,2.98,Debit,Food & Dining,Convenience,FREE CHECKING,,Debit Card DEBIT TRAN BLUE LINE SNACKS LAKEVIEW OH,FALSE
12/04/2025,Wendy's,Debit Card DEBIT TRAN WENDY'S #4471 LAKEVIEW OH,6.62,Debit,Food & Dining,Restaurants,FREE CHECKING,,Debit Card DEBIT TRAN WENDY'S #4471 LAKEVIEW OH,FALSE
12/04/2025,Sunrise Bodega,Debit Card DEBIT TRAN SUNRISE BODEGA LAKEVIEW OH,8.31,Debit,Food & Dining,Convenience,FREE CHECKING,,Debit Card DEBIT TRAN SUNRISE BODEGA LAKEVIEW OH,FALSE
12/04/2025,Riverside Quick Stop,Debit Card DEBIT TRAN RIVERSIDE QUICK STOP LAKEVIEW OH,6.37,Debit,Food & Dining,Convenience,FREE CHECKING,,Debit Card DEBIT TRAN RIVERSIDE QUICK STOP LAKEVIEW OH,FALSE
12/04/2025,Elm & 9Th Convenience,Debit Card DEBIT TRAN ELM & 9TH CONVENIENCE LAKEVIEW OH,6.40,Debit,Food & Dining,Convenience,FREE CHECKING,,Debit Card DEBIT TRAN ELM & 9TH CONVENIENCE LAKEVIEW OH,FALSE
12/03/2025,Kroger,Debit Card DEBIT TRAN KROGER #445 LAKEVIEW OH,29.61,Debit,Food & Dining,Groceries,FREE CHECKING,,Debit Card DEBIT TRAN KROGER #445 LAKEVIEW OH,FALSE
12/03/2025,Fourth Street Market,Debit Card DEBIT TRAN FOURTH STREET MARKET LAKEVIEW OH,1.87,Debit,Food & Dining,Convenience,FREE CHECKING,,Debit Card DEBIT TRAN FOURTH STREET MARKET LAKEVIEW OH,FALSE
12/03/2025,Elm & 9Th Convenience,Debit Card DEBIT TRAN ELM & 9TH CONVENIENCE LAKEVIEW OH,5.60,Debit,Food & Dining,Convenience,FREE CHECKING,,Debit Card DEBIT TRAN ELM & 9TH CONVENIENCE LAKEVIEW OH,FALSE
12/02/2025,Riverside Cinema,Debit Card DEBIT TRAN RIVERSIDE CINEMA LAKEVIEW OH,18.32,Debit,Entertainment,Movies & Music,FREE CHECKING,,Debit Card DEBIT TRAN RIVERSIDE CINEMA LAKEVIEW OH,FALSE
12/02/2025,Fourth Street Market,Debit Card DEBIT TRAN FOURTH STREET MARKET LAKEVIEW OH,5.35,Debit,Food & Dining,Convenience,FREE CHECKING,,Debit Card DEBIT TRAN FOURTH STREET MARKET LAKEVIEW OH,FALSE
12/01/2025,Riverside Quick Stop,Debit Card DEBIT TRAN RIVERSIDE QUICK STOP LAKEVIEW OH,3.18,Debit,Food & Dining,Convenience,FREE CHECKING,,Debit Card DEBIT TRAN RIVERSIDE QUICK STOP LAKEVIEW OH,FALSE
12/01/2025,Havenbrook Residential,Withdrawal HAVENBROOK RESIDENTIAL / TYPE: RENT ID: XXXXXX2210 CO: HAVENBROOK RES %% ACH ECC PPD,1285.00,Debit,Home,Rent,FREE CHECKING,,TYPE: RENT ID: XXXXXX2210 CO: HAVENBROOK RES %% ACH ECC PPD,FALSE
11/30/2025,Walgreens,Debit Card DEBIT TRAN WALGREENS #3310 LAKEVIEW OH,9.53,Debit,Health & Fitness,Pharmacy,FREE CHECKING,,Debit Card DEBIT TRAN WALGREENS #3310 LAKEVIEW OH,FALSE
11/30/2025,Transfer to Venmo,Withdrawal VENMO / TYPE: PAYMENT CO: VENMO %% ACH ECC WEB,6.00,Debit,Transfer,Venmo,FREE CHECKING,,TYPE: PAYMENT CO: VENMO %% ACH ECC WEB,FALSE
11/30/2025,Transfer from Account 0072,Transfer from Share 0072,750.00,Credit,Transfer,Transfer,SHARE SAVINGS,,Transfer from Share 0072,FALSE
11/30/2025,Transfer To Share,Transfer To Share 0001,750.00,Debit,Transfer,Transfer,FREE CHECKING,,Transfer To Share 0001,FALSE
11/30/2025,Riverside Quick Stop,Debit Card DEBIT TRAN RIVERSIDE QUICK STOP LAKEVIEW OH,5.06,Debit,Food & Dining,Convenience,FREE CHECKING,,Debit Card DEBIT TRAN RIVERSIDE QUICK STOP LAKEVIEW OH,FALSE
11/29/2025,Trader Joe's,Debit Card DEBIT TRAN TRADER JOE'S #712 LAKEVIEW OH,34.37,Debit,Food & Dining,Groceries,FREE CHECKING,,Debit Card DEBIT TRAN TRADER JOE'S #712 LAKEVIEW OH,FALSE
11/29/2025,Lakeview Farmers Market,Debit Card DEBIT TRAN LAKEVIEW FARMERS MARKET LAKEVIEW OH,16.28,Debit,Food & Dining,Groceries,FREE CHECKING,,Debit Card DEBIT TRAN LAKEVIEW FARMERS MARKET LAKEVIEW OH,FALSE
11/29/2025,Kroger,Debit Card DEBIT TRAN KROGER #445 LAKEVIEW OH,29.31,Debit,Food & Dining,Groceries,FREE CHECKING,,Debit Card DEBIT TRAN KROGER #445 LAKEVIEW OH,FALSE
11/29/2025,Campus Corner Deli,Debit Card DEBIT TRAN CAMPUS CORNER DELI LAKEVIEW OH,4.70,Debit,Food & Dining,Convenience,FREE CHECKING,,Debit Card DEBIT TRAN CAMPUS CORNER DELI LAKEVIEW OH,FALSE
11/29/2025,Amc Theatres,Debit Card DEBIT TRAN AMC THEATRES #2255 LAKEVIEW OH,15.11,Debit,Entertainment,Movies & Music,FREE CHECKING,,Debit Card DEBIT TRAN AMC THEATRES #2255 LAKEVIEW OH,FALSE
11/28/2025,Lakeview County Payroll,Deposit LAKEVIEW COUNTY PAYROLL / TYPE: DIRECT DEP ID: XXXXXX4410 CO: LAKEVIEW COUNTY %% ACH ECC PPD,1970.68,Credit,Income,Paycheck,FREE CHECKING,,TYPE: DIRECT DEP ID: XXXXXX4410 CO: LAKEVIEW COUNTY %% ACH ECC PPD,FALSE
11/27/2025,Vantel Fiber,Withdrawal VANTEL FIBER / TYPE: INTERNET CO: VANTEL FIBER %% ACH ECC WEB,45.00,Debit,Bills & Utilities,Internet,FREE CHECKING,,TYPE: INTERNET CO: VANTEL FIBER %% ACH ECC WEB,FALSE
11/27/2025,Panera Bread,Debit Card DEBIT TRAN PANERA BREAD #601442 LAKEVIEW OH,9.78,Debit,Food & Dining,Restaurants,FREE CHECKING,,Debit Card DEBIT TRAN PANERA BREAD #601442 LAKEVIEW OH,FALSE
11/27/2025,Golden Wok,Debit Card DEBIT TRAN GOLDEN WOK LAKEVIEW OH,13.99,Debit,Food & Dining,Restaurants,FREE CHECKING,,Debit Card DEBIT TRAN GOLDEN WOK LAKEVIEW OH,FALSE
11/27/2025,Fourth Street Market,Debit Card DEBIT TRAN FOURTH STREET MARKET LAKEVIEW OH,1.87,Debit,Food & Dining,Convenience,FREE CHECKING,,Debit Card DEBIT TRAN FOURTH STREET MARKET LAKEVIEW OH,FALSE
11/25/2025,Northline Gas,Withdrawal NORTHLINE GAS / TYPE: GAS BILL CO: NORTHLINE GAS %% ACH ECC CCD,25.12,Debit,Bills & Utilities,Utilities,FREE CHECKING,,TYPE: GAS BILL CO: NORTHLINE GAS %% ACH ECC CCD,FALSE
11/24/2025,Riverside Quick Stop,Debit Card DEBIT TRAN RIVERSIDE QUICK STOP LAKEVIEW OH,6.95,Debit,Food & Dining,Convenience,FREE CHECKING,,Debit Card DEBIT TRAN RIVERSIDE QUICK STOP LAKEVIEW OH,FALSE
11/24/2025,Discover Card Payment,Withdrawal DISCOVER / TYPE: E-PAYMENT CO: DISCOVER %% ACH ECC WEB,96.40,Debit,Transfer,Credit Card Payment,FREE CHECKING,,TYPE: E-PAYMENT CO: DISCOVER %% ACH ECC WEB,FALSE
11/23/2025,Lakeview Gas & Go,Debit Card DEBIT TRAN LAKEVIEW GAS & GO LAKEVIEW OH,3.01,Debit,Food & Dining,Convenience,FREE CHECKING,,Debit Card DEBIT TRAN LAKEVIEW GAS & GO LAKEVIEW OH,FALSE
11/22/2025,Riverside Quick Stop,Debit Card DEBIT TRAN RIVERSIDE QUICK STOP LAKEVIEW OH,3.42,Debit,Food & Dining,Convenience,FREE CHECKING,,Debit Card DEBIT TRAN RIVERSIDE QUICK STOP LAKEVIEW OH,FALSE
11/21/2025,Kroger,Debit Card DEBIT TRAN KROGER #445 LAKEVIEW OH,41.83,Debit,Food & Dining,Groceries,FREE CHECKING,,Debit Card DEBIT TRAN KROGER #445 LAKEVIEW OH,FALSE
11/20/2025,Lakeview Power & Light,Withdrawal LAKEVIEW PWR & LIGHT / TYPE: ELECTRIC ID: XXXXXX7002 CO: LAKEVIEW PWR LT %% ACH ECC CCD,69.29,Debit,Bills & Utilities,Utilities,FREE CHECKING,,TYPE: ELECTRIC ID: XXXXXX7002 CO: LAKEVIEW PWR LT %% ACH ECC CCD,FALSE
11/19/2025,Transfer to Venmo,Withdrawal VENMO / TYPE: PAYMENT CO: VENMO %% ACH ECC WEB,23.50,Debit,Transfer,Venmo,FREE CHECKING,,TYPE: PAYMENT CO: VENMO %% ACH ECC WEB,FALSE
11/19/2025,Lakeview Parking,Debit Card DEBIT TRAN LAKEVIEW PARKING LAKEVIEW OH,8.21,Debit,Auto & Transport,Rideshare,FREE CHECKING,,Debit Card DEBIT TRAN LAKEVIEW PARKING LAKEVIEW OH,FALSE
11/19/2025,Kroger,Debit Card DEBIT TRAN KROGER #445 LAKEVIEW OH,27.86,Debit,Food & Dining,Groceries,FREE CHECKING,,Debit Card DEBIT TRAN KROGER #445 LAKEVIEW OH,FALSE
11/18/2025,Starbucks,Debit Card DEBIT TRAN STARBUCKS #22910 LAKEVIEW OH,6.54,Debit,Food & Dining,Restaurants,FREE CHECKING,,Debit Card DEBIT TRAN STARBUCKS #22910 LAKEVIEW OH,FALSE
11/17/2025,Fourth Street Market,Debit Card DEBIT TRAN FOURTH STREET MARKET LAKEVIEW OH,5.35,Debit,Food & Dining,Convenience,FREE CHECKING,,Debit Card DEBIT TRAN FOURTH STREET MARKET LAKEVIEW OH,FALSE
11/16/2025,Kroger,Debit Card DEBIT TRAN KROGER #445 LAKEVIEW OH,47.54,Debit,Food & Dining,Groceries,FREE CHECKING,,Debit Card DEBIT TRAN KROGER #445 LAKEVIEW OH,FALSE
11/16/2025,Granite State Servicing,Withdrawal GRANITE STATE SERVICING / TYPE: STUDENT LN ID: XXXXXX2007 CO: GRANITE STATE SVC %% ACH ECC PPD,78.20,Debit,Education,Student Loan,FREE CHECKING,,TYPE: STUDENT LN ID: XXXXXX2007 CO: GRANITE STATE SVC %% ACH ECC PPD,FALSE
11/16/2025,Chase Credit Card,Withdrawal CHASE CREDIT CRD / TYPE: AUTOPAY ID: XXXXXX4417 CO: CHASE CREDIT CRD %% ACH ECC WEB,390.23,Debit,Transfer,Credit Card Payment,FREE CHECKING,,TYPE: AUTOPAY ID: XXXXXX4417 CO: CHASE CREDIT CRD %% ACH ECC WEB,FALSE
11/16/2025,Bandcamp,Debit Card DEBIT TRAN BANDCAMP LAKEVIEW OH,8.11,Debit,Entertainment,Movies & Music,FREE CHECKING,,Debit Card DEBIT TRAN BANDCAMP LAKEVIEW OH,FALSE
11/14/2025,Lakeview Parking,Debit Card DEBIT TRAN LAKEVIEW PARKING LAKEVIEW OH,6.23,Debit,Auto & Transport,Rideshare,FREE CHECKING,,Debit Card DEBIT TRAN LAKEVIEW PARKING LAKEVIEW OH,FALSE
11/14/2025,Lakeview County Payroll,Deposit LAKEVIEW COUNTY PAYROLL / TYPE: DIRECT DEP ID: XXXXXX4410 CO: LAKEVIEW COUNTY %% ACH ECC PPD,1970.68,Credit,Income,Paycheck,FREE CHECKING,,TYPE: DIRECT DEP ID: XXXXXX4410 CO: LAKEVIEW COUNTY %% ACH ECC PPD,FALSE
11/13/2025,Fourth Street Market,Debit Card DEBIT TRAN FOURTH STREET MARKET LAKEVIEW OH,3.48,Debit,Food & Dining,Convenience,FREE CHECKING,,Debit Card DEBIT TRAN FOURTH STREET MARKET LAKEVIEW OH,FALSE
11/12/2025,Lakeview Transit Auth,Debit Card DEBIT TRAN LAKEVIEW TRANSIT AUTH LAKEVIEW OH,2.75,Debit,Auto & Transport,Public Transit,FREE CHECKING,,Debit Card DEBIT TRAN LAKEVIEW TRANSIT AUTH LAKEVIEW OH,FALSE
11/12/2025,Lakeview Transit Auth,Debit Card DEBIT TRAN LAKEVIEW TRANSIT AUTH LAKEVIEW OH,2.75,Debit,Auto & Transport,Public Transit,FREE CHECKING,,Debit Card DEBIT TRAN LAKEVIEW TRANSIT AUTH LAKEVIEW OH,FALSE
11/12/2025,Lakeview Parking,Debit Card DEBIT TRAN LAKEVIEW PARKING LAKEVIEW OH,9.61,Debit,Auto & Transport,Rideshare,FREE CHECKING,,Debit Card DEBIT TRAN LAKEVIEW PARKING LAKEVIEW OH,FALSE
11/12/2025,Cvs/Pharmacy,Debit Card DEBIT TRAN CVS/PHARMACY #8812 LAKEVIEW OH,19.16,Debit,Health & Fitness,Pharmacy,FREE CHECKING,,Debit Card DEBIT TRAN CVS/PHARMACY #8812 LAKEVIEW OH,FALSE
11/11/2025,Northgate Express Mart,Debit Card DEBIT TRAN NORTHGATE EXPRESS MART LAKEVIEW OH,7.08,Debit,Food & Dining,Convenience,FREE CHECKING,,Debit Card DEBIT TRAN NORTHGATE EXPRESS MART LAKEVIEW OH,FALSE
11/11/2025,Kroger,Debit Card DEBIT TRAN KROGER #445 LAKEVIEW OH,47.13,Debit,Food & Dining,Groceries,FREE CHECKING,,Debit Card DEBIT TRAN KROGER #445 LAKEVIEW OH,FALSE
11/11/2025,Fourth Street Market,Debit Card DEBIT TRAN FOURTH STREET MARKET LAKEVIEW OH,3.48,Debit,Food & Dining,Convenience,FREE CHECKING,,Debit Card DEBIT TRAN FOURTH STREET MARKET LAKEVIEW OH,FALSE
11/09/2025,Target,Debit Card DEBIT TRAN TARGET 00028215 LAKEVIEW OH,55.12,Debit,Shopping,General Merchandise,FREE CHECKING,,Debit Card DEBIT TRAN TARGET 00028215 LAKEVIEW OH,FALSE
11/09/2025,Fourth Street Market,Debit Card DEBIT TRAN FOURTH STREET MARKET LAKEVIEW OH,3.48,Debit,Food & Dining,Convenience,FREE CHECKING,,Debit Card DEBIT TRAN FOURTH STREET MARKET LAKEVIEW OH,FALSE
11/08/2025,Fourth Street Market,Debit Card DEBIT TRAN FOURTH STREET MARKET LAKEVIEW OH,3.48,Debit,Food & Dining,Convenience,FREE CHECKING,,Debit Card DEBIT TRAN FOURTH STREET MARKET LAKEVIEW OH,FALSE
11/08/2025,Fourth Street Market,Debit Card DEBIT TRAN FOURTH STREET MARKET LAKEVIEW OH,1.61,Debit,Food & Dining,Convenience,FREE CHECKING,,Debit Card DEBIT TRAN FOURTH STREET MARKET LAKEVIEW OH,FALSE
11/07/2025,Fourth Street Market,Debit Card DEBIT TRAN FOURTH STREET MARKET LAKEVIEW OH,3.48,Debit,Food & Dining,Convenience,FREE CHECKING,,Debit Card DEBIT TRAN FOURTH STREET MARKET LAKEVIEW OH,FALSE
11/07/2025,Chase Credit Card,Withdrawal CHASE CREDIT CRD / TYPE: AUTOPAY ID: XXXXXX8802 CO: CHASE CREDIT CRD %% ACH ECC WEB,156.14,Debit,Transfer,Credit Card Payment,FREE CHECKING,,TYPE: AUTOPAY ID: XXXXXX8802 CO: CHASE CREDIT CRD %% ACH ECC WEB,FALSE
11/06/2025,Vanguard Buy,Withdrawal VANGUARD BUY / TYPE: INVESTMENT CO: VMC %% ACH ECC WEB,1200.00,Debit,Investments,Investment,SHARE SAVINGS,,TYPE: INVESTMENT CO: VMC %% ACH ECC WEB,FALSE
11/05/2025,Zelle to Linda Morgan,Withdrawal ZELLE TO LINDA MORGAN / TYPE: P2P CO: ZELLE %% ACH ECC WEB,120.00,Debit,Transfer,Zelle,FREE CHECKING,,TYPE: P2P CO: ZELLE %% ACH ECC WEB,FALSE
11/05/2025,Riverside Quick Stop,Debit Card DEBIT TRAN RIVERSIDE QUICK STOP LAKEVIEW OH,6.60,Debit,Food & Dining,Convenience,FREE CHECKING,,Debit Card DEBIT TRAN RIVERSIDE QUICK STOP LAKEVIEW OH,FALSE
11/05/2025,LaundryCard Reload,Withdrawal LAUNDRYCARD RELOAD / TYPE: PURCHASE CO: LAUNDRYCARD,16.00,Debit,Home,Laundry,FREE CHECKING,,TYPE: PURCHASE CO: LAUNDRYCARD,FALSE
11/05/2025,Kroger,Debit Card DEBIT TRAN KROGER #445 LAKEVIEW OH,45.67,Debit,Food & Dining,Groceries,FREE CHECKING,,Debit Card DEBIT TRAN KROGER #445 LAKEVIEW OH,FALSE
11/05/2025,Fourth Street Market,Debit Card DEBIT TRAN FOURTH STREET MARKET LAKEVIEW OH,3.48,Debit,Food & Dining,Convenience,FREE CHECKING,,Debit Card DEBIT TRAN FOURTH STREET MARKET LAKEVIEW OH,FALSE
11/04/2025,Riverside Quick Stop,Debit Card DEBIT TRAN RIVERSIDE QUICK STOP LAKEVIEW OH,3.22,Debit,Food & Dining,Convenience,FREE CHECKING,,Debit Card DEBIT TRAN RIVERSIDE QUICK STOP LAKEVIEW OH,FALSE
11/04/2025,Fourth Street Market,Debit Card DEBIT TRAN FOURTH STREET MARKET LAKEVIEW OH,3.48,Debit,Food & Dining,Convenience,FREE CHECKING,,Debit Card DEBIT TRAN FOURTH STREET MARKET LAKEVIEW OH,FALSE
11/03/2025,Sunfire Taqueria,Debit Card DEBIT TRAN SUNFIRE TAQUERIA LAKEVIEW OH,17.82,Debit,Food & Dining,Restaurants,FREE CHECKING,,Debit Card DEBIT TRAN SUNFIRE TAQUERIA LAKEVIEW OH,FALSE
11/02/2025,Cafe Lumen,Debit Card DEBIT TRAN CAFE LUMEN LAKEVIEW OH,6.77,Debit,Food & Dining,Restaurants,FREE CHECKING,,Debit Card DEBIT TRAN CAFE LUMEN LAKEVIEW OH,FALSE
11/01/2025,Riverside Quick Stop,Debit Card DEBIT TRAN RIVERSIDE QUICK STOP LAKEVIEW OH,6.78,Debit,Food & Dining,Convenience,FREE CHECKING,,Debit Card DEBIT TRAN RIVERSIDE QUICK STOP LAKEVIEW OH,FALSE
11/01/2025,Havenbrook Residential,Withdrawal HAVENBROOK RESIDENTIAL / TYPE: RENT ID: XXXXXX2210 CO: HAVENBROOK RES %% ACH ECC PPD,1285.00,Debit,Home,Rent,FREE CHECKING,,TYPE: RENT ID: XXXXXX2210 CO: HAVENBROOK RES %% ACH ECC PPD,FALSE
11/01/2025,Fourth Street Market,Debit Card DEBIT TRAN FOURTH STREET MARKET LAKEVIEW OH,3.48,Debit,Food & Dining,Convenience,FREE CHECKING,,Debit Card DEBIT TRAN FOURTH STREET MARKET LAKEVIEW OH,FALSE
